name,age,position,salary
Mega Setiawan,28,Sales Executive,33558832
Vina Wibowo,38,Data Analyst,19723722
Budi Rahayu,55,HR Staff,43459001
Lestari Halim,33,QA Engineer,22166149
Siti Saputra,30,Accountant,38571012
Joko Saputra,54,Accountant,38987740
Nur Wibowo,38,Sales Executive,30972871
Indra Wijaya,45,UI/UX Designer,41614489
Qori Kusuma,50,Office Administrator,30795619
Joko Suryani,28,Customer Support,8202327
Gita Nugroho,28,UI/UX Designer,27856840
Hadi Firmansyah,50,UI/UX Designer,15409483
Mega Firmansyah,47,Data Analyst,16272829
Qori Setiawan,40,Operations Manager,17754220
Fitri Santoso,23,UI/UX Designer,38204577
Fitri Suryani,46,Software Engineer,43731641
Andi Gunawan,55,Data Analyst,19041252
Budi Pratama,20,Operations Manager,11367050
Lestari Firmansyah,52,Software Engineer,34738854
Lestari Santoso,58,Product Manager,6805749
Indra Gunawan,58,Product Manager,18406084
Oki Pratama,58,Office Administrator,10085720
Fitri Rahayu,18,QA Engineer,38412696
Rina Wijaya,52,UI/UX Designer,43205177
Oki Pratama,27,Sales Executive,21147213
Nur Gunawan,19,Product Manager,31157426
Indra Nugroho,36,Operations Manager,6697683
Joko Kusuma,29,Software Engineer,13689221
Fitri Rahayu,25,QA Engineer,24025473
Wati Saputra,38,Marketing Specialist,26739018
Rina Rahayu,50,Accountant,28448063
Dewi Pratama,36,QA Engineer,12513364
Nur Pratama,43,Customer Support,43569834
Wati Gunawan,59,UI/UX Designer,24891024
Fitri Santoso,39,Software Engineer,22174728
Mega Santoso,53,Marketing Specialist,10863554
Qori Wibowo,40,Data Analyst,23613981
Vina Nugroho,54,Product Manager,30765558
Citra Wijaya,59,UI/UX Designer,7978442
Qori Gunawan,43,Accountant,8830028
Mega Pratama,35,Operations Manager,40137421
Tono Setiawan,48,Software Engineer,24050083
Budi Firmansyah,54,UI/UX Designer,12888202
Zaki Rahayu,55,Software Engineer,44461908
Zaki Nugroho,54,Data Analyst,26763570
Wati Saputra,50,Sales Executive,39766767
Fitri Santoso,59,Marketing Specialist,26111270
Gita Pratama,57,Customer Support,21010137
Andi Suryani,56,HR Staff,25395299
Kiki Hidayat,36,UI/UX Designer,7542492
Yanto Rahayu,20,UI/UX Designer,11892528
Citra Setiawan,19,Marketing Specialist,33849609
Nur Nugroho,38,Marketing Specialist,13384855
Gita Kusuma,18,Customer Support,10629827
Yanto Rahayu,48,Data Analyst,20031354
Gita Rahayu,56,Product Manager,31126526
Oki Saputra,42,HR Staff,28847856
Andi Gunawan,37,Product Manager,33010319
Lestari Nugroho,39,Software Engineer,18605182
Siti Wijaya,38,Data Analyst,6642641
Nur Wibowo,54,Product Manager,19099070
Qori Santoso,42,Office Administrator,44531027
Hadi Wijaya,59,Sales Executive,15379031
Zaki Kusuma,30,Accountant,10941196
Umar Wibowo,58,Marketing Specialist,40316449
Budi Wijaya,55,Product Manager,22987609
Eka Nugroho,30,Operations Manager,29374375
Mega Nugroho,58,Office Administrator,44583059
Andi Hidayat,39,Software Engineer,26133884
Vina Setiawan,33,Marketing Specialist,20757615
Fitri Gunawan,18,UI/UX Designer,30390382
Citra Suryani,49,UI/UX Designer,20060870
Hadi Pratama,53,HR Staff,36213397
Joko Halim,29,Customer Support,44425629
Fitri Halim,39,Software Engineer,44024764
Fitri Santoso,22,QA Engineer,41966858
Vina Wibowo,29,Office Administrator,42327428
Indra Halim,31,HR Staff,19491051
Mega Setiawan,22,Sales Executive,33224953
Rina Nugroho,54,QA Engineer,31438595
Zaki Nugroho,28,HR Staff,7546342
Siti Rahayu,39,Marketing Specialist,28262868
Umar Nugroho,27,Software Engineer,32944286
Siti Hidayat,38,Marketing Specialist,13092710
Indra Nugroho,37,QA Engineer,38667245
Vina Hidayat,57,Operations Manager,16300865
Umar Wibowo,25,Marketing Specialist,23651742
Fitri Kusuma,51,Office Administrator,12779836
Qori Rahayu,43,HR Staff,17126336
Mega Nugroho,52,Accountant,42130657
Kiki Gunawan,59,Product Manager,41457516
Nur Pratama,58,UI/UX Designer,20364605
Joko Saputra,34,UI/UX Designer,38087389
Eka Setiawan,36,HR Staff,6215972
Indra Wijaya,45,Sales Executive,44761311
Vina Wijaya,37,UI/UX Designer,42677610
Citra Nugroho,32,Software Engineer,38423440
Putri Hidayat,40,HR Staff,13638967
Umar Rahayu,54,Marketing Specialist,22249087
Dewi Wijaya,52,Accountant,40201781
Joko Gunawan,45,Office Administrator,38488872
Wati Pratama,30,Operations Manager,33384293
Dewi Suryani,24,Accountant,29048417
Gita Wijaya,37,Customer Support,15395165
Oki Rahayu,28,Office Administrator,41226223
Fitri Pratama,19,Operations Manager,6385661
Siti Kusuma,31,QA Engineer,27497213
Tono Gunawan,20,Data Analyst,30145773
Indra Firmansyah,37,Customer Support,7690004
Zaki Wijaya,34,HR Staff,16575081
Oki Wibowo,31,Product Manager,42819531
Siti Gunawan,18,Sales Executive,32829542
Putri Suryani,24,Product Manager,40874930
Siti Wibowo,38,Product Manager,41370520
Rina Setiawan,51,Customer Support,23909758
Dewi Setiawan,50,Data Analyst,37449228
Dewi Wijaya,27,QA Engineer,39166151
Budi Gunawan,23,Data Analyst,23178906
Dewi Hidayat,40,Marketing Specialist,5773057
Siti Rahayu,52,Customer Support,11508532
Gita Nugroho,52,Sales Executive,4975100
Hadi Pratama,18,Office Administrator,25182263
Tono Setiawan,32,Data Analyst,28789269
Budi Santoso,33,Office Administrator,40031413
Citra Santoso,18,Marketing Specialist,9916745
Joko Setiawan,36,Software Engineer,37398447
Siti Wibowo,29,Software Engineer,33261770
Budi Hidayat,45,Sales Executive,10790994
Lestari Halim,27,Marketing Specialist,31560468
Yanto Halim,58,Sales Executive,15602926
Lestari Wijaya,34,Marketing Specialist,18174000
Lestari Hidayat,22,Office Administrator,37636466
Eka Hidayat,29,Marketing Specialist,29018352
Hadi Nugroho,56,Marketing Specialist,5952112
Citra Pratama,46,QA Engineer,29535594
Citra Suryani,26,Customer Support,17543783
Oki Wijaya,57,Customer Support,14549679
Rina Wibowo,41,Accountant,42564227
Joko Nugroho,31,Accountant,31455666
Indra Suryani,23,Customer Support,32822648
Citra Kusuma,59,Accountant,36050540
Rina Wijaya,55,QA Engineer,22133654
Siti Santoso,26,Marketing Specialist,11198402
Vina Wibowo,28,Software Engineer,18677212
Fitri Halim,37,Accountant,42416439
Umar Gunawan,59,Accountant,33976511
Dewi Wijaya,23,Operations Manager,24386587
Qori Suryani,30,Operations Manager,23309433
Gita Hidayat,23,Marketing Specialist,32817059
Rina Santoso,26,Software Engineer,4944917
Fitri Saputra,27,HR Staff,4964295
Eka Saputra,42,UI/UX Designer,33332689
Kiki Setiawan,23,Sales Executive,43949002
Wati Hidayat,56,Customer Support,4591669
Vina Nugroho,50,Product Manager,6080045
Wati Kusuma,36,Marketing Specialist,41090101
Joko Halim,18,UI/UX Designer,8040821
Andi Santoso,58,Operations Manager,13062758
Oki Saputra,58,HR Staff,13596794
Indra Pratama,19,Data Analyst,11308583
Tono Halim,18,Product Manager,27331731
Zaki Gunawan,32,Operations Manager,22178536
Gita Hidayat,38,QA Engineer,42724500
Vina Wibowo,42,Operations Manager,13006059
Wati Hidayat,31,UI/UX Designer,11798954
Putri Halim,43,Product Manager,35561697
Putri Rahayu,41,UI/UX Designer,41011449
Gita Nugroho,51,Office Administrator,9281932
Joko Kusuma,20,Customer Support,39592650
Oki Gunawan,45,Data Analyst,39221052
Gita Suryani,58,Software Engineer,6778770
Qori Firmansyah,43,HR Staff,20946913
Qori Suryani,52,Accountant,18952248
Hadi Gunawan,19,Software Engineer,30284329
Tono Santoso,38,Customer Support,44472114
Zaki Halim,58,Operations Manager,39310577
Siti Santoso,25,Operations Manager,25642591
Oki Rahayu,25,QA Engineer,8536117
Putri Halim,52,Marketing Specialist,7119335
Lestari Gunawan,55,HR Staff,16359996
Mega Wijaya,41,Sales Executive,10493390
Kiki Gunawan,31,Software Engineer,44387062
Dewi Suryani,21,Sales Executive,37086135
Putri Santoso,59,Accountant,23630024
Hadi Gunawan,34,HR Staff,28899970
Citra Setiawan,55,QA Engineer,37644086
Citra Wibowo,44,Software Engineer,20411459
Indra Wijaya,48,HR Staff,43851084
Eka Hidayat,37,Customer Support,29823236
Lestari Gunawan,44,UI/UX Designer,15530469
Putri Santoso,34,Software Engineer,7163244
Kiki Wibowo,51,QA Engineer,30597545
Mega Rahayu,48,Customer Support,43205972
Rina Wijaya,55,Sales Executive,43276094
Dewi Wijaya,48,Data Analyst,43261360
Siti Wibowo,31,Data Analyst,17033436
Wati Setiawan,33,Marketing Specialist,20700000
Fitri Pratama,58,Accountant,39065468
Rina Wijaya,53,Sales Executive,31210620
Yanto Wijaya,48,HR Staff,44619020
Oki Setiawan,38,Product Manager,41504949
Eka Firmansyah,31,QA Engineer,16637357
Rina Setiawan,35,Sales Executive,10359687
Putri Nugroho,56,Sales Executive,19912399
Vina Hidayat,36,Software Engineer,12039588
Gita Kusuma,58,Accountant,31281548
Oki Wibowo,59,Accountant,39211030
Oki Wibowo,50,Data Analyst,26700724
Siti Hidayat,52,Marketing Specialist,38656905
Joko Kusuma,44,Customer Support,36379161
Wati Santoso,22,Product Manager,12634215
Oki Halim,54,QA Engineer,4112035
Lestari Firmansyah,22,Sales Executive,8569547
Budi Firmansyah,55,Sales Executive,4573639
Nur Suryani,43,UI/UX Designer,4502596
Oki Gunawan,30,Sales Executive,18484705
Zaki Wijaya,35,Data Analyst,9706728
Nur Wibowo,33,Product Manager,34543821
Vina Suryani,51,Sales Executive,28313233
Siti Gunawan,40,Accountant,11446111
Budi Wibowo,36,QA Engineer,15954155
Fitri Wijaya,31,Office Administrator,39410075
Indra Pratama,31,Customer Support,12772830
Mega Firmansyah,58,Customer Support,19509087
Dewi Saputra,33,Data Analyst,33782168
Dewi Gunawan,20,Product Manager,11075330
Lestari Hidayat,22,UI/UX Designer,35730083
Dewi Pratama,25,Operations Manager,29572128
Qori Santoso,33,Operations Manager,32908277
Vina Saputra,28,Software Engineer,25562422
Eka Nugroho,52,HR Staff,14343209
Joko Wibowo,47,Product Manager,39874128
Mega Halim,25,Marketing Specialist,4820816
Fitri Firmansyah,57,Marketing Specialist,30839433
Zaki Firmansyah,55,Data Analyst,23464205
Joko Setiawan,25,Office Administrator,4385149
Siti Setiawan,21,QA Engineer,12571496
Fitri Setiawan,24,Product Manager,40133098
Eka Wibowo,46,Operations Manager,11634828
Nur Pratama,40,HR Staff,31111563
Joko Hidayat,52,Product Manager,35000147
Oki Wijaya,60,UI/UX Designer,23448058
Qori Gunawan,42,Customer Support,27428980
Fitri Santoso,31,Software Engineer,15243914
Lestari Rahayu,23,Accountant,21998243
Andi Suryani,53,Accountant,44071910
Umar Saputra,51,Product Manager,22275743
Joko Pratama,44,Product Manager,28275579
Lestari Setiawan,27,HR Staff,7494733
Putri Halim,27,UI/UX Designer,23841465
Andi Pratama,22,Marketing Specialist,41801257
Budi Pratama,33,QA Engineer,21956652
Umar Nugroho,46,Accountant,25348789
Indra Firmansyah,21,Accountant,43408426
Wati Santoso,43,Operations Manager,37474448
Zaki Kusuma,53,QA Engineer,31467774
Andi Gunawan,44,Operations Manager,44358915
Siti Setiawan,47,Marketing Specialist,37320883
Umar Santoso,39,Sales Executive,40374217
Lestari Wijaya,43,Accountant,12875446
Dewi Rahayu,25,UI/UX Designer,20399421
Rina Firmansyah,45,Data Analyst,21112517
Qori Kusuma,42,Data Analyst,19365397
Gita Wibowo,48,Software Engineer,24881154
Qori Suryani,47,Sales Executive,8243729
Mega Santoso,45,Office Administrator,44770592
Tono Setiawan,58,UI/UX Designer,32309111
Tono Setiawan,52,Accountant,33323409
Joko Santoso,18,Data Analyst,4897300
Rina Wijaya,55,Product Manager,12559092
Joko Nugroho,46,Product Manager,23858480
Mega Saputra,24,Customer Support,14689465
Budi Wijaya,40,Marketing Specialist,32661944
Vina Firmansyah,20,Customer Support,29507988
Hadi Pratama,21,HR Staff,35001363
Gita Nugroho,42,Product Manager,32128825
Joko Suryani,54,Operations Manager,35544832
Yanto Nugroho,21,Sales Executive,31922324
Dewi Hidayat,56,Sales Executive,21523159
Budi Wibowo,35,Accountant,6412896
Mega Firmansyah,50,Sales Executive,30283103
Siti Hidayat,54,QA Engineer,25407999
Indra Pratama,54,Data Analyst,32039533
Andi Suryani,58,Data Analyst,37657933
Zaki Kusuma,51,Software Engineer,22290768
Indra Pratama,42,Operations Manager,16231469
Mega Setiawan,44,Operations Manager,25134094
Siti Suryani,40,Marketing Specialist,44375177
Zaki Kusuma,31,Sales Executive,15276609
Indra Kusuma,24,Customer Support,26432248
Qori Setiawan,59,Office Administrator,17447631
Qori Santoso,43,Product Manager,39155350
Vina Suryani,48,Customer Support,19582976
Zaki Firmansyah,27,Sales Executive,32618834
Nur Pratama,38,Product Manager,39139144
Yanto Rahayu,24,Data Analyst,27403024
Vina Nugroho,24,Accountant,41930157
Zaki Saputra,35,Office Administrator,5008058
Gita Nugroho,43,QA Engineer,8067523
Andi Nugroho,60,Customer Support,25214529
Vina Wijaya,38,UI/UX Designer,25829017
Nur Rahayu,58,Marketing Specialist,13414813
Fitri Saputra,21,Product Manager,5553069
Wati Setiawan,27,Software Engineer,44965933
Kiki Halim,51,QA Engineer,32066904
Mega Firmansyah,53,Software Engineer,5555867
Yanto Suryani,38,Sales Executive,18710731
Qori Gunawan,18,UI/UX Designer,33455179
Andi Firmansyah,47,Operations Manager,23562348
Rina Wibowo,43,Accountant,21818989
Qori Santoso,48,Operations Manager,10806676
Gita Kusuma,55,Customer Support,41738185
Dewi Setiawan,50,Operations Manager,16338876
Qori Hidayat,42,Operations Manager,23771033
Putri Kusuma,25,Data Analyst,17745099
Indra Setiawan,32,Sales Executive,41402950
Eka Wibowo,21,Operations Manager,14664627
Tono Setiawan,27,Product Manager,28951529
Qori Santoso,40,HR Staff,42237839
Hadi Wijaya,30,Office Administrator,14252540
Rina Rahayu,54,Product Manager,33064099
Vina Halim,27,Operations Manager,5229851
Rina Rahayu,55,Product Manager,20200989
Andi Halim,23,UI/UX Designer,44548047
Kiki Gunawan,18,Software Engineer,35952515
Andi Wibowo,25,Software Engineer,42023981
Siti Gunawan,33,Marketing Specialist,33848606
Putri Hidayat,58,Sales Executive,26395649
Zaki Suryani,22,Accountant,42348843
Lestari Firmansyah,18,Product Manager,20903627
Joko Gunawan,59,Marketing Specialist,27551058
Dewi Rahayu,29,HR Staff,6352858
Wati Gunawan,28,Accountant,5410613
Umar Wibowo,29,Sales Executive,20544718
Budi Wibowo,48,Office Administrator,17827892
Hadi Wibowo,50,QA Engineer,15565869
Andi Saputra,24,HR Staff,42053414
Andi Santoso,36,QA Engineer,42112320
Dewi Wibowo,24,Accountant,7056006
Oki Wibowo,27,Accountant,32616419
Yanto Gunawan,19,Accountant,17692553
Budi Kusuma,33,Data Analyst,21589855
Putri Suryani,53,Product Manager,36135567
Indra Kusuma,48,Marketing Specialist,22545484
Dewi Pratama,50,Office Administrator,19959961
Lestari Suryani,47,Office Administrator,13288632
Andi Halim,57,UI/UX Designer,5448909
Siti Setiawan,39,Data Analyst,18186332
Tono Saputra,57,Product Manager,14074764
Indra Halim,52,Data Analyst,27551409
Zaki Pratama,38,Marketing Specialist,16807550
Rina Nugroho,18,Software Engineer,24360711
Wati Firmansyah,39,Operations Manager,22334200
Joko Nugroho,34,HR Staff,9414249
Citra Santoso,58,UI/UX Designer,27357620
Fitri Rahayu,25,Product Manager,16875933
Qori Gunawan,31,Accountant,18710046
Andi Pratama,57,Operations Manager,10439515
Nur Santoso,43,Operations Manager,34356149
Gita Pratama,50,Product Manager,36430650
Yanto Halim,21,Operations Manager,9498880
Wati Wijaya,51,Operations Manager,29241547
Hadi Wijaya,35,Operations Manager,43624090
Yanto Setiawan,27,Office Administrator,7927804
Nur Rahayu,23,UI/UX Designer,10846186
Andi Wibowo,34,Marketing Specialist,30934328
Eka Kusuma,43,UI/UX Designer,23346081
Joko Pratama,38,Product Manager,18155525
Lestari Hidayat,31,Product Manager,44255483
Wati Halim,18,Software Engineer,17166661
Zaki Saputra,41,Operations Manager,6162355
Kiki Halim,33,Data Analyst,16010123
Wati Setiawan,57,Customer Support,15264473
Budi Wijaya,57,Product Manager,15997988
Rina Wijaya,36,Marketing Specialist,25245867
Oki Saputra,51,Sales Executive,28079656
Putri Firmansyah,30,HR Staff,24286389
Indra Kusuma,24,Software Engineer,40159198
Wati Wijaya,58,Office Administrator,6182384
Oki Suryani,51,Office Administrator,17751845
Fitri Kusuma,58,Product Manager,24398952
Zaki Kusuma,57,Data Analyst,7682784
Joko Gunawan,36,Marketing Specialist,28051285
Budi Santoso,35,UI/UX Designer,23887307
Tono Santoso,57,HR Staff,4481826
Fitri Firmansyah,30,HR Staff,11280610
Kiki Nugroho,24,Marketing Specialist,33798700
Lestari Wijaya,36,Office Administrator,17367497
Oki Wibowo,55,Product Manager,23810508
Wati Wibowo,29,Sales Executive,40811132
Gita Santoso,43,Accountant,22659341
Rina Wijaya,56,Office Administrator,29720078
Nur Hidayat,40,Office Administrator,40522668
Umar Wijaya,45,Office Administrator,42058962
Andi Hidayat,35,Sales Executive,43642142
Oki Santoso,44,UI/UX Designer,31154705
Yanto Rahayu,27,Sales Executive,41555321
Oki Hidayat,57,UI/UX Designer,42924469
Qori Nugroho,25,Software Engineer,42854816
Vina Wibowo,47,HR Staff,18764663
Kiki Halim,44,Accountant,31021183
Hadi Suryani,28,Office Administrator,29961794
Hadi Kusuma,43,Operations Manager,11547521
Dewi Firmansyah,51,Office Administrator,39345190
Dewi Firmansyah,52,Operations Manager,32349600
Indra Firmansyah,50,Sales Executive,39552411
Siti Wijaya,34,UI/UX Designer,28392562
Nur Wibowo,42,QA Engineer,5060707
Vina Wibowo,45,QA Engineer,27440069
Citra Firmansyah,26,Data Analyst,5624713
Yanto Rahayu,58,Marketing Specialist,20098537
Kiki Pratama,39,Operations Manager,37854423
Kiki Suryani,28,Operations Manager,30884951
Putri Wibowo,56,Software Engineer,35260836
Vina Firmansyah,20,HR Staff,6737779
Qori Kusuma,50,Sales Executive,38915930
Yanto Hidayat,41,Product Manager,44648013
Nur Wibowo,57,Office Administrator,5897560
Indra Santoso,46,QA Engineer,43398583
Hadi Santoso,47,Sales Executive,39988457
Dewi Kusuma,32,Data Analyst,9267551
Lestari Firmansyah,60,Marketing Specialist,44024134
Joko Hidayat,48,HR Staff,33912109
Siti Kusuma,59,Office Administrator,42629034
Yanto Halim,32,QA Engineer,6135334
Eka Suryani,29,Office Administrator,37141489
Wati Setiawan,37,Customer Support,43437589
Lestari Wijaya,52,Office Administrator,31948096
Dewi Pratama,44,HR Staff,35223619
Qori Nugroho,23,UI/UX Designer,5633780
Andi Rahayu,35,Data Analyst,36435469
Kiki Hidayat,37,Sales Executive,5708923
Dewi Gunawan,25,HR Staff,28728190
Andi Saputra,38,Accountant,39194717
Budi Halim,54,HR Staff,10280623
Gita Saputra,22,Product Manager,11375213
Lestari Gunawan,21,Sales Executive,14542596
Tono Gunawan,41,Data Analyst,19940080
Lestari Hidayat,56,Accountant,19045166
Nur Wibowo,57,Software Engineer,33333469
Dewi Pratama,56,Product Manager,11008267
Tono Firmansyah,44,QA Engineer,37816752
Dewi Santoso,44,QA Engineer,43045129
Putri Nugroho,52,Data Analyst,41591757
Citra Saputra,55,Marketing Specialist,36520230
Putri Suryani,34,Customer Support,42896079
Fitri Wijaya,54,Data Analyst,20650303
Nur Rahayu,58,Data Analyst,26666860
Fitri Halim,32,Product Manager,12698087
Budi Pratama,51,Marketing Specialist,30395288
Gita Kusuma,36,UI/UX Designer,23776261
Rina Halim,57,Software Engineer,6271366
Andi Firmansyah,30,Accountant,16408103
Yanto Nugroho,46,Software Engineer,20165472
Siti Hidayat,24,Marketing Specialist,43770557
Budi Firmansyah,40,Software Engineer,8257193
Budi Rahayu,39,Office Administrator,26473218
Siti Saputra,55,Customer Support,17286440
Indra Setiawan,19,Software Engineer,17099779
Lestari Pratama,37,Accountant,21820190
Mega Firmansyah,43,Marketing Specialist,13665007
Andi Santoso,33,Office Administrator,20906331
Lestari Rahayu,60,Sales Executive,40292049
Lestari Nugroho,18,UI/UX Designer,20763017
Yanto Firmansyah,42,Accountant,34366117
Mega Kusuma,27,Operations Manager,7476277
Kiki Firmansyah,57,HR Staff,13847551
Oki Saputra,40,Marketing Specialist,34750206
Yanto Saputra,31,Software Engineer,39890859
Hadi Gunawan,27,UI/UX Designer,28907911
Gita Pratama,23,Data Analyst,13194192
Siti Hidayat,24,Product Manager,34216695
Vina Nugroho,53,Data Analyst,40588087
Oki Suryani,33,Marketing Specialist,43804485
Rina Saputra,42,Product Manager,31096519
Yanto Firmansyah,23,Software Engineer,9031984
Oki Halim,54,QA Engineer,38042806
Siti Nugroho,39,Software Engineer,16698386
Gita Hidayat,36,Accountant,44939907
Rina Pratama,51,Operations Manager,44680142
Zaki Suryani,22,HR Staff,12659489
Eka Firmansyah,56,Marketing Specialist,11096506
Umar Gunawan,59,Accountant,14556847
Kiki Saputra,28,Accountant,35311260
Kiki Hidayat,42,QA Engineer,30645438
Eka Setiawan,32,Software Engineer,15185791
Hadi Wijaya,58,Data Analyst,26746869
Budi Saputra,53,Software Engineer,4023616
Hadi Firmansyah,27,Office Administrator,33059470
Kiki Halim,39,Accountant,23795789
Eka Pratama,42,Customer Support,29460337
Eka Rahayu,24,Accountant,6252771
Siti Saputra,35,UI/UX Designer,16921018
Nur Halim,29,Customer Support,17379698
Mega Rahayu,29,Marketing Specialist,25069734
Joko Suryani,36,Software Engineer,17183659
Hadi Suryani,47,HR Staff,36380440
Joko Kusuma,20,Software Engineer,11123835
Lestari Wibowo,18,Office Administrator,44611952
Rina Halim,18,Office Administrator,36895059
Mega Hidayat,29,QA Engineer,19410154
Qori Suryani,39,Marketing Specialist,14392765
Eka Rahayu,46,QA Engineer,11901493
Nur Nugroho,47,Office Administrator,27577439
Gita Firmansyah,27,Operations Manager,36062258
Budi Kusuma,44,Software Engineer,6689506
Oki Kusuma,50,Data Analyst,38702248
Hadi Hidayat,36,Sales Executive,16965801
Citra Rahayu,57,Customer Support,31676242
Joko Kusuma,56,Software Engineer,6341712
Zaki Halim,21,Sales Executive,7839988
Yanto Halim,30,Customer Support,29288755
Citra Kusuma,21,Operations Manager,4685820
Joko Gunawan,24,Software Engineer,11258962
Putri Halim,51,Product Manager,27600751
Gita Wijaya,40,Data Analyst,18528790
Budi Suryani,44,Marketing Specialist,42271323
Lestari Pratama,42,Sales Executive,19321181
Yanto Nugroho,46,Operations Manager,26944479
Joko Hidayat,44,Customer Support,23730603
Wati Hidayat,32,Software Engineer,39354466
Lestari Santoso,22,UI/UX Designer,19501004
Citra Wijaya,18,Office Administrator,27222076
Eka Pratama,37,Sales Executive,39192898
Qori Gunawan,41,Data Analyst,19270136
Hadi Kusuma,39,QA Engineer,31340762
Yanto Firmansyah,55,Office Administrator,29307766
Oki Setiawan,52,Marketing Specialist,6507337
Eka Hidayat,37,Data Analyst,20384176
Kiki Setiawan,38,Customer Support,20394788
Fitri Nugroho,18,Office Administrator,28724411
Joko Rahayu,54,Software Engineer,35151863
Eka Nugroho,21,Customer Support,20785677
Vina Saputra,50,Sales Executive,19391631
Wati Pratama,31,Software Engineer,37649047
Hadi Rahayu,53,Accountant,35311658
Budi Halim,58,Sales Executive,23801203
Lestari Kusuma,55,UI/UX Designer,33620140
Lestari Wibowo,55,Customer Support,7967402
Siti Setiawan,22,Software Engineer,28833630
Citra Firmansyah,42,HR Staff,18543417
Hadi Hidayat,18,Data Analyst,33403937
Hadi Santoso,50,Product Manager,17674154
Lestari Hidayat,40,Product Manager,22977982
Eka Wijaya,58,Operations Manager,13761433
Citra Nugroho,31,Customer Support,19265258
Joko Nugroho,47,Operations Manager,44661660
Yanto Wijaya,55,Accountant,27009671
Umar Suryani,31,Operations Manager,40538164
Indra Wijaya,57,Operations Manager,4518333
Joko Firmansyah,18,Office Administrator,11870513
Joko Suryani,39,UI/UX Designer,13010601
Siti Halim,43,Data Analyst,40209066
Rina Hidayat,21,Office Administrator,6731012
Citra Gunawan,27,Office Administrator,31566280
Eka Firmansyah,49,Office Administrator,5752774
Dewi Firmansyah,57,HR Staff,34080672
Umar Pratama,40,Office Administrator,10591030
Umar Suryani,19,HR Staff,7729288
Fitri Pratama,48,HR Staff,28833657
Oki Rahayu,39,Marketing Specialist,13200772
Andi Halim,53,Accountant,30153285
Rina Santoso,46,Marketing Specialist,41726530
Andi Hidayat,56,UI/UX Designer,14167972
Siti Wibowo,35,HR Staff,4855748
Putri Nugroho,18,Operations Manager,16877620
Siti Hidayat,55,HR Staff,18555116
Lestari Rahayu,28,UI/UX Designer,41943303
Zaki Wibowo,34,HR Staff,42951032
Dewi Suryani,58,Data Analyst,13938672
Vina Wijaya,58,UI/UX Designer,5670506
Mega Wijaya,28,Software Engineer,6513248
Joko Hidayat,44,Sales Executive,8274799
Yanto Pratama,57,QA Engineer,33904624
Siti Kusuma,47,HR Staff,23818333
Tono Saputra,21,Sales Executive,21772491
Rina Firmansyah,22,Data Analyst,17186096
Zaki Wijaya,36,Office Administrator,23491236
Hadi Nugroho,51,UI/UX Designer,43432660
Wati Wibowo,34,UI/UX Designer,23461325
Vina Rahayu,37,Software Engineer,25610849
Wati Halim,23,Product Manager,4525537
Oki Wijaya,34,Product Manager,44449529
Citra Wijaya,44,Office Administrator,20155949
Andi Wijaya,22,UI/UX Designer,29080198
Lestari Firmansyah,52,Sales Executive,36093710
Gita Saputra,59,Operations Manager,42047481
Fitri Santoso,49,Software Engineer,27882847
Budi Nugroho,29,Accountant,5808086
Putri Firmansyah,60,Accountant,40892508
Oki Wijaya,34,Data Analyst,34033204
Gita Firmansyah,43,Accountant,19545824
Rina Halim,57,HR Staff,10529123
Andi Wibowo,51,Data Analyst,25625526
Citra Suryani,59,Operations Manager,30736459
Zaki Pratama,28,Office Administrator,6594542
Citra Wijaya,19,Operations Manager,25331937
Tono Wibowo,30,Accountant,11234617
Tono Hidayat,33,Accountant,22704574
Lestari Suryani,26,Product Manager,10948865
Siti Suryani,30,Operations Manager,33571952
Zaki Setiawan,45,Operations Manager,32861555
Qori Firmansyah,46,Operations Manager,42977630
Nur Kusuma,23,Accountant,32460349
Andi Pratama,57,QA Engineer,17833047
Fitri Halim,51,Operations Manager,19245476
Budi Suryani,21,Software Engineer,40468875
Umar Nugroho,51,UI/UX Designer,39470293
Citra Rahayu,48,Product Manager,35021781
Rina Suryani,55,UI/UX Designer,13546473
Citra Rahayu,45,Data Analyst,40126079
Wati Hidayat,56,QA Engineer,16174637
Umar Nugroho,56,Data Analyst,41422445
Citra Kusuma,45,Marketing Specialist,42607780
Qori Nugroho,55,Data Analyst,44214604
Indra Santoso,42,Data Analyst,23273708
Tono Rahayu,59,Product Manager,17004575
Yanto Wibowo,31,Software Engineer,17973007
Kiki Saputra,49,Marketing Specialist,13391340
Citra Suryani,57,UI/UX Designer,30118190
Tono Wibowo,33,Customer Support,15140311
Wati Wijaya,28,Software Engineer,21971592
Citra Kusuma,43,UI/UX Designer,26676630
Eka Firmansyah,54,Operations Manager,22282804
Wati Pratama,45,UI/UX Designer,35004142
Wati Firmansyah,44,Operations Manager,15475463
Rina Firmansyah,44,Product Manager,33127104
Yanto Rahayu,26,Product Manager,23788863
Nur Hidayat,18,Data Analyst,30522273
Umar Saputra,22,Data Analyst,8862671
Kiki Hidayat,45,Data Analyst,29091378
Andi Gunawan,20,Customer Support,29072343
Yanto Nugroho,33,Software Engineer,30898870
Eka Setiawan,19,Data Analyst,38278655
Siti Wibowo,33,UI/UX Designer,38013822
Joko Nugroho,45,Software Engineer,24365718
Citra Wijaya,24,UI/UX Designer,18164481
Rina Hidayat,29,Software Engineer,5576593
Hadi Halim,59,Accountant,18433192
Andi Santoso,34,UI/UX Designer,21939313
Gita Wijaya,47,Software Engineer,40421732
Fitri Santoso,50,Sales Executive,10436908
Vina Setiawan,35,Office Administrator,19748321
Indra Setiawan,30,Product Manager,16316562
Hadi Santoso,31,UI/UX Designer,34438290
Putri Halim,44,Accountant,27436333
Kiki Nugroho,21,UI/UX Designer,39451038
Tono Setiawan,31,Data Analyst,27260018
Vina Nugroho,57,HR Staff,43951879
Rina Setiawan,26,Software Engineer,6507819
Hadi Rahayu,20,QA Engineer,16992128
Lestari Wibowo,59,Product Manager,29832935
Eka Saputra,54,Accountant,43866673
Joko Gunawan,27,Sales Executive,42489048
Oki Nugroho,27,Software Engineer,17095566
Putri Hidayat,51,Sales Executive,21147959
Lestari Santoso,39,HR Staff,10867068
Fitri Rahayu,48,Accountant,5710281
Wati Suryani,29,Customer Support,9789181
Andi Wijaya,39,Marketing Specialist,4480532
Lestari Nugroho,54,Accountant,35401507
Tono Kusuma,40,Product Manager,10522363
Eka Suryani,55,Product Manager,13478559
Putri Firmansyah,21,Software Engineer,5506079
Citra Hidayat,45,Accountant,11799723
Vina Setiawan,39,UI/UX Designer,16646890
Wati Firmansyah,29,Product Manager,39192106
Indra Santoso,36,HR Staff,43650616
Qori Gunawan,43,Marketing Specialist,24830124
Umar Rahayu,54,Accountant,30669350
Umar Rahayu,39,Marketing Specialist,20772636
Gita Hidayat,19,HR Staff,27062347
Citra Gunawan,34,Office Administrator,40776124
Putri Suryani,49,Marketing Specialist,15256419
Indra Kusuma,57,Operations Manager,23524016
Putri Suryani,39,Marketing Specialist,30084782
Vina Suryani,34,Data Analyst,12168886
Joko Nugroho,50,Accountant,41567834
Siti Santoso,34,Office Administrator,25832268
Rina Halim,60,QA Engineer,41209827
Putri Pratama,29,QA Engineer,23113934
Dewi Firmansyah,48,Office Administrator,18434514
Mega Saputra,34,Software Engineer,35169314
Qori Rahayu,46,Sales Executive,38799396
Oki Kusuma,18,UI/UX Designer,10137197
Mega Nugroho,42,HR Staff,31315101
Eka Halim,42,Sales Executive,11396131
Mega Gunawan,29,HR Staff,22601698
Putri Saputra,55,Sales Executive,15217593
Joko Santoso,35,UI/UX Designer,38463571
Joko Setiawan,59,Sales Executive,29062591
Nur Suryani,50,Software Engineer,28551498
Tono Wibowo,58,Software Engineer,32470361
Andi Setiawan,46,Product Manager,19353670
Siti Rahayu,19,Sales Executive,34649095
Yanto Firmansyah,36,QA Engineer,11674606
Kiki Wibowo,43,Accountant,26626969
Vina Firmansyah,24,Data Analyst,24782308
Dewi Setiawan,49,Accountant,6495564
Eka Suryani,41,Operations Manager,42605519
Indra Hidayat,28,Sales Executive,30026539
Andi Nugroho,39,Data Analyst,19673644
Fitri Rahayu,60,Customer Support,9711827
Vina Gunawan,50,UI/UX Designer,26432147
Fitri Kusuma,51,Product Manager,4973756
Tono Saputra,33,Operations Manager,25096388
Rina Nugroho,53,Accountant,21265658
Oki Halim,21,Operations Manager,13153450
Siti Santoso,31,Software Engineer,20034066
Lestari Kusuma,21,HR Staff,8261761
Rina Suryani,32,Data Analyst,18082335
Gita Pratama,45,QA Engineer,14749883
Zaki Rahayu,47,UI/UX Designer,14114660
Dewi Nugroho,51,UI/UX Designer,43929624
Indra Nugroho,49,HR Staff,16600144
Fitri Santoso,21,Office Administrator,37455044
Budi Rahayu,35,Software Engineer,32500315
Rina Firmansyah,24,Operations Manager,9402770
Putri Rahayu,54,Product Manager,31034380
Oki Rahayu,36,Sales Executive,24220071
Gita Pratama,25,QA Engineer,41701804
Hadi Halim,33,Product Manager,30371006
Citra Hidayat,57,Software Engineer,26603739
Fitri Gunawan,24,Sales Executive,25280922
Siti Suryani,44,Operations Manager,4741834
Yanto Wibowo,57,Accountant,27424216
Mega Wibowo,58,Operations Manager,39546178
Siti Firmansyah,51,UI/UX Designer,32935112
Qori Wijaya,58,Marketing Specialist,14358625
Hadi Gunawan,32,Marketing Specialist,30459077
Budi Pratama,28,Customer Support,22766233
Kiki Wijaya,48,Data Analyst,34766818
Lestari Rahayu,19,Data Analyst,24321491
Citra Santoso,42,Data Analyst,31710984
Fitri Firmansyah,18,Customer Support,25113979
Qori Firmansyah,19,UI/UX Designer,40753969
Lestari Setiawan,56,Marketing Specialist,40814312
Vina Saputra,22,Operations Manager,42193581
Indra Hidayat,45,Sales Executive,25836653
Andi Gunawan,19,Customer Support,17415449
Lestari Firmansyah,23,Office Administrator,34210251
Joko Suryani,53,Operations Manager,32761457
Indra Wijaya,60,Accountant,27954308
Wati Wijaya,53,Operations Manager,22927681
Gita Kusuma,44,Customer Support,5450601
Fitri Wijaya,45,Operations Manager,32082636
Putri Rahayu,27,Operations Manager,25417254
Siti Nugroho,55,Customer Support,25503120
Kiki Suryani,31,Office Administrator,42911513
Tono Wibowo,60,Operations Manager,23921738
Putri Firmansyah,40,Data Analyst,19837059
Rina Saputra,34,Office Administrator,17579433
Wati Suryani,28,Software Engineer,26224416
Putri Gunawan,41,Sales Executive,42891103
Putri Pratama,54,Office Administrator,7118752
Yanto Pratama,53,Office Administrator,34819662
Mega Suryani,20,HR Staff,36323253
Oki Rahayu,19,Operations Manager,33723546
Tono Saputra,33,Marketing Specialist,40665956
Mega Kusuma,26,Software Engineer,20453954
Joko Hidayat,36,Sales Executive,11938682
Siti Hidayat,53,Data Analyst,10927757
Gita Wibowo,20,UI/UX Designer,41227594
Eka Wijaya,51,Software Engineer,14465041
Nur Wijaya,59,QA Engineer,19956471
Mega Halim,40,Operations Manager,5792116
Vina Saputra,25,UI/UX Designer,13894501
Zaki Wibowo,23,Operations Manager,26373279
Qori Wibowo,27,Sales Executive,39421895
Umar Nugroho,56,HR Staff,34267632
Lestari Gunawan,25,Sales Executive,6417042
Yanto Halim,44,Data Analyst,20523711
Kiki Rahayu,36,Marketing Specialist,35946939
Rina Wibowo,51,Sales Executive,16881032
Rina Setiawan,42,Office Administrator,28193744
Yanto Santoso,31,Product Manager,6508425
Umar Rahayu,60,Operations Manager,12180066
Putri Halim,35,Sales Executive,37763017
Mega Wibowo,43,Customer Support,24643816
Umar Pratama,30,Office Administrator,20624874
Vina Wibowo,21,Data Analyst,43780837
Zaki Hidayat,48,Office Administrator,38359585
Hadi Setiawan,39,UI/UX Designer,24795928
Nur Setiawan,25,Marketing Specialist,11660884
Indra Santoso,60,HR Staff,17435391
Fitri Gunawan,50,Software Engineer,43703292
Zaki Hidayat,34,Accountant,39979941
Nur Wibowo,27,Marketing Specialist,25922011
Hadi Santoso,52,Product Manager,41864050
Eka Kusuma,57,HR Staff,18206445
Joko Kusuma,47,Sales Executive,7186120
Hadi Gunawan,30,QA Engineer,42739177
Yanto Saputra,18,Operations Manager,34308018
Indra Rahayu,40,QA Engineer,24077730
Wati Saputra,56,Office Administrator,33092773
Gita Gunawan,53,QA Engineer,39096827
Mega Wibowo,55,Product Manager,9891494
Mega Firmansyah,36,Accountant,23016279
Umar Hidayat,42,Operations Manager,30658513
Yanto Nugroho,46,Software Engineer,13466470
Yanto Saputra,42,Data Analyst,17799988
Putri Gunawan,60,Data Analyst,12429334
Joko Pratama,55,Operations Manager,11733835
Putri Gunawan,50,QA Engineer,13939961
Wati Rahayu,24,Sales Executive,31476327
Oki Saputra,36,Sales Executive,23467945
Siti Wibowo,31,HR Staff,21615702
Vina Setiawan,41,Marketing Specialist,40573671
Vina Halim,35,Office Administrator,14440628
Tono Pratama,31,Software Engineer,9595129
Siti Gunawan,20,HR Staff,13326668
Rina Gunawan,44,Customer Support,23142280
Indra Nugroho,49,Accountant,38832324
Eka Kusuma,51,Customer Support,20491673
Eka Halim,39,Sales Executive,29468077
Vina Hidayat,52,Product Manager,31380275
Lestari Kusuma,35,Accountant,26698501
Andi Hidayat,50,Operations Manager,33098280
Putri Wijaya,54,Sales Executive,9329255
Mega Firmansyah,46,HR Staff,7627804
Eka Firmansyah,56,HR Staff,20915256
Citra Suryani,38,UI/UX Designer,22469879
Gita Saputra,49,Customer Support,21095257
Hadi Firmansyah,55,Accountant,16192896
Dewi Suryani,45,HR Staff,5611824
Indra Gunawan,33,Customer Support,15713448
Vina Rahayu,43,QA Engineer,18972827
Kiki Nugroho,56,Software Engineer,44277177
Oki Saputra,22,Software Engineer,5853254
Fitri Kusuma,40,Marketing Specialist,41991612
Hadi Saputra,48,Operations Manager,28463514
Zaki Santoso,47,UI/UX Designer,32578804
Wati Firmansyah,35,Office Administrator,8784491
Dewi Suryani,44,Office Administrator,35023954
Rina Wijaya,51,Data Analyst,25290775
Putri Wijaya,42,Accountant,37025932
Budi Halim,38,Accountant,4653685
Kiki Santoso,60,Marketing Specialist,18185797
Lestari Nugroho,60,Software Engineer,36349824
Indra Setiawan,46,Operations Manager,21209549
Yanto Halim,19,Data Analyst,19343323
Lestari Setiawan,34,Customer Support,15003552
Qori Setiawan,40,Product Manager,7328323
Oki Kusuma,27,Product Manager,39702273
Putri Halim,57,Software Engineer,7089429
Oki Santoso,56,Product Manager,10193033
Joko Wibowo,58,Operations Manager,12116669
Kiki Rahayu,45,Operations Manager,34608245
Budi Wijaya,41,Data Analyst,21698416
Dewi Wijaya,36,Customer Support,33380833
Citra Saputra,41,Data Analyst,33950606
Wati Setiawan,33,Marketing Specialist,4100176
Tono Gunawan,31,Office Administrator,37349432
Indra Setiawan,48,QA Engineer,34973191
Yanto Suryani,49,HR Staff,34442367
Zaki Wibowo,57,Software Engineer,37307364
Citra Kusuma,57,Operations Manager,10703190
Rina Rahayu,44,QA Engineer,34660287
Oki Kusuma,31,QA Engineer,20503902
Budi Setiawan,56,Office Administrator,39061167
Gita Pratama,21,Accountant,18618818
Rina Rahayu,49,HR Staff,33397461
Dewi Firmansyah,50,Software Engineer,34527146
Dewi Gunawan,18,Data Analyst,6977595
Umar Suryani,39,QA Engineer,22958030
Tono Saputra,46,Product Manager,11261481
Vina Pratama,29,QA Engineer,15501102
Budi Halim,59,QA Engineer,29266818
Siti Wibowo,52,Data Analyst,26270486
Joko Saputra,47,QA Engineer,25532328
Kiki Gunawan,39,Product Manager,17976003
Umar Wibowo,33,Data Analyst,16260495
Mega Gunawan,57,HR Staff,7574262
Nur Halim,26,Accountant,40679182
Kiki Pratama,52,Office Administrator,22729557
Oki Halim,28,HR Staff,23895802
Kiki Wijaya,29,HR Staff,7057667
Vina Nugroho,19,QA Engineer,14905047
Kiki Hidayat,50,Customer Support,9066835
Citra Firmansyah,46,HR Staff,29354649
Nur Kusuma,52,Customer Support,41345351
Mega Wijaya,50,Accountant,30075890
Putri Nugroho,57,QA Engineer,34936987
Nur Rahayu,19,HR Staff,31551262
Mega Setiawan,40,Software Engineer,23790567
Qori Wibowo,36,Customer Support,43636548
Lestari Setiawan,34,Sales Executive,39937869
Mega Hidayat,27,QA Engineer,12175425
Oki Wijaya,31,Data Analyst,22778778
Siti Wibowo,60,Marketing Specialist,35201839
Yanto Firmansyah,58,Data Analyst,26852026
Citra Nugroho,30,Accountant,12966566
Siti Halim,53,Operations Manager,29053635
Zaki Wibowo,19,Software Engineer,40370899
Nur Wibowo,35,Customer Support,25238372
Indra Kusuma,26,Sales Executive,35828941
Andi Setiawan,37,QA Engineer,33991660
Putri Suryani,45,Product Manager,26254828
Nur Pratama,58,Product Manager,27730756
Tono Wibowo,52,Product Manager,31056238
Andi Hidayat,50,Marketing Specialist,28434167
Indra Nugroho,55,Marketing Specialist,18832063
Fitri Hidayat,36,Sales Executive,30334690
Andi Suryani,20,Accountant,16396875
Mega Halim,35,Sales Executive,41455956
Putri Halim,37,Office Administrator,33808649
Zaki Hidayat,40,Product Manager,36885699
Lestari Suryani,26,Customer Support,28561753
Fitri Gunawan,28,Sales Executive,25778706
Budi Pratama,53,HR Staff,42820188
Zaki Wijaya,53,Data Analyst,30821803
Qori Wibowo,32,Marketing Specialist,22286084
Yanto Nugroho,31,HR Staff,31938453
Joko Wibowo,29,Software Engineer,18898979
Andi Halim,59,Sales Executive,17165578
Citra Pratama,20,Office Administrator,18455201
Siti Suryani,19,QA Engineer,14424105
Rina Firmansyah,49,UI/UX Designer,4187630
Oki Wibowo,38,Customer Support,15211748
Qori Saputra,37,Office Administrator,39733500
Gita Kusuma,18,Software Engineer,16463440
Indra Wibowo,55,Operations Manager,19947827
Siti Rahayu,45,Customer Support,36293086
Yanto Gunawan,23,HR Staff,19362280
Vina Halim,46,UI/UX Designer,38307663
Rina Firmansyah,60,Office Administrator,15549774
Budi Nugroho,45,HR Staff,7158577
Wati Kusuma,22,Product Manager,7555231
Putri Nugroho,23,Marketing Specialist,18771072
Gita Wibowo,43,Customer Support,12602736
Oki Gunawan,37,Software Engineer,18177808
Mega Wibowo,54,Operations Manager,11306064
Vina Hidayat,32,HR Staff,44279985
Siti Santoso,19,Sales Executive,12016592
Joko Halim,38,UI/UX Designer,40234069
Citra Firmansyah,23,QA Engineer,35795616
Dewi Firmansyah,55,UI/UX Designer,11294622
Putri Saputra,56,Operations Manager,38833036
Tono Wibowo,24,Marketing Specialist,14743528
Joko Rahayu,57,Marketing Specialist,6176809
Lestari Pratama,36,QA Engineer,38868540
Qori Santoso,41,Operations Manager,41916610
Gita Setiawan,19,Software Engineer,22587677
Nur Wibowo,22,Data Analyst,12971294
Vina Saputra,47,QA Engineer,39177072
Rina Setiawan,21,Product Manager,19177660
Indra Suryani,54,QA Engineer,16896679
Zaki Nugroho,41,Operations Manager,40340683
Budi Suryani,25,Office Administrator,44288254
Hadi Wijaya,48,Software Engineer,34933614
Yanto Firmansyah,32,Software Engineer,24897335
Eka Gunawan,31,UI/UX Designer,24128572
Zaki Nugroho,49,Operations Manager,20160034
Tono Santoso,52,Accountant,44599109
Dewi Pratama,21,HR Staff,30424816
Wati Firmansyah,51,Marketing Specialist,17942689
Dewi Setiawan,29,Marketing Specialist,18446660
Budi Santoso,49,Operations Manager,36715153
Lestari Halim,58,UI/UX Designer,19921092
Umar Santoso,41,Sales Executive,39148164
Indra Setiawan,30,Customer Support,21950999
Qori Saputra,43,Product Manager,32364445
Oki Wibowo,50,Sales Executive,5061482
Oki Santoso,24,Office Administrator,29472264
Yanto Hidayat,26,Product Manager,43188677
Umar Nugroho,23,Operations Manager,18477350
Kiki Saputra,24,Software Engineer,35347365
Gita Santoso,50,Customer Support,19143174
Qori Nugroho,46,UI/UX Designer,33051482
Eka Saputra,48,Office Administrator,12444337
Gita Rahayu,40,Sales Executive,42526255
Dewi Hidayat,54,Software Engineer,41615479
Putri Halim,44,Office Administrator,21150026
Mega Gunawan,34,Office Administrator,29944337
Andi Wibowo,23,Data Analyst,26698571
Vina Hidayat,28,Office Administrator,17165206
Budi Wijaya,20,Operations Manager,25378007
Hadi Hidayat,59,Sales Executive,18044668
Hadi Suryani,46,Data Analyst,24146820
Eka Halim,43,Product Manager,26182608
Citra Kusuma,32,Sales Executive,10647804
Nur Hidayat,45,UI/UX Designer,20961812
Umar Rahayu,26,Data Analyst,7525488
Rina Wijaya,45,QA Engineer,32110309
Zaki Kusuma,29,Operations Manager,11613784
Wati Kusuma,18,UI/UX Designer,42642338
Andi Wijaya,37,Data Analyst,38738042
Citra Suryani,41,Operations Manager,6762163
Mega Halim,29,Accountant,9699189
Wati Kusuma,45,HR Staff,39861615
Lestari Rahayu,55,Data Analyst,25122589
Kiki Santoso,26,Marketing Specialist,16959064
Putri Halim,36,UI/UX Designer,42356105
Lestari Rahayu,18,Data Analyst,27308590
Lestari Rahayu,30,Accountant,29496469
Umar Suryani,50,Product Manager,42011510
Hadi Pratama,47,Customer Support,41426473
Nur Santoso,18,Office Administrator,36756736
Vina Pratama,51,Product Manager,23645830
Umar Pratama,43,Office Administrator,6054090
Budi Nugroho,41,Operations Manager,35512686
Andi Suryani,19,Marketing Specialist,13926072
Wati Wibowo,21,Office Administrator,10508329
Qori Rahayu,48,Product Manager,38576968
Putri Firmansyah,27,Product Manager,30776360
Nur Wibowo,29,Marketing Specialist,19749703
Eka Saputra,18,Operations Manager,33075175
Qori Saputra,51,UI/UX Designer,4554966
Lestari Wibowo,25,Office Administrator,8395545
Eka Pratama,59,Customer Support,9664315
Dewi Kusuma,50,Office Administrator,15799090
Siti Wibowo,51,QA Engineer,9984248
Lestari Pratama,18,UI/UX Designer,40662063
Rina Suryani,49,Marketing Specialist,13436413
Budi Firmansyah,59,Customer Support,16086638
Budi Wijaya,24,Software Engineer,12166302
Putri Setiawan,41,HR Staff,32598258
Mega Rahayu,20,Office Administrator,29247606
Eka Halim,56,Office Administrator,5834980
Fitri Saputra,29,Sales Executive,16507805
Lestari Hidayat,25,HR Staff,27218529
Budi Kusuma,20,Customer Support,38738995
Citra Nugroho,44,Operations Manager,30210033
Vina Rahayu,32,Operations Manager,44879279
Nur Suryani,23,Marketing Specialist,33655905
Lestari Wijaya,50,QA Engineer,21155674
Oki Wibowo,43,Office Administrator,5450268
Umar Pratama,28,QA Engineer,35678726
Kiki Rahayu,24,Office Administrator,34100305
Wati Suryani,60,Sales Executive,5313037
Gita Pratama,39,Marketing Specialist,26286130
Putri Gunawan,20,UI/UX Designer,29719303
Hadi Firmansyah,33,Sales Executive,34917868
Hadi Suryani,59,HR Staff,26237547
Umar Wibowo,21,Customer Support,21747914
Indra Hidayat,41,Customer Support,12487467
Lestari Halim,41,HR Staff,37793188
Zaki Wijaya,47,Operations Manager,31994411
Vina Suryani,34,UI/UX Designer,21078894
Siti Saputra,36,Customer Support,8087077
Qori Kusuma,51,Operations Manager,30853091
Oki Saputra,33,HR Staff,23356209
Fitri Firmansyah,40,Office Administrator,36651284
Lestari Nugroho,23,Product Manager,42350159
Zaki Suryani,40,Accountant,23095147
Dewi Wijaya,60,Sales Executive,13271631
Umar Hidayat,32,UI/UX Designer,27619553
Qori Santoso,42,Office Administrator,32032874
Eka Wijaya,45,Product Manager,26073802
Putri Suryani,20,Data Analyst,22538527
Lestari Saputra,43,Data Analyst,10683934
Kiki Kusuma,27,Product Manager,37216390
Putri Rahayu,43,Office Administrator,13735133
Tono Saputra,50,Office Administrator,28836516
Rina Suryani,46,Marketing Specialist,28107007
Putri Santoso,26,Data Analyst,11686413
Nur Rahayu,24,Data Analyst,24266779
Budi Setiawan,54,Marketing Specialist,17962914
Yanto Setiawan,32,Operations Manager,37889207
Dewi Saputra,50,Accountant,9992920
Joko Firmansyah,31,Sales Executive,21105152
Umar Wibowo,51,Software Engineer,29402104
Qori Halim,30,QA Engineer,21289273
Oki Rahayu,35,Data Analyst,9259749
Oki Wibowo,29,Office Administrator,37597824
Vina Pratama,26,QA Engineer,23831109
Nur Santoso,27,Customer Support,9259539
Siti Nugroho,55,Customer Support,37493687
Tono Pratama,40,QA Engineer,32218691
Vina Firmansyah,23,Software Engineer,25364895
Tono Halim,51,Office Administrator,6168641
Rina Kusuma,24,Sales Executive,34432800
Eka Halim,57,HR Staff,15699038
Oki Gunawan,37,UI/UX Designer,8942319
Dewi Rahayu,53,HR Staff,17400074
Umar Suryani,23,Product Manager,4244580
Qori Wijaya,56,Customer Support,16485679
Umar Suryani,51,Product Manager,41721759
Gita Firmansyah,48,Customer Support,31908116
Qori Wijaya,59,QA Engineer,41596912
Citra Saputra,57,Data Analyst,15102663
Zaki Suryani,44,Accountant,5617313
Umar Santoso,28,Marketing Specialist,4400401
Mega Kusuma,55,Office Administrator,26844650
Mega Wibowo,27,QA Engineer,12912365
Kiki Santoso,43,QA Engineer,18814709
Hadi Santoso,40,QA Engineer,28953030
Tono Halim,43,Product Manager,29450641
Zaki Rahayu,21,Marketing Specialist,9742156
Vina Setiawan,47,Operations Manager,6502868
Lestari Hidayat,18,UI/UX Designer,4366847
Tono Gunawan,50,Data Analyst,40517008
Andi Saputra,35,Data Analyst,38221928
Umar Santoso,26,Sales Executive,28350915
Eka Nugroho,52,UI/UX Designer,9977580
Qori Wijaya,58,Customer Support,13394175
Wati Pratama,55,Software Engineer,37781411
Budi Wijaya,58,QA Engineer,28978934
Zaki Halim,43,Accountant,31130153
Eka Kusuma,31,Customer Support,18470400
Kiki Setiawan,24,UI/UX Designer,12176926
Citra Wibowo,33,Sales Executive,6781053
Budi Halim,24,Sales Executive,4997253
Andi Wibowo,56,Data Analyst,9933871
Wati Pratama,46,UI/UX Designer,6633156
Zaki Suryani,42,Marketing Specialist,40968631
Oki Wibowo,21,Product Manager,18786630
Nur Saputra,59,HR Staff,19321543
Oki Gunawan,56,Software Engineer,42770863
Lestari Kusuma,52,Sales Executive,19649515
Oki Santoso,58,QA Engineer,19265641
Nur Nugroho,54,Software Engineer,23407604
Hadi Firmansyah,25,QA Engineer,13243947
Eka Rahayu,25,Product Manager,4812366
Kiki Rahayu,60,Operations Manager,40880346
Indra Rahayu,20,Accountant,9608403
Umar Gunawan,47,UI/UX Designer,44825512
Eka Gunawan,19,Accountant,42799884
Tono Rahayu,38,Software Engineer,5919242
Joko Gunawan,35,Marketing Specialist,38006570
Indra Rahayu,36,HR Staff,17487724
Nur Wibowo,59,Operations Manager,37089230
Qori Firmansyah,27,Office Administrator,41315382
Citra Kusuma,54,Software Engineer,40085543
Andi Setiawan,59,Office Administrator,37053842
Gita Nugroho,18,Sales Executive,4366834
Gita Gunawan,36,Customer Support,6097714
Kiki Suryani,48,Office Administrator,44207073
Umar Rahayu,33,Customer Support,23288094
Zaki Setiawan,27,Operations Manager,21458006
Rina Gunawan,54,Data Analyst,33896770
Siti Gunawan,22,Office Administrator,16363546
Eka Halim,28,Software Engineer,43858099
Kiki Wijaya,44,Office Administrator,32609428
Qori Pratama,23,Operations Manager,15213052
Qori Suryani,58,Operations Manager,35313488
Wati Saputra,19,QA Engineer,25874936
Indra Wibowo,48,Software Engineer,21061674
Yanto Saputra,29,Customer Support,32013444
Joko Setiawan,53,Data Analyst,37580479
Wati Santoso,56,Software Engineer,19626249
Indra Gunawan,41,Marketing Specialist,24555300
Lestari Firmansyah,23,Accountant,42303857
Mega Pratama,37,Sales Executive,33837589
Tono Kusuma,59,Accountant,39668571
Andi Gunawan,36,Accountant,5926294
Qori Gunawan,39,Marketing Specialist,17754285
Vina Nugroho,44,Sales Executive,34974224
Qori Kusuma,30,Marketing Specialist,32181628
Wati Setiawan,36,Data Analyst,35516227
Joko Wibowo,39,Accountant,40180201
Joko Wibowo,19,Marketing Specialist,26648805
Rina Nugroho,59,Software Engineer,38725447
Nur Wibowo,51,UI/UX Designer,7024939
Siti Gunawan,40,Customer Support,30359139
Andi Pratama,47,UI/UX Designer,33179366
Hadi Nugroho,48,Marketing Specialist,26042576
Andi Setiawan,23,Office Administrator,24550670
Dewi Wibowo,49,Product Manager,28511580
Wati Santoso,47,Operations Manager,11548469
Lestari Setiawan,47,HR Staff,14284295
Zaki Nugroho,36,Marketing Specialist,25733819
Indra Halim,46,QA Engineer,7685231
Oki Halim,41,Sales Executive,15291942
Yanto Nugroho,52,Marketing Specialist,14221383
Qori Halim,42,Office Administrator,34263782
Vina Halim,43,Software Engineer,33330848
Umar Rahayu,20,Marketing Specialist,12031220
Putri Pratama,25,Operations Manager,5689097
Dewi Setiawan,19,Office Administrator,25371716
Indra Gunawan,43,Customer Support,24752770
Umar Pratama,48,Office Administrator,5100927
Rina Nugroho,21,UI/UX Designer,12789761
Hadi Nugroho,54,Marketing Specialist,13011240
Yanto Saputra,45,UI/UX Designer,43040974
Zaki Saputra,43,Marketing Specialist,4853204
Andi Gunawan,24,Sales Executive,12867417
Qori Saputra,46,Marketing Specialist,18194169
Rina Rahayu,55,Data Analyst,11328572
Nur Firmansyah,24,QA Engineer,21120706
Kiki Saputra,56,UI/UX Designer,36373522
Putri Wijaya,52,Software Engineer,42371998
Kiki Kusuma,54,Customer Support,11362261
Vina Firmansyah,24,Operations Manager,24275488
Putri Rahayu,35,Marketing Specialist,24212817
Gita Firmansyah,34,Operations Manager,34198906
Hadi Hidayat,19,Software Engineer,16613792
Budi Santoso,18,Software Engineer,21087288
Qori Rahayu,44,Sales Executive,41186906
Siti Hidayat,31,Operations Manager,38843923
Qori Nugroho,20,Data Analyst,17779927
Zaki Saputra,33,Office Administrator,4341441
Gita Halim,27,Accountant,22785525
Vina Gunawan,55,Marketing Specialist,17650725
Zaki Wibowo,23,Office Administrator,24136544
Vina Saputra,56,Sales Executive,4096391
Rina Saputra,44,Data Analyst,8852170
Wati Hidayat,49,Data Analyst,15980723
Indra Kusuma,49,QA Engineer,33060401
Tono Hidayat,18,Customer Support,40045739
Putri Setiawan,37,Operations Manager,32453815
Yanto Wibowo,26,Office Administrator,37330391
Tono Setiawan,23,Accountant,26494797
Wati Pratama,40,HR Staff,30704198
Lestari Wibowo,41,Accountant,16211477
Eka Saputra,21,QA Engineer,6352033
Vina Kusuma,36,Customer Support,17574117
Siti Saputra,56,HR Staff,34362652
Kiki Setiawan,41,Office Administrator,38275837
Indra Halim,23,Marketing Specialist,32436580
Kiki Kusuma,34,Sales Executive,31500964
Oki Halim,42,Data Analyst,7628364
Zaki Wibowo,33,Software Engineer,11819662
Dewi Wibowo,45,QA Engineer,30793761
Lestari Halim,45,Sales Executive,7002166
Zaki Wijaya,43,Marketing Specialist,40488670
Dewi Firmansyah,34,Accountant,34052487
Wati Nugroho,43,HR Staff,29389273
Nur Wijaya,51,Sales Executive,29049616
Putri Gunawan,42,Software Engineer,12328969
Dewi Rahayu,33,Sales Executive,37002749
Budi Santoso,33,UI/UX Designer,13361763
Siti Wibowo,52,Office Administrator,16266314
Citra Setiawan,40,HR Staff,4890217
Yanto Nugroho,56,Customer Support,6865135
Gita Gunawan,60,Accountant,41462659
Umar Wibowo,19,Software Engineer,5132311
Vina Saputra,23,Data Analyst,16144470
Yanto Rahayu,57,Operations Manager,10048792
Nur Halim,23,Data Analyst,15490467
Wati Pratama,40,Software Engineer,7749520
Oki Kusuma,21,Operations Manager,6844190
Eka Wibowo,27,UI/UX Designer,15251287
Dewi Rahayu,56,Product Manager,4689959
Joko Wijaya,21,Office Administrator,40818305
Citra Hidayat,26,Data Analyst,12459603
Hadi Nugroho,44,Product Manager,12109986
Nur Gunawan,52,Software Engineer,20271493
Joko Firmansyah,40,Office Administrator,21502263
Wati Pratama,54,Product Manager,22657806
Zaki Firmansyah,23,HR Staff,35781362
Oki Suryani,48,Customer Support,31327310
Hadi Pratama,59,Software Engineer,27287121
Siti Kusuma,19,Marketing Specialist,28776521
Indra Pratama,29,QA Engineer,20577807
Hadi Nugroho,56,Operations Manager,30100198
Joko Gunawan,18,QA Engineer,19380707
Siti Hidayat,33,Software Engineer,40002829
Zaki Nugroho,31,UI/UX Designer,27778483
Joko Wibowo,18,Accountant,32755612
Wati Saputra,25,Software Engineer,8083975
Joko Hidayat,45,Data Analyst,26446649
Fitri Setiawan,40,UI/UX Designer,40689851
Fitri Firmansyah,47,QA Engineer,17300985
Siti Gunawan,40,Sales Executive,21471477
Kiki Rahayu,28,HR Staff,19773296
Eka Suryani,20,QA Engineer,16339303
Joko Wijaya,20,Office Administrator,22852043
Indra Setiawan,29,Customer Support,8694822
Budi Wijaya,30,Accountant,43815339
Joko Santoso,53,Accountant,11651345
Hadi Wibowo,58,Software Engineer,23305356
Gita Kusuma,45,HR Staff,17896594
Indra Halim,32,QA Engineer,35648172
Gita Saputra,38,UI/UX Designer,6618079
Gita Firmansyah,18,Marketing Specialist,20093040
Joko Wijaya,21,HR Staff,5002898
Oki Santoso,58,Sales Executive,32665751
Siti Wijaya,31,Marketing Specialist,11646058
Budi Santoso,44,Marketing Specialist,32198362
Putri Hidayat,25,Sales Executive,28954135
Umar Kusuma,42,UI/UX Designer,22624885
Fitri Gunawan,38,Sales Executive,9835792
Zaki Hidayat,36,Data Analyst,32435429
Oki Gunawan,33,UI/UX Designer,30640620
Qori Nugroho,49,QA Engineer,12602279
Siti Hidayat,26,Data Analyst,11422317
Dewi Pratama,41,Sales Executive,18928683
Lestari Wibowo,36,Marketing Specialist,14290476
Tono Nugroho,57,Office Administrator,28767795
Tono Pratama,32,Data Analyst,6072333
Tono Firmansyah,44,Office Administrator,10794085
Umar Pratama,47,Data Analyst,21921251
Andi Firmansyah,46,HR Staff,8565472
Eka Rahayu,19,HR Staff,31694527
Gita Setiawan,33,HR Staff,30519030
Gita Rahayu,44,Product Manager,15663424
Umar Halim,33,Software Engineer,42653373
Indra Nugroho,30,UI/UX Designer,36080011
Kiki Wijaya,24,HR Staff,39355787
Zaki Gunawan,26,HR Staff,5273547
Mega Kusuma,54,Product Manager,13767692
Kiki Firmansyah,27,HR Staff,43859497
Budi Kusuma,55,Marketing Specialist,16390471
Indra Halim,40,Office Administrator,15034977
Indra Hidayat,57,HR Staff,25353720
Budi Firmansyah,44,Product Manager,8094539
Oki Suryani,28,QA Engineer,10446185
Qori Kusuma,31,UI/UX Designer,6589468
Vina Kusuma,56,QA Engineer,36947597
Tono Nugroho,27,Operations Manager,7629268
Budi Halim,44,Operations Manager,44269818
Yanto Wibowo,25,Customer Support,17271770
Umar Nugroho,54,Office Administrator,8780398
Umar Rahayu,50,Accountant,18972785
Nur Setiawan,51,Product Manager,29538294
Gita Nugroho,19,Accountant,14074391
Zaki Pratama,41,Software Engineer,39423492
Indra Pratama,55,Accountant,10521233
Indra Kusuma,52,UI/UX Designer,8338511
Nur Halim,50,QA Engineer,5964394
Vina Saputra,48,Data Analyst,41529373
Indra Firmansyah,41,Operations Manager,14922263
Lestari Suryani,57,UI/UX Designer,17107046
Nur Kusuma,31,Operations Manager,6121164
Gita Saputra,35,Office Administrator,39789282
Citra Firmansyah,43,Office Administrator,27520318
Yanto Pratama,53,Data Analyst,12598517
Oki Gunawan,33,Customer Support,13961020
Mega Kusuma,52,Product Manager,9059617
Fitri Wibowo,32,Accountant,31370222
Tono Gunawan,45,Data Analyst,40312575
Wati Kusuma,35,Data Analyst,7364522
Indra Wijaya,18,Office Administrator,14821304
Lestari Halim,59,UI/UX Designer,32699497
Eka Suryani,32,Data Analyst,43393028
Siti Halim,21,Software Engineer,30578287
Siti Saputra,41,Accountant,5980026
Zaki Wijaya,24,Customer Support,29126855
Siti Suryani,60,Accountant,17072636
Gita Wijaya,25,Marketing Specialist,19282620
Indra Wibowo,19,Data Analyst,22582347
Hadi Setiawan,51,Accountant,23275084
Wati Saputra,30,Software Engineer,18830881
Andi Setiawan,56,QA Engineer,21301812
Vina Gunawan,31,QA Engineer,19771322
Vina Rahayu,48,Sales Executive,43598590
Joko Kusuma,40,HR Staff,7763215
Rina Setiawan,57,Sales Executive,34800540
Vina Santoso,26,HR Staff,42621752
Umar Halim,53,UI/UX Designer,44641408
Siti Firmansyah,46,Office Administrator,26661511
Joko Gunawan,23,Software Engineer,26783422
Zaki Nugroho,37,Accountant,21761383
Mega Nugroho,35,QA Engineer,25713075
Fitri Firmansyah,35,Data Analyst,6283619
Kiki Setiawan,29,Customer Support,14603825
Qori Santoso,46,Product Manager,23914834
Umar Setiawan,20,Accountant,21824197
Budi Saputra,52,Accountant,35484849
Wati Setiawan,29,Operations Manager,7624847
Qori Hidayat,45,Office Administrator,28304960
Yanto Hidayat,58,Product Manager,20603790
Lestari Setiawan,31,Product Manager,19128676
Joko Firmansyah,28,Marketing Specialist,16066616
Joko Kusuma,35,UI/UX Designer,6183006
Yanto Wibowo,48,Accountant,39464605
Citra Santoso,33,Data Analyst,31041741
Wati Setiawan,36,QA Engineer,27689114
Wati Halim,56,Customer Support,11000658
Citra Nugroho,28,Accountant,28985831
Oki Hidayat,48,Customer Support,9222900
Joko Kusuma,29,Product Manager,44580341
Nur Wijaya,50,QA Engineer,43117968
Oki Hidayat,47,Product Manager,32962573
Wati Pratama,58,Accountant,35214449
Gita Rahayu,34,Software Engineer,40875193
Lestari Santoso,34,Sales Executive,26420162
Nur Firmansyah,24,Sales Executive,35096900
Fitri Kusuma,29,Sales Executive,35396127
Umar Gunawan,41,Marketing Specialist,14129999
Hadi Wijaya,22,Customer Support,11663203
Rina Wibowo,38,Data Analyst,13637717
Eka Hidayat,38,Sales Executive,21220763
Hadi Setiawan,51,Operations Manager,4553768
Eka Saputra,38,UI/UX Designer,19362599
Umar Firmansyah,46,HR Staff,37768538
Citra Pratama,42,Marketing Specialist,24673487
Tono Suryani,19,Accountant,40324109
Andi Pratama,29,Accountant,36472627
Putri Saputra,25,Office Administrator,22912167
Oki Wibowo,57,QA Engineer,39643503
Eka Firmansyah,30,HR Staff,39420942
Citra Wibowo,38,Marketing Specialist,43754376
Mega Santoso,47,Marketing Specialist,36772164
Yanto Santoso,30,Data Analyst,21392802
Lestari Rahayu,57,HR Staff,16532713
Nur Wibowo,48,Product Manager,22128736
Vina Rahayu,28,QA Engineer,8134994
Wati Suryani,44,Sales Executive,7446550
Tono Wijaya,51,QA Engineer,37909228
Qori Setiawan,53,UI/UX Designer,4937267
Nur Gunawan,44,Customer Support,39667129
Fitri Saputra,51,Marketing Specialist,40756076
Fitri Gunawan,48,Product Manager,39977871
Fitri Wibowo,44,Marketing Specialist,9388498
Siti Santoso,24,QA Engineer,35632905
Lestari Hidayat,39,Office Administrator,35903015
Indra Gunawan,49,Product Manager,41733167
Budi Halim,22,Product Manager,27777165
Vina Saputra,19,QA Engineer,4132514
Oki Kusuma,51,Office Administrator,16410976
Yanto Rahayu,41,Software Engineer,7969163
Siti Firmansyah,24,Data Analyst,28363976
Lestari Santoso,38,Office Administrator,9201553
Tono Gunawan,19,Sales Executive,19274928
Budi Kusuma,47,QA Engineer,30089984
Qori Wijaya,50,UI/UX Designer,21175132
Tono Halim,25,Customer Support,35138002
Qori Wibowo,31,HR Staff,35136831
Andi Halim,53,Accountant,5162919
Wati Setiawan,32,Software Engineer,7950940
Siti Saputra,18,HR Staff,21143172
Wati Santoso,35,Office Administrator,11644625
Budi Pratama,32,Marketing Specialist,42011918
Rina Saputra,26,Operations Manager,26534384
Andi Rahayu,28,Product Manager,22649720
Wati Halim,60,Office Administrator,7266488
Kiki Hidayat,18,Data Analyst,35792176
Oki Pratama,59,Accountant,8362472
Siti Pratama,52,HR Staff,18635931
Gita Rahayu,18,HR Staff,29780145
Tono Nugroho,53,Office Administrator,8545027
Budi Hidayat,30,UI/UX Designer,12285400
Budi Wijaya,31,Data Analyst,18605561
Citra Suryani,27,Operations Manager,37402960
Mega Nugroho,20,Customer Support,11855593
Budi Pratama,40,Marketing Specialist,42156641
Gita Santoso,19,Software Engineer,9273065
Mega Pratama,60,Product Manager,22469986
Andi Saputra,29,Marketing Specialist,24496004
Yanto Hidayat,60,QA Engineer,35527598
Hadi Gunawan,19,Software Engineer,41478591
Andi Suryani,18,Accountant,33619909
Putri Santoso,56,Software Engineer,33993991
Fitri Nugroho,33,UI/UX Designer,28845857
Rina Nugroho,42,QA Engineer,8044151
Mega Wijaya,37,QA Engineer,14009467
Indra Saputra,27,Office Administrator,5560333
Hadi Santoso,36,Marketing Specialist,7053462
Gita Setiawan,24,Customer Support,5470203
Budi Saputra,23,HR Staff,26559034
Hadi Wibowo,32,Data Analyst,10134617
Tono Gunawan,18,UI/UX Designer,14735662
Kiki Santoso,57,Sales Executive,24359741
Nur Rahayu,40,Software Engineer,15747597
Hadi Nugroho,54,HR Staff,17218495
Rina Gunawan,22,Accountant,19464747
Citra Rahayu,28,Marketing Specialist,30787105
Qori Nugroho,18,Accountant,17023409
Eka Gunawan,41,HR Staff,35031561
Dewi Wijaya,48,Marketing Specialist,20893521
Eka Pratama,35,HR Staff,41524191
Dewi Halim,55,Product Manager,15072973
Eka Wibowo,56,Software Engineer,33024290
Hadi Saputra,34,Sales Executive,42145041
Umar Saputra,30,Software Engineer,8978222
Tono Rahayu,29,Office Administrator,4430322
Gita Saputra,49,Data Analyst,39037875
Zaki Kusuma,18,Data Analyst,8164901
Nur Pratama,47,Office Administrator,40090879
Lestari Rahayu,27,QA Engineer,6283871
Andi Saputra,50,Accountant,10023023
Eka Rahayu,54,Customer Support,4492365
Indra Kusuma,24,QA Engineer,15548928
Eka Santoso,33,Operations Manager,5208985
Gita Kusuma,53,Operations Manager,32246569
Fitri Setiawan,36,Software Engineer,18295710
Andi Halim,41,HR Staff,42946021
Joko Rahayu,45,Data Analyst,42819665
Wati Saputra,32,HR Staff,37838632
Indra Hidayat,29,Sales Executive,30271214
Citra Wibowo,43,Operations Manager,26013214
Siti Halim,18,Data Analyst,16542875
Hadi Nugroho,28,Accountant,34982687
Nur Gunawan,34,Accountant,32710328
Nur Firmansyah,49,Data Analyst,25628502
Rina Hidayat,35,UI/UX Designer,40927700
Umar Suryani,23,Product Manager,34052419
Vina Santoso,46,Sales Executive,35077577
Vina Santoso,39,HR Staff,9228551
Indra Hidayat,56,Data Analyst,30707222
Wati Setiawan,30,QA Engineer,15088600
Tono Wibowo,30,Data Analyst,29876664
Rina Setiawan,25,Customer Support,42425879
Yanto Nugroho,18,Customer Support,7068681
Rina Setiawan,36,Marketing Specialist,34708610
Indra Santoso,32,Marketing Specialist,9976984
Umar Wibowo,22,Accountant,36977347
Oki Saputra,29,Accountant,35865052
Oki Nugroho,28,Customer Support,23602183
Gita Wijaya,46,UI/UX Designer,22365853
Dewi Gunawan,24,Sales Executive,30202550
Umar Saputra,56,QA Engineer,13171811
Rina Wijaya,47,Product Manager,19114237
Hadi Santoso,55,Accountant,29744942
Dewi Santoso,34,Data Analyst,21857679
Hadi Halim,44,Software Engineer,34437164
Lestari Kusuma,34,Accountant,10499539
Eka Wijaya,32,Accountant,41403010
Joko Wibowo,57,HR Staff,6969297
Nur Pratama,34,Product Manager,8387666
Kiki Suryani,43,Marketing Specialist,26173324
Lestari Wijaya,24,QA Engineer,23096306
Nur Wijaya,49,Software Engineer,8763840
Rina Gunawan,57,Operations Manager,20743642
Putri Gunawan,24,Marketing Specialist,10898671
Mega Firmansyah,39,Sales Executive,41399623
Mega Setiawan,30,Product Manager,24010089
Citra Setiawan,36,Operations Manager,24234418
Nur Pratama,31,Sales Executive,37470340
Citra Wijaya,59,Marketing Specialist,22644249
Putri Setiawan,49,Accountant,13202214
Gita Pratama,55,Customer Support,30904053
Zaki Hidayat,51,Office Administrator,29937780
Kiki Gunawan,46,QA Engineer,18775110
Umar Setiawan,60,Customer Support,20834893
Mega Saputra,28,Office Administrator,42187146
Lestari Gunawan,45,QA Engineer,20824551
Mega Pratama,31,HR Staff,43843484
Qori Kusuma,42,UI/UX Designer,31149626
Siti Setiawan,59,HR Staff,43423360
Fitri Gunawan,49,UI/UX Designer,25723879
Andi Rahayu,44,Product Manager,18858260
Zaki Wibowo,22,Accountant,32704073
Hadi Setiawan,18,Customer Support,20460804
Nur Santoso,35,QA Engineer,28082222
Andi Santoso,40,Accountant,31749575
Eka Nugroho,55,Product Manager,40857141
Indra Firmansyah,25,Accountant,29200181
Vina Kusuma,25,Customer Support,19204944
Vina Suryani,59,Software Engineer,39288218
Joko Setiawan,45,Customer Support,19043017
Indra Saputra,31,HR Staff,8441826
Qori Setiawan,54,Customer Support,35941088
Putri Suryani,38,Data Analyst,6895163
Lestari Rahayu,19,UI/UX Designer,13047928
Citra Hidayat,41,Office Administrator,44206867
Putri Nugroho,54,QA Engineer,18815495
Siti Setiawan,55,UI/UX Designer,36368786
Siti Saputra,21,Operations Manager,43499929
Oki Gunawan,37,Data Analyst,15702670
Siti Pratama,54,Customer Support,27384018
Eka Rahayu,34,Accountant,22386681
Budi Halim,18,Accountant,11064267
Andi Rahayu,51,Customer Support,37128169
Wati Hidayat,19,Software Engineer,19551077
Budi Hidayat,52,Operations Manager,26060637
Umar Wibowo,28,Data Analyst,33691312
Oki Kusuma,38,QA Engineer,26927873
Rina Kusuma,53,Office Administrator,30144686
Lestari Santoso,34,HR Staff,32903926
Rina Santoso,41,Product Manager,11976261
Vina Firmansyah,34,Accountant,26378081
Hadi Rahayu,48,Accountant,31026198
Indra Saputra,33,Office Administrator,32736304
Budi Rahayu,59,Sales Executive,30022562
Andi Saputra,54,Data Analyst,22275179
Tono Hidayat,36,Office Administrator,27171617
Zaki Nugroho,34,QA Engineer,14737256
Siti Suryani,51,Software Engineer,16317166
Lestari Santoso,20,QA Engineer,23702658
Hadi Gunawan,52,Customer Support,40755209
Gita Gunawan,60,Marketing Specialist,6790611
Fitri Kusuma,41,Data Analyst,23016411
Gita Setiawan,30,HR Staff,33173686
Citra Wijaya,20,Operations Manager,17977521
Oki Halim,29,QA Engineer,38065633
Citra Santoso,22,Office Administrator,34083564
Vina Suryani,19,HR Staff,44610743
Eka Santoso,38,Sales Executive,38729736
Yanto Saputra,37,QA Engineer,20718756
Nur Wibowo,59,Data Analyst,40911102
Nur Santoso,35,Office Administrator,41431813
Gita Wibowo,53,Operations Manager,14355178
Indra Kusuma,55,QA Engineer,14265943
Budi Halim,44,Office Administrator,13870587
Citra Gunawan,46,HR Staff,13272379
Zaki Suryani,29,Marketing Specialist,15406252
Hadi Kusuma,53,Office Administrator,41485251
Mega Hidayat,35,UI/UX Designer,38335854
Hadi Setiawan,55,QA Engineer,36075989
Oki Pratama,41,Product Manager,16513404
Umar Pratama,57,UI/UX Designer,13072187
Citra Pratama,23,HR Staff,10141965
Nur Saputra,29,Software Engineer,19511164
Kiki Setiawan,36,Data Analyst,9646968
Citra Kusuma,47,UI/UX Designer,36394405
Hadi Halim,48,Product Manager,24405312
Nur Wibowo,26,Operations Manager,17253788
Siti Firmansyah,39,Data Analyst,42927001
Joko Nugroho,40,HR Staff,35692788
Nur Suryani,19,Office Administrator,30221496
Gita Halim,60,Accountant,30407791
Putri Pratama,25,QA Engineer,23938177
Zaki Wibowo,33,Product Manager,43856589
Dewi Hidayat,36,Accountant,34426284
Andi Rahayu,45,Office Administrator,29877442
Lestari Halim,28,Marketing Specialist,18482324
Dewi Wijaya,55,Sales Executive,13431098
Andi Suryani,40,Product Manager,20126132
Indra Firmansyah,43,Marketing Specialist,44529219
Eka Wibowo,39,Data Analyst,42966264
Joko Wijaya,29,Product Manager,21920843
Hadi Wijaya,28,Data Analyst,8759192
Yanto Setiawan,40,HR Staff,10689243
Eka Firmansyah,32,HR Staff,43108006
Citra Firmansyah,42,Marketing Specialist,14712828
Dewi Rahayu,36,QA Engineer,27287130
Gita Rahayu,24,Accountant,27586150
Putri Wijaya,23,Data Analyst,20910243
Mega Setiawan,19,Office Administrator,28377344
Putri Halim,27,Software Engineer,9920271
Qori Hidayat,26,Operations Manager,42774192
Andi Saputra,43,Marketing Specialist,35814678
Andi Saputra,41,Sales Executive,29400188
Vina Hidayat,42,QA Engineer,19215872
Oki Wijaya,52,Software Engineer,21892968
Gita Halim,35,Accountant,38839332
Budi Firmansyah,33,UI/UX Designer,27548341
Citra Kusuma,26,Product Manager,8024546
Vina Halim,26,Customer Support,20669606
Umar Wijaya,24,Software Engineer,28964677
Tono Wijaya,30,Product Manager,28598896
Kiki Wijaya,44,Sales Executive,42620966
Dewi Hidayat,37,Office Administrator,37118131
Andi Wibowo,55,Software Engineer,29372662
Rina Wijaya,22,Customer Support,34410037
Dewi Pratama,48,Data Analyst,31333046
Zaki Suryani,23,Software Engineer,29220634
Zaki Saputra,38,Office Administrator,17005293
Dewi Suryani,20,Office Administrator,37976011
Fitri Gunawan,27,Office Administrator,5942943
Lestari Setiawan,30,Data Analyst,32912560
Hadi Santoso,50,UI/UX Designer,42016933
Citra Hidayat,42,Software Engineer,32291705
Rina Gunawan,51,HR Staff,39429044
Putri Wibowo,21,Customer Support,41491765
Siti Saputra,43,Data Analyst,9707649
Andi Halim,24,Product Manager,34500927
Vina Setiawan,48,HR Staff,36405015
Citra Wibowo,41,Customer Support,21183938
Vina Rahayu,45,Operations Manager,16664735
Fitri Pratama,45,Operations Manager,9276365
Andi Hidayat,43,Operations Manager,17051635
Vina Gunawan,36,Data Analyst,43176620
Eka Wijaya,36,Accountant,28768157
Umar Halim,45,Office Administrator,12906546
Dewi Setiawan,58,Customer Support,44840997
Indra Pratama,36,Product Manager,15135312
Mega Saputra,46,HR Staff,34596453
Kiki Wijaya,33,Sales Executive,34182789
Oki Firmansyah,18,Marketing Specialist,44029261
Rina Kusuma,43,UI/UX Designer,6417849
Oki Setiawan,35,Software Engineer,24576216
Putri Wibowo,60,Office Administrator,25329461
Andi Wijaya,27,Office Administrator,28976800
Vina Kusuma,44,Data Analyst,44307865
Mega Hidayat,48,Sales Executive,36479359
Dewi Wibowo,43,Customer Support,23269552
Lestari Wibowo,20,Marketing Specialist,42605367
Zaki Hidayat,34,UI/UX Designer,35497705
Umar Nugroho,20,Software Engineer,12109260
Wati Setiawan,23,Accountant,44963655
Siti Nugroho,41,Customer Support,9406350
Putri Wijaya,28,QA Engineer,9559388
Oki Wibowo,37,Sales Executive,16932233
Indra Gunawan,23,Office Administrator,11300577
Fitri Firmansyah,58,Product Manager,14434162
Siti Pratama,55,Software Engineer,29489831
Eka Wibowo,59,Office Administrator,35805491
Umar Pratama,31,QA Engineer,9690448
Wati Rahayu,25,Customer Support,33377237
Oki Nugroho,48,Product Manager,14696616
Gita Setiawan,30,Data Analyst,42475698
Mega Rahayu,53,Data Analyst,32547949
Wati Gunawan,39,Marketing Specialist,19214997
Andi Firmansyah,52,Operations Manager,8499424
Hadi Gunawan,59,Marketing Specialist,40053277
Hadi Rahayu,26,HR Staff,25863662
Qori Suryani,57,HR Staff,42705619
Oki Halim,37,Office Administrator,24316186
Siti Firmansyah,57,HR Staff,7278852
Joko Halim,22,Office Administrator,6856139
Dewi Setiawan,48,Software Engineer,11842874
Mega Wijaya,54,HR Staff,19768150
Gita Santoso,22,Accountant,31985218
Eka Firmansyah,39,Software Engineer,30244228
Citra Gunawan,41,UI/UX Designer,22016332
Dewi Halim,22,Sales Executive,39088535
Vina Kusuma,49,HR Staff,14541939
Tono Halim,37,HR Staff,24868190
Qori Hidayat,55,Office Administrator,12555902
Fitri Wibowo,23,QA Engineer,27506923
Nur Wijaya,57,Office Administrator,19454375
Citra Gunawan,36,QA Engineer,7361032
Joko Pratama,39,HR Staff,15807540
Citra Wibowo,56,Software Engineer,37139271
Indra Suryani,46,Product Manager,11146105
Gita Wibowo,60,Customer Support,42178189
Dewi Wijaya,19,Office Administrator,14238086
Tono Wijaya,50,Marketing Specialist,28283272
Kiki Nugroho,19,Marketing Specialist,18260960
Lestari Gunawan,35,Product Manager,36971051
Indra Pratama,28,HR Staff,36164553
Zaki Firmansyah,42,Office Administrator,18180956
Kiki Santoso,45,Data Analyst,35048216
Indra Pratama,29,Accountant,30217833
Qori Saputra,35,Product Manager,17176904
Andi Hidayat,23,Customer Support,35765474
Umar Hidayat,30,Office Administrator,11453662
Wati Nugroho,50,Accountant,22425073
Tono Kusuma,44,Operations Manager,5736198
Budi Kusuma,42,Product Manager,21256835
Vina Suryani,60,Marketing Specialist,4045281
Hadi Gunawan,34,Office Administrator,24515832
Andi Saputra,33,Office Administrator,32771974
Umar Wibowo,52,Accountant,21897886
Andi Halim,48,Data Analyst,23176533
Kiki Santoso,31,Office Administrator,43707089
Gita Suryani,49,UI/UX Designer,20773831
Indra Saputra,37,Data Analyst,15074523
Nur Kusuma,34,Software Engineer,29598138
Wati Firmansyah,48,UI/UX Designer,41905671
Lestari Nugroho,54,Operations Manager,38591648
Yanto Pratama,44,Product Manager,4564133
Lestari Kusuma,21,Customer Support,24156582
Yanto Nugroho,57,Sales Executive,28659679
Dewi Nugroho,49,Software Engineer,39127887
Kiki Hidayat,41,UI/UX Designer,43571441
Tono Gunawan,27,Operations Manager,44272313
Gita Wibowo,41,Operations Manager,12079651
Zaki Setiawan,58,Software Engineer,22374086
Kiki Wibowo,36,Marketing Specialist,42556210
Hadi Santoso,42,Sales Executive,23005405
Rina Saputra,53,Accountant,39284880
Nur Kusuma,59,Data Analyst,21038792
Indra Wijaya,22,Operations Manager,6169592
Zaki Hidayat,53,Customer Support,35495262
Fitri Kusuma,38,QA Engineer,14942143
Putri Pratama,27,Sales Executive,11081870
Siti Saputra,20,Customer Support,18013303
Dewi Wibowo,50,Operations Manager,31469598
Siti Santoso,56,QA Engineer,12464657
Wati Saputra,28,UI/UX Designer,42103113
Citra Santoso,55,HR Staff,25130094
Budi Wijaya,45,Product Manager,44629743
Umar Wijaya,40,Sales Executive,19546606
Nur Pratama,52,Customer Support,9795699
Umar Gunawan,41,HR Staff,21131835
Tono Pratama,46,QA Engineer,19724342
Gita Firmansyah,31,UI/UX Designer,28161224
Zaki Firmansyah,36,QA Engineer,44450706
Gita Rahayu,34,Sales Executive,33547088
Vina Setiawan,56,Operations Manager,36165380
Rina Firmansyah,49,Product Manager,20358943
Siti Wijaya,31,HR Staff,38274057
Kiki Firmansyah,18,Data Analyst,8507290
Yanto Saputra,46,Software Engineer,22676301
Qori Wibowo,24,QA Engineer,40659019
Joko Wijaya,58,Sales Executive,30543997
Rina Wijaya,35,Sales Executive,23789704
Citra Rahayu,52,Marketing Specialist,24671506
Indra Wijaya,35,Data Analyst,38036010
Dewi Hidayat,26,Operations Manager,34138268
Gita Kusuma,48,Software Engineer,6420260
Budi Saputra,44,HR Staff,41940093
Citra Hidayat,45,Operations Manager,37560798
Dewi Pratama,59,Office Administrator,36354493
Yanto Nugroho,60,Software Engineer,24044988
Qori Pratama,21,UI/UX Designer,19109564
Eka Setiawan,18,Office Administrator,30208685
Zaki Wibowo,55,Office Administrator,38888827
Joko Kusuma,32,Product Manager,24291755
Budi Nugroho,20,QA Engineer,43314672
Yanto Hidayat,48,QA Engineer,27894354
Nur Wijaya,37,Software Engineer,20509715
Dewi Santoso,51,Customer Support,10474750
Siti Halim,26,Marketing Specialist,40917564
Citra Rahayu,20,Marketing Specialist,34684423
Tono Nugroho,44,Product Manager,22432837
Zaki Suryani,28,Product Manager,43103951
Gita Gunawan,21,QA Engineer,30221970
Fitri Suryani,21,Accountant,42591883
Kiki Setiawan,46,UI/UX Designer,15402770
Rina Wijaya,29,Sales Executive,11137208
Oki Pratama,29,Accountant,17140736
Lestari Kusuma,52,QA Engineer,14841231
Zaki Pratama,31,Office Administrator,5494025
Tono Kusuma,59,Software Engineer,42409588
Citra Suryani,28,HR Staff,38803534
Putri Nugroho,60,Sales Executive,29843724
Gita Suryani,27,HR Staff,15408079
Nur Firmansyah,45,Office Administrator,30954518
Siti Wibowo,24,Product Manager,43765310
Citra Gunawan,39,Operations Manager,26960941
Fitri Kusuma,58,Software Engineer,30745558
Oki Santoso,31,Software Engineer,11611329
Gita Wibowo,18,Office Administrator,29460984
Budi Hidayat,55,Customer Support,10844270
Zaki Nugroho,24,Product Manager,30195472
Citra Suryani,46,Customer Support,7448884
Kiki Setiawan,33,Office Administrator,34232984
Umar Gunawan,43,QA Engineer,13911145
Andi Setiawan,39,Software Engineer,7226646
Yanto Saputra,37,Marketing Specialist,43055589
Tono Rahayu,27,Customer Support,33306450
Oki Halim,52,HR Staff,7736868
Eka Rahayu,30,Data Analyst,9427873
Tono Firmansyah,20,Sales Executive,42502156
Andi Halim,26,Sales Executive,9114204
Citra Hidayat,51,HR Staff,22418514
Tono Nugroho,58,QA Engineer,15344794
Umar Wibowo,46,UI/UX Designer,30532355
Rina Rahayu,50,Operations Manager,17464542
Siti Wijaya,22,Software Engineer,18964527
Kiki Firmansyah,18,Software Engineer,23703713
Lestari Setiawan,53,Marketing Specialist,15402279
Yanto Wibowo,58,Operations Manager,26156634
Rina Halim,56,Product Manager,20437499
Siti Wijaya,53,HR Staff,33001250
Andi Firmansyah,49,Marketing Specialist,12197133
Siti Gunawan,45,UI/UX Designer,9389987
Gita Gunawan,27,Operations Manager,26757507
Nur Suryani,48,UI/UX Designer,16314861
Citra Hidayat,25,HR Staff,16003333
Zaki Kusuma,30,QA Engineer,12758319
Fitri Nugroho,51,Operations Manager,10575267
Rina Rahayu,52,UI/UX Designer,13828549
Wati Setiawan,37,QA Engineer,33502086
Rina Rahayu,20,QA Engineer,31419393
Putri Gunawan,23,Data Analyst,7250938
Citra Santoso,25,Office Administrator,37153749
Vina Suryani,44,Customer Support,19667860
Gita Firmansyah,44,Office Administrator,9890991
Umar Halim,29,Sales Executive,24941611
Wati Saputra,24,HR Staff,6468155
Joko Pratama,24,QA Engineer,35042153
Kiki Gunawan,20,Software Engineer,33163124
Lestari Santoso,25,Office Administrator,11239801
Indra Halim,39,HR Staff,39278283
Fitri Rahayu,22,HR Staff,21867057
Fitri Hidayat,22,QA Engineer,15155477
Qori Halim,32,Software Engineer,9939145
Rina Firmansyah,37,HR Staff,20852375
Lestari Hidayat,35,Product Manager,6152590
Lestari Nugroho,21,UI/UX Designer,13500185
Dewi Saputra,30,Product Manager,11499573
Citra Wibowo,46,UI/UX Designer,38848646
Wati Saputra,46,Data Analyst,17261207
Lestari Pratama,51,Marketing Specialist,30957565
Vina Halim,26,Office Administrator,19591940
Kiki Suryani,57,Data Analyst,11743088
Dewi Wibowo,49,Sales Executive,21350999
Gita Saputra,26,Accountant,31727749
Vina Pratama,53,Operations Manager,29818102
Indra Santoso,46,Marketing Specialist,9086763
Indra Hidayat,20,Software Engineer,43717949
Citra Rahayu,46,Data Analyst,15945557
Citra Wijaya,41,Customer Support,19842527
Mega Hidayat,49,Software Engineer,23242610
Wati Nugroho,18,HR Staff,21114223
Lestari Wibowo,24,Customer Support,44200134
Putri Setiawan,37,Data Analyst,41396940
Siti Santoso,45,Marketing Specialist,21281908
Citra Halim,38,Operations Manager,10167127
Hadi Kusuma,40,Office Administrator,42227896
Mega Nugroho,31,HR Staff,6593734
Kiki Gunawan,29,Data Analyst,25601647
Vina Gunawan,34,Office Administrator,18349290
Eka Setiawan,33,Software Engineer,29441426
Gita Wibowo,35,QA Engineer,39142861
Nur Wibowo,50,Sales Executive,35799253
Kiki Hidayat,55,Office Administrator,39277927
Andi Nugroho,28,Customer Support,15067002
Yanto Halim,34,UI/UX Designer,42172537
Nur Nugroho,53,Marketing Specialist,35567001
Tono Kusuma,38,Product Manager,30793577
Oki Wibowo,34,Product Manager,8405256
Kiki Halim,51,HR Staff,29987992
Dewi Setiawan,24,QA Engineer,39053649
Putri Gunawan,38,Software Engineer,34473398
Zaki Firmansyah,28,QA Engineer,14337422
Wati Hidayat,39,Operations Manager,28576720
Dewi Pratama,29,Sales Executive,20397997
Andi Setiawan,27,Software Engineer,4241149
Budi Firmansyah,60,Accountant,15924309
Zaki Setiawan,49,Office Administrator,11010668
Kiki Halim,19,Office Administrator,21275750
Indra Setiawan,31,Office Administrator,5515550
Gita Gunawan,56,QA Engineer,6609784
Siti Setiawan,26,HR Staff,38625392
Andi Wijaya,27,Operations Manager,36873425
Nur Halim,48,Data Analyst,38811296
Eka Rahayu,52,Marketing Specialist,6165539
Joko Rahayu,30,UI/UX Designer,23020450
Oki Pratama,48,QA Engineer,16942281
Fitri Wibowo,36,Sales Executive,42973301
Joko Firmansyah,33,Customer Support,44669612
Zaki Wibowo,46,QA Engineer,38997313
Tono Firmansyah,29,Operations Manager,28062333
Citra Pratama,34,Data Analyst,31088827
Andi Halim,29,Office Administrator,11900177
Indra Wijaya,30,Data Analyst,16209038
Zaki Kusuma,50,HR Staff,37127541
Hadi Nugroho,34,Operations Manager,33504059
Budi Setiawan,26,Product Manager,17793855
Putri Gunawan,32,HR Staff,34234232
Putri Wibowo,55,Office Administrator,29061770
Oki Kusuma,50,Data Analyst,39419838
Yanto Saputra,23,Office Administrator,24183670
Nur Santoso,26,Data Analyst,4840794
Qori Gunawan,29,Accountant,40077116
Yanto Santoso,45,Accountant,34961110
Dewi Wijaya,31,UI/UX Designer,21245515
Eka Hidayat,25,HR Staff,43437333
Qori Halim,57,Operations Manager,42908247
Hadi Nugroho,37,QA Engineer,11820632
Citra Hidayat,58,Customer Support,25137989
Yanto Firmansyah,35,Software Engineer,20590375
Budi Wibowo,22,Accountant,32170178
Eka Gunawan,24,HR Staff,20466550
Budi Gunawan,51,Office Administrator,34196823
Siti Halim,39,Product Manager,44023542
Andi Hidayat,22,Customer Support,44110476
Citra Setiawan,52,Customer Support,25727402
Siti Wibowo,22,QA Engineer,7386661
Budi Firmansyah,48,Marketing Specialist,41223050
Nur Setiawan,49,Customer Support,16302266
Oki Gunawan,53,Software Engineer,14327212
Putri Hidayat,52,Product Manager,32563064
Eka Gunawan,48,QA Engineer,4267693
Indra Saputra,54,Data Analyst,26553415
Siti Halim,57,QA Engineer,34428250
Vina Suryani,23,Sales Executive,32409811
Qori Pratama,33,Marketing Specialist,15314458
Siti Rahayu,18,Office Administrator,10439332
Siti Nugroho,25,Marketing Specialist,39543517
Yanto Nugroho,30,Office Administrator,4486915
Eka Nugroho,24,Sales Executive,33224703
Citra Kusuma,28,Product Manager,11928723
Budi Suryani,29,Data Analyst,37810516
Nur Suryani,51,Data Analyst,11717976
Umar Nugroho,21,Operations Manager,8454926
Andi Nugroho,31,Software Engineer,34604604
Vina Santoso,22,UI/UX Designer,13886118
Citra Suryani,51,Customer Support,6189294
Fitri Nugroho,25,Operations Manager,40124346
Citra Setiawan,31,UI/UX Designer,44536659
Oki Gunawan,48,Data Analyst,23362515
Zaki Gunawan,59,Product Manager,17850010
Tono Saputra,25,Software Engineer,4472336
Dewi Santoso,50,Software Engineer,25364204
Yanto Setiawan,28,Sales Executive,11115369
Indra Setiawan,21,Data Analyst,23756002
Wati Nugroho,31,Accountant,5958835
Dewi Suryani,46,HR Staff,35877493
Rina Hidayat,20,Customer Support,31832087
Zaki Nugroho,51,Accountant,36486398
Indra Saputra,18,Product Manager,34491206
Tono Gunawan,19,QA Engineer,23069541
Qori Santoso,57,Operations Manager,27428285
Andi Setiawan,40,Data Analyst,38682342
Putri Setiawan,39,Sales Executive,15366854
Qori Wibowo,43,UI/UX Designer,16031382
Lestari Suryani,59,Office Administrator,17882103
Kiki Santoso,46,QA Engineer,20436682
Mega Kusuma,51,Data Analyst,22476054
Hadi Kusuma,34,Accountant,28689149
Tono Rahayu,37,QA Engineer,24869205
Rina Pratama,26,Software Engineer,28791597
Citra Santoso,56,Sales Executive,30704218
Andi Halim,46,Product Manager,37387741
Siti Halim,25,UI/UX Designer,26438128
Zaki Hidayat,41,Software Engineer,30974594
Nur Firmansyah,44,Office Administrator,28464472
Hadi Hidayat,31,Product Manager,9333300
Vina Suryani,47,Product Manager,20165307
Wati Suryani,38,HR Staff,31989460
Oki Firmansyah,49,Sales Executive,28458971
Kiki Santoso,37,Accountant,26457705
Umar Nugroho,59,Data Analyst,8348155
Tono Suryani,52,Software Engineer,15297093
Dewi Kusuma,40,Sales Executive,20003683
Lestari Gunawan,37,Office Administrator,20727930
Citra Rahayu,20,QA Engineer,17144395
Kiki Santoso,35,HR Staff,16405829
Wati Saputra,36,Marketing Specialist,44148711
Gita Rahayu,49,Accountant,42942984
Dewi Santoso,21,Software Engineer,24205926
Qori Halim,48,Office Administrator,4565336
Citra Santoso,41,Customer Support,6573239
Yanto Rahayu,56,Office Administrator,36739112
Wati Santoso,46,UI/UX Designer,39718077
Rina Rahayu,58,UI/UX Designer,13082533
Vina Nugroho,45,UI/UX Designer,37677034
Zaki Pratama,53,Software Engineer,40109514
Andi Wibowo,24,Office Administrator,41163535
Nur Halim,50,Sales Executive,5274923
Dewi Santoso,50,Marketing Specialist,41278070
Oki Pratama,23,Office Administrator,12035527
Kiki Hidayat,56,Sales Executive,11708691
Siti Saputra,39,UI/UX Designer,41131741
Gita Firmansyah,25,QA Engineer,5668037
Putri Halim,34,Marketing Specialist,27580787
Wati Wijaya,20,HR Staff,5864222
Nur Gunawan,58,Product Manager,34628923
Dewi Rahayu,47,QA Engineer,15014072
Oki Pratama,36,Marketing Specialist,27489032
Qori Saputra,41,UI/UX Designer,10176726
Citra Hidayat,26,Marketing Specialist,40704045
Nur Gunawan,57,Data Analyst,26229622
Joko Suryani,53,Marketing Specialist,28145364
Budi Wijaya,49,HR Staff,16338218
Fitri Setiawan,60,Customer Support,20817742
Zaki Hidayat,27,Operations Manager,18877482
Qori Saputra,19,Accountant,43608304
Rina Halim,18,QA Engineer,5146121
Nur Rahayu,47,Software Engineer,33180799
Yanto Setiawan,40,Product Manager,23450773
Nur Gunawan,51,Data Analyst,4495416
Budi Wibowo,42,Software Engineer,10440921
Wati Nugroho,35,Accountant,16380875
Lestari Gunawan,43,UI/UX Designer,40494103
Fitri Rahayu,44,Software Engineer,37229428
Rina Gunawan,52,QA Engineer,37579928
Qori Santoso,52,Customer Support,20835196
Oki Saputra,33,Sales Executive,18364372
Kiki Wijaya,22,Office Administrator,40071688
Kiki Saputra,53,QA Engineer,15583665
Rina Wijaya,59,QA Engineer,42048008
Tono Saputra,40,HR Staff,6186849
Qori Gunawan,50,Customer Support,39328910
Fitri Suryani,49,HR Staff,30765538
Citra Kusuma,57,Customer Support,29361764
Qori Saputra,32,Customer Support,30075030
Andi Kusuma,24,Marketing Specialist,22755575
Citra Wijaya,59,Product Manager,22654932
Rina Rahayu,59,Software Engineer,30103941
Zaki Nugroho,52,Customer Support,14320666
Dewi Kusuma,55,UI/UX Designer,9571930
Citra Kusuma,31,Operations Manager,31331245
Oki Hidayat,29,UI/UX Designer,7698010
Kiki Halim,21,QA Engineer,31625732
Joko Kusuma,31,Office Administrator,26839580
Andi Wijaya,20,Product Manager,22163538
Tono Suryani,60,QA Engineer,35665286
Kiki Pratama,41,Operations Manager,41199879
Citra Suryani,33,Operations Manager,5489458
Lestari Firmansyah,25,Software Engineer,10205228
Zaki Wibowo,23,Marketing Specialist,40491543
Joko Rahayu,20,Marketing Specialist,43322414
Zaki Hidayat,26,Customer Support,40485733
Wati Wibowo,22,Office Administrator,34311365
Nur Kusuma,45,Customer Support,24791505
Oki Nugroho,30,HR Staff,16638674
Indra Pratama,45,HR Staff,19963298
Qori Wibowo,34,HR Staff,38982105
Hadi Gunawan,35,Operations Manager,31275893
Putri Santoso,30,Sales Executive,21541485
Dewi Wijaya,20,HR Staff,40278669
Putri Firmansyah,20,Software Engineer,28420297
Citra Wibowo,45,Data Analyst,10541030
Budi Firmansyah,30,Data Analyst,34074935
Gita Wibowo,33,Office Administrator,40868440
Citra Suryani,22,Software Engineer,26809209
Indra Wibowo,22,HR Staff,7833418
Mega Nugroho,18,QA Engineer,43154608
Qori Wibowo,49,Operations Manager,36553540
Qori Kusuma,40,QA Engineer,5533679
Mega Halim,38,Product Manager,5003641
Vina Suryani,53,QA Engineer,18399967
Yanto Saputra,41,Data Analyst,44347875
Vina Saputra,56,QA Engineer,4655657
Qori Pratama,26,Accountant,11458939
Kiki Nugroho,59,QA Engineer,8592284
Lestari Firmansyah,55,Product Manager,8974310
Eka Saputra,46,Customer Support,28313896
Nur Halim,34,Office Administrator,43460868
Joko Suryani,47,Product Manager,42482595
Rina Nugroho,42,Operations Manager,19195001
Mega Santoso,36,Data Analyst,10201733
Lestari Wijaya,60,Data Analyst,11420982
Wati Nugroho,22,Data Analyst,10820554
Vina Santoso,38,HR Staff,8795275
Budi Santoso,40,QA Engineer,39240313
Rina Gunawan,22,Accountant,8523682
Putri Setiawan,28,Accountant,44010972
Nur Gunawan,39,Data Analyst,20016698
Fitri Hidayat,25,Marketing Specialist,5047043
Hadi Gunawan,28,Product Manager,13735900
Joko Hidayat,25,Marketing Specialist,35829098
Hadi Gunawan,27,Accountant,38878157
Fitri Wibowo,39,Operations Manager,38461958
Hadi Santoso,35,Office Administrator,25400655
Oki Wibowo,50,Data Analyst,18062724
Putri Wijaya,53,Marketing Specialist,15564470
Yanto Firmansyah,37,Customer Support,5999571
Umar Kusuma,36,UI/UX Designer,6586627
Dewi Gunawan,57,Product Manager,22702156
Vina Saputra,43,Marketing Specialist,8030044
Vina Hidayat,18,QA Engineer,9948741
Rina Kusuma,22,Accountant,39911876
Wati Nugroho,51,UI/UX Designer,21060508
Putri Suryani,18,HR Staff,32228040
Zaki Nugroho,48,Office Administrator,25097676
Zaki Kusuma,36,Product Manager,14413450
Vina Setiawan,45,Sales Executive,7382894
Umar Halim,56,UI/UX Designer,44436350
Oki Firmansyah,58,Accountant,10328989
Lestari Halim,25,Accountant,44353489
Fitri Saputra,41,QA Engineer,16792487
Oki Saputra,49,Operations Manager,38840630
Mega Santoso,43,Office Administrator,33846832
Yanto Gunawan,51,Operations Manager,41651547
Qori Gunawan,35,Customer Support,7808983
Zaki Suryani,23,Office Administrator,22388530
Nur Firmansyah,41,Product Manager,38570434
Yanto Santoso,50,Marketing Specialist,14169739
Yanto Wijaya,51,Customer Support,6395794
Budi Wijaya,22,QA Engineer,26896451
Yanto Santoso,23,Data Analyst,13195967
Siti Saputra,38,UI/UX Designer,30727742
Andi Rahayu,44,Accountant,31649184
Oki Wijaya,30,HR Staff,7662532
Mega Hidayat,32,HR Staff,5121858
Hadi Santoso,20,Sales Executive,26982802
Citra Kusuma,39,Operations Manager,31750510
Wati Halim,53,Data Analyst,36828721
Putri Suryani,56,Product Manager,41703465
Qori Gunawan,60,Product Manager,19776757
Wati Wibowo,42,Software Engineer,31837252
Rina Gunawan,18,Office Administrator,25154423
Kiki Hidayat,21,UI/UX Designer,18061173
Dewi Santoso,51,HR Staff,21162225
Oki Rahayu,41,HR Staff,32002525
Gita Firmansyah,38,Software Engineer,6266007
Citra Firmansyah,19,Office Administrator,5504469
Lestari Halim,52,Data Analyst,29895156
Wati Nugroho,56,UI/UX Designer,23567266
Nur Setiawan,21,Customer Support,16734653
Hadi Halim,30,UI/UX Designer,9731370
Tono Firmansyah,40,Operations Manager,41774293
Kiki Saputra,42,Product Manager,28834616
Indra Rahayu,27,QA Engineer,26160517
Indra Nugroho,41,Customer Support,29661500
Zaki Santoso,25,Office Administrator,21374358
Yanto Santoso,59,Data Analyst,5315485
Fitri Wijaya,56,UI/UX Designer,44588011
Citra Suryani,31,Operations Manager,38786342
Indra Setiawan,18,Marketing Specialist,26222227
Hadi Wibowo,56,HR Staff,25003188
Joko Saputra,40,Operations Manager,26989347
Andi Firmansyah,20,HR Staff,24698087
Citra Halim,59,Sales Executive,34575666
Andi Hidayat,46,HR Staff,21363644
Dewi Gunawan,25,Office Administrator,20088469
Nur Setiawan,53,Accountant,39717885
Fitri Nugroho,39,Operations Manager,4825495
Siti Halim,44,HR Staff,31257335
Indra Nugroho,52,QA Engineer,11571158
Joko Saputra,31,Software Engineer,35667035
Citra Saputra,40,Software Engineer,33123121
Joko Nugroho,56,Operations Manager,6087384
Citra Saputra,18,Office Administrator,37262376
Siti Firmansyah,40,HR Staff,43110150
Eka Setiawan,23,QA Engineer,37304770
Mega Rahayu,59,Customer Support,32330758
Joko Halim,21,Product Manager,35062379
Gita Santoso,34,Accountant,19650944
Gita Setiawan,34,Operations Manager,33283550
Putri Saputra,37,Operations Manager,13046358
Citra Kusuma,24,Product Manager,18892192
Andi Rahayu,31,Operations Manager,10878266
Nur Rahayu,31,Accountant,18653008
Lestari Rahayu,55,Product Manager,41698767
Zaki Wijaya,50,Product Manager,21485445
Yanto Nugroho,53,Product Manager,31249732
Citra Rahayu,34,Operations Manager,12123694
Budi Gunawan,48,Data Analyst,10576758
Rina Kusuma,39,Data Analyst,12665046
Nur Setiawan,34,Operations Manager,17139386
Umar Wijaya,20,QA Engineer,33546209
Qori Kusuma,56,QA Engineer,34212215
Yanto Hidayat,55,UI/UX Designer,10897335
Wati Wijaya,21,Marketing Specialist,26828453
Eka Pratama,39,Data Analyst,35462850
Budi Firmansyah,40,Office Administrator,39285621
Rina Setiawan,40,Marketing Specialist,34958273
Siti Santoso,44,UI/UX Designer,12652359
Wati Hidayat,33,Data Analyst,42988185
Tono Santoso,47,Software Engineer,5079190
Gita Hidayat,49,Accountant,35759942
Hadi Saputra,18,Accountant,25934470
Zaki Pratama,19,Marketing Specialist,25550375
Umar Setiawan,28,Product Manager,9955402
Oki Hidayat,60,Accountant,5117265
Kiki Rahayu,32,UI/UX Designer,12587981
Mega Santoso,58,Sales Executive,32726244
Wati Kusuma,50,Software Engineer,20229764
Mega Firmansyah,22,Customer Support,15423100
Gita Saputra,47,Marketing Specialist,16671985
Eka Hidayat,45,Operations Manager,17715178
Andi Suryani,37,Software Engineer,4922616
Budi Hidayat,23,Operations Manager,9250170
Joko Kusuma,41,Operations Manager,11554452
Wati Suryani,22,QA Engineer,25930967
Citra Suryani,39,Sales Executive,7641956
Budi Wijaya,28,HR Staff,25270696
Wati Halim,49,Sales Executive,31219507
Joko Santoso,31,Sales Executive,7928193
Kiki Halim,54,HR Staff,22074262
Wati Hidayat,42,Software Engineer,41572674
Lestari Firmansyah,25,Office Administrator,7594579
Nur Rahayu,23,Operations Manager,17280146
Nur Saputra,32,Operations Manager,36169751
Eka Wibowo,31,QA Engineer,37447511
Siti Firmansyah,40,Office Administrator,33762325
Eka Saputra,42,Customer Support,32609411
Oki Suryani,42,Data Analyst,4878347
Budi Saputra,52,Marketing Specialist,40097837
Oki Firmansyah,48,Accountant,20649562
Rina Hidayat,57,Operations Manager,18120829
Qori Gunawan,24,Marketing Specialist,35386024
Putri Firmansyah,32,Product Manager,16283654
Hadi Suryani,58,Office Administrator,24055739
Putri Saputra,49,Operations Manager,29951422
Nur Hidayat,46,Sales Executive,26652898
Gita Wibowo,42,Software Engineer,37559457
Siti Pratama,36,Product Manager,39795853
Rina Gunawan,22,Marketing Specialist,18700686
Qori Firmansyah,30,UI/UX Designer,35469787
Dewi Wibowo,18,Sales Executive,23822240
Gita Santoso,27,HR Staff,37102856
Hadi Gunawan,25,Customer Support,34758887
Qori Setiawan,60,Data Analyst,29274350
Indra Rahayu,55,Software Engineer,22471569
Citra Saputra,48,Sales Executive,16582249
Budi Wijaya,56,Office Administrator,43396032
Vina Santoso,51,Software Engineer,39689536
Vina Halim,60,Customer Support,9594770
Oki Saputra,51,Office Administrator,27717030
Oki Nugroho,26,Marketing Specialist,6906626
Zaki Saputra,41,Marketing Specialist,35966921
Indra Wibowo,38,Data Analyst,40473676
Kiki Suryani,25,Sales Executive,39870072
Umar Nugroho,50,Software Engineer,42329378
Hadi Halim,57,QA Engineer,7848488
Gita Rahayu,53,Sales Executive,32355970
Tono Wibowo,30,Operations Manager,42288094
Qori Saputra,39,Office Administrator,8463139
Kiki Firmansyah,34,Software Engineer,14084005
Tono Kusuma,35,HR Staff,37087422
Qori Saputra,34,HR Staff,42252357
Citra Rahayu,27,QA Engineer,6900029
Qori Kusuma,59,Operations Manager,11407183
Hadi Gunawan,26,Marketing Specialist,18929996
Lestari Santoso,23,UI/UX Designer,37337149
Joko Saputra,58,Customer Support,43140148
Mega Nugroho,27,Customer Support,38363771
Qori Hidayat,35,Marketing Specialist,39837604
Indra Rahayu,32,Software Engineer,44511832
Tono Firmansyah,56,Data Analyst,28873177
Vina Kusuma,49,Accountant,31368573
Kiki Kusuma,24,Product Manager,30530335
Lestari Pratama,45,Product Manager,16216599
Mega Pratama,33,Customer Support,4882597
Budi Hidayat,33,Data Analyst,42388621
Eka Santoso,44,Sales Executive,23822281
Indra Pratama,24,Sales Executive,30839305
Citra Setiawan,46,Operations Manager,22542271
Kiki Hidayat,28,Operations Manager,44422289
Hadi Wijaya,26,Data Analyst,6510465
Dewi Kusuma,33,Operations Manager,30691847
Umar Setiawan,45,Operations Manager,10319023
Vina Halim,44,UI/UX Designer,28751658
Wati Halim,52,Operations Manager,24615013
Vina Hidayat,28,UI/UX Designer,39030854
Wati Kusuma,29,Accountant,43397206
Hadi Santoso,48,Data Analyst,19910978
Gita Wibowo,30,QA Engineer,22095494
Tono Suryani,18,Office Administrator,20273493
Andi Suryani,55,Data Analyst,19717688
Nur Gunawan,58,Accountant,26075669
Tono Wijaya,57,Product Manager,11254073
Rina Kusuma,23,Software Engineer,13533369
Eka Saputra,18,Marketing Specialist,12638180
Lestari Pratama,26,Customer Support,25854580
Yanto Suryani,42,Product Manager,17524239
Citra Setiawan,43,QA Engineer,20588510
Joko Santoso,52,Sales Executive,12565454
Zaki Hidayat,36,Product Manager,31557525
Qori Wibowo,60,Customer Support,25087271
Budi Saputra,40,Accountant,31789873
Gita Firmansyah,54,HR Staff,37947647
Tono Gunawan,25,Accountant,41904664
Lestari Halim,20,Accountant,8244024
Oki Setiawan,34,Customer Support,37865155
Gita Saputra,38,Product Manager,6394026
Hadi Wijaya,47,Accountant,23018733
Lestari Wibowo,46,Customer Support,39588347
Vina Hidayat,50,HR Staff,4075346
Qori Setiawan,22,Software Engineer,43448990
Rina Wijaya,58,Office Administrator,29198089
Fitri Wibowo,59,Operations Manager,30969669
Mega Nugroho,28,Marketing Specialist,7876615
Fitri Suryani,34,Office Administrator,26363260
Budi Hidayat,19,Operations Manager,34445115
Eka Wibowo,26,Data Analyst,32758692
Indra Kusuma,59,HR Staff,38402959
Eka Halim,37,Accountant,33739061
Fitri Saputra,18,Data Analyst,18656451
Hadi Pratama,41,UI/UX Designer,42359444
Qori Kusuma,53,Office Administrator,44754491
Gita Halim,19,Office Administrator,12029936
Rina Suryani,20,Data Analyst,35765612
Eka Firmansyah,38,Product Manager,14110941
Zaki Pratama,55,Sales Executive,41320235
Nur Setiawan,34,Product Manager,21030141
Andi Saputra,38,Software Engineer,43688724
Kiki Santoso,57,Software Engineer,17626828
Oki Saputra,21,Sales Executive,12310287
Budi Rahayu,22,HR Staff,28799667
Andi Halim,22,UI/UX Designer,38666009
Budi Nugroho,58,HR Staff,5043140
Fitri Firmansyah,29,Office Administrator,15181542
Nur Setiawan,35,UI/UX Designer,27248771
Budi Firmansyah,42,Product Manager,25224995
Oki Wijaya,47,Office Administrator,17756694
Fitri Setiawan,40,UI/UX Designer,31906789
Eka Hidayat,27,Customer Support,6855935
Eka Setiawan,20,Product Manager,7210974
Citra Halim,22,Customer Support,5493223
Rina Nugroho,58,Office Administrator,15502174
Umar Hidayat,34,Operations Manager,13590390
Eka Setiawan,57,Sales Executive,21521063
Qori Pratama,34,QA Engineer,36971250
Wati Wibowo,27,Accountant,35208434
Oki Saputra,46,QA Engineer,31028595
Indra Pratama,21,Operations Manager,10948824
Oki Halim,55,Operations Manager,19441341
Putri Santoso,42,UI/UX Designer,20667981
Tono Hidayat,45,HR Staff,9880080
Budi Suryani,41,Software Engineer,6040523
Mega Saputra,36,Marketing Specialist,23246675
Nur Setiawan,58,QA Engineer,29853865
Hadi Halim,19,Product Manager,28949286
Lestari Pratama,34,Office Administrator,25835856
Indra Firmansyah,58,QA Engineer,17121557
Vina Hidayat,50,Operations Manager,22778634
Rina Santoso,45,Customer Support,12605218
Yanto Firmansyah,57,HR Staff,16738422
Dewi Hidayat,28,Data Analyst,16857654
Indra Santoso,28,Product Manager,6724182
Budi Firmansyah,57,Accountant,8986069
Vina Santoso,37,Office Administrator,36562252
Lestari Nugroho,43,Office Administrator,29091490
Andi Halim,32,Accountant,44782278
Gita Nugroho,29,HR Staff,40384333
Oki Wijaya,51,UI/UX Designer,42579889
Eka Kusuma,23,Software Engineer,10390576
Nur Firmansyah,56,QA Engineer,36160774
Wati Saputra,31,Data Analyst,12606237
Mega Wijaya,54,Software Engineer,30906174
Rina Rahayu,42,Data Analyst,23906660
Rina Gunawan,41,Product Manager,42971720
Siti Setiawan,37,Product Manager,24424194
Yanto Rahayu,53,QA Engineer,21108362
Gita Wibowo,21,QA Engineer,39540824
Zaki Santoso,53,UI/UX Designer,37272573
Dewi Suryani,44,Customer Support,28212820
Nur Hidayat,21,Software Engineer,12796649
Citra Santoso,37,Marketing Specialist,33376574
Tono Nugroho,54,HR Staff,40426026
Hadi Santoso,33,Data Analyst,26926891
Umar Gunawan,21,HR Staff,4864828
Budi Rahayu,51,UI/UX Designer,28102542
Yanto Saputra,22,UI/UX Designer,28627765
Rina Gunawan,20,Product Manager,44069400
Yanto Wijaya,48,HR Staff,7964861
Rina Hidayat,48,Sales Executive,30423187
Oki Setiawan,30,Data Analyst,24265463
Tono Gunawan,50,Operations Manager,20366936
Putri Wibowo,60,UI/UX Designer,16791675
Lestari Suryani,48,QA Engineer,34468841
Gita Pratama,38,Product Manager,4845675
Dewi Halim,29,HR Staff,7339173
Kiki Firmansyah,32,Accountant,44597053
Gita Santoso,32,Marketing Specialist,31992650
Umar Pratama,42,HR Staff,39745335
Rina Gunawan,31,Software Engineer,32123145
Andi Wijaya,33,Accountant,19126805
Nur Hidayat,51,HR Staff,22427571
Joko Setiawan,27,Marketing Specialist,32008052
Oki Wibowo,46,Marketing Specialist,27582618
Budi Kusuma,18,Marketing Specialist,32338081
Eka Saputra,48,UI/UX Designer,14920009
Rina Halim,37,Data Analyst,23597917
Kiki Gunawan,24,QA Engineer,16209509
Joko Hidayat,20,Accountant,17545950
Zaki Wijaya,40,Data Analyst,9158554
Budi Rahayu,43,Product Manager,32779088
Indra Saputra,19,HR Staff,20278211
Siti Halim,39,HR Staff,21923032
Lestari Nugroho,56,Marketing Specialist,11322518
Putri Hidayat,50,Sales Executive,43774280
Nur Saputra,36,Data Analyst,13513402
Hadi Wibowo,26,HR Staff,39345636
Lestari Saputra,37,Operations Manager,12387233
Dewi Kusuma,30,Sales Executive,6485589
Putri Saputra,55,QA Engineer,11714231
Gita Nugroho,54,HR Staff,35911769
Lestari Hidayat,20,Software Engineer,6367011
Tono Santoso,50,Operations Manager,6733829
Eka Setiawan,39,Software Engineer,7165473
Citra Santoso,45,HR Staff,27924856
Nur Suryani,42,Operations Manager,23812064
Yanto Saputra,53,Sales Executive,39811180
Fitri Nugroho,41,Accountant,17774501
Andi Firmansyah,41,UI/UX Designer,14920738
Kiki Suryani,55,UI/UX Designer,33839374
Kiki Hidayat,41,Software Engineer,19462747
Eka Hidayat,31,UI/UX Designer,34088246
Siti Nugroho,30,Customer Support,4043506
Wati Setiawan,34,QA Engineer,43778389
Vina Setiawan,35,Office Administrator,36662218
Budi Pratama,59,Product Manager,14133699
Eka Kusuma,20,Product Manager,7805383
Yanto Suryani,46,Sales Executive,4233102
Kiki Rahayu,19,Operations Manager,5057554
Gita Santoso,26,Customer Support,15503120
Fitri Setiawan,26,QA Engineer,33685207
Andi Firmansyah,35,Accountant,44693856
Andi Rahayu,54,Sales Executive,43453714
Vina Nugroho,37,Operations Manager,10092851
Nur Hidayat,20,Sales Executive,43160836
Tono Kusuma,36,Customer Support,5955695
Siti Halim,51,UI/UX Designer,43443618
Andi Hidayat,35,Product Manager,28635362
Umar Setiawan,25,Product Manager,36603610
Fitri Halim,33,Customer Support,28131268
Yanto Firmansyah,59,Software Engineer,43933428
Budi Rahayu,35,Data Analyst,18644056
Dewi Gunawan,31,Marketing Specialist,16311926
Qori Hidayat,53,Software Engineer,4133512
Umar Firmansyah,58,Software Engineer,4527247
Mega Gunawan,51,Software Engineer,7058036
Nur Wijaya,43,Accountant,19356620
Nur Halim,35,QA Engineer,42168366
Oki Wibowo,28,Marketing Specialist,9724129
Zaki Setiawan,54,Product Manager,11600300
Andi Gunawan,48,UI/UX Designer,29272854
Kiki Pratama,52,Office Administrator,25409769
Yanto Kusuma,25,Accountant,40981551
Andi Suryani,50,Customer Support,5025580
Gita Kusuma,38,Operations Manager,21137916
Zaki Kusuma,60,Customer Support,20191428
Nur Kusuma,25,Accountant,44091098
Indra Halim,26,Marketing Specialist,10284644
Fitri Wijaya,23,HR Staff,30219001
Rina Gunawan,58,Accountant,42257053
Zaki Hidayat,22,Software Engineer,14994561
Kiki Suryani,47,Product Manager,23608036
Oki Saputra,32,Data Analyst,10308019
Qori Santoso,44,Sales Executive,24100540
Andi Rahayu,46,Customer Support,38737224
Umar Suryani,54,Software Engineer,20902803
Andi Pratama,58,Customer Support,30269318
Rina Wijaya,23,Marketing Specialist,32546067
Kiki Wijaya,42,Accountant,37548038
Rina Wijaya,55,HR Staff,27255772
Budi Nugroho,37,Operations Manager,31800937
Nur Firmansyah,29,Accountant,7140671
Nur Santoso,60,HR Staff,29950813
Fitri Pratama,58,Marketing Specialist,18241989
Tono Pratama,21,HR Staff,4554017
Zaki Firmansyah,27,Office Administrator,20592198
Hadi Setiawan,47,Customer Support,36503707
Budi Suryani,56,Marketing Specialist,12954911
Nur Rahayu,54,QA Engineer,33689199
Umar Suryani,43,Product Manager,36331300
Oki Kusuma,35,HR Staff,23778041
Andi Gunawan,52,Product Manager,18535438
Wati Rahayu,22,Sales Executive,19777341
Wati Gunawan,38,Customer Support,30847497
Yanto Nugroho,26,Marketing Specialist,38053514
Nur Halim,19,UI/UX Designer,29267324
Vina Wibowo,39,Accountant,36018636
Zaki Halim,34,HR Staff,13330399
Siti Setiawan,29,Software Engineer,6531142
Lestari Nugroho,20,Office Administrator,20601229
Qori Nugroho,55,Operations Manager,23707364
Vina Gunawan,27,UI/UX Designer,35996221
Budi Saputra,50,HR Staff,23955360
Wati Gunawan,24,Accountant,24852555
Lestari Pratama,25,Operations Manager,38801444
Zaki Halim,25,Marketing Specialist,5968504
Mega Saputra,31,QA Engineer,33671156
Tono Nugroho,37,Data Analyst,27982154
Putri Saputra,44,Marketing Specialist,5683986
Vina Nugroho,36,Operations Manager,18237541
Lestari Suryani,24,QA Engineer,20746606
Wati Gunawan,25,Accountant,12484387
Hadi Wibowo,53,Marketing Specialist,21016268
Dewi Saputra,45,Office Administrator,34222863
Kiki Pratama,18,HR Staff,25719479
Budi Kusuma,54,Product Manager,4222233
Mega Santoso,22,Customer Support,10697632
Andi Saputra,39,Marketing Specialist,6832452
Rina Suryani,50,QA Engineer,41525520
Putri Kusuma,57,Accountant,20988038
Vina Nugroho,49,Software Engineer,7833103
Fitri Suryani,36,UI/UX Designer,26832794
Putri Santoso,36,Office Administrator,10627809
Budi Kusuma,30,Software Engineer,5242111
Gita Hidayat,57,Product Manager,39688794
Rina Rahayu,32,Sales Executive,35071920
Indra Firmansyah,18,QA Engineer,41720870
Citra Hidayat,41,Product Manager,11006154
Oki Gunawan,46,Data Analyst,44658930
Rina Firmansyah,59,Customer Support,34544123
Wati Santoso,56,Sales Executive,15964408
Qori Firmansyah,49,Marketing Specialist,9072237
Mega Hidayat,48,Customer Support,19912561
Mega Halim,28,QA Engineer,34149586
Siti Wibowo,55,Software Engineer,5305090
Indra Kusuma,48,QA Engineer,10911440
Putri Wijaya,41,Sales Executive,18034779
Wati Wibowo,22,Customer Support,20809308
Hadi Santoso,35,Product Manager,38527576
Zaki Pratama,47,Data Analyst,31512010
Dewi Pratama,42,UI/UX Designer,13631756
Nur Nugroho,28,QA Engineer,15474387
Vina Kusuma,52,Customer Support,32399194
Rina Rahayu,23,Software Engineer,41724901
Siti Nugroho,42,Customer Support,13438111
Fitri Santoso,44,Sales Executive,40652493
Eka Wijaya,28,HR Staff,6421881
Zaki Suryani,40,Accountant,9600013
Lestari Pratama,30,Software Engineer,39898029
Kiki Hidayat,35,Customer Support,33957084
Qori Firmansyah,23,Sales Executive,19761212
Kiki Wibowo,45,UI/UX Designer,19954600
Hadi Kusuma,25,Accountant,5759746
Dewi Firmansyah,53,Office Administrator,18089103
Indra Hidayat,27,UI/UX Designer,22008334
Putri Santoso,58,HR Staff,23362737
Kiki Wibowo,26,Data Analyst,17234205
Tono Kusuma,52,Data Analyst,10786412
Oki Halim,33,UI/UX Designer,15220805
Budi Kusuma,30,Data Analyst,5318072
Andi Gunawan,18,Operations Manager,8136515
Zaki Pratama,53,Data Analyst,16530941
Rina Wijaya,41,Sales Executive,10396230
Lestari Wijaya,37,UI/UX Designer,27775305
Hadi Pratama,42,Customer Support,40845672
Umar Rahayu,38,UI/UX Designer,14915052
Andi Firmansyah,46,Customer Support,29654286
Nur Nugroho,42,Operations Manager,19477782
Siti Setiawan,47,QA Engineer,41740868
Joko Saputra,19,Product Manager,25281068
Siti Hidayat,23,Office Administrator,38731333
Rina Santoso,38,Customer Support,33590491
Joko Rahayu,18,Accountant,27682567
Oki Santoso,50,Accountant,41060456
Rina Firmansyah,43,Accountant,39079336
Umar Pratama,21,Sales Executive,39419222
Qori Santoso,20,UI/UX Designer,26690313
Putri Saputra,29,Accountant,5952764
Hadi Santoso,44,UI/UX Designer,41890563
Nur Wibowo,27,Office Administrator,7731040
Kiki Wibowo,21,HR Staff,24710052
Budi Saputra,30,Marketing Specialist,39526512
Qori Pratama,59,Office Administrator,18009655
Yanto Kusuma,41,Product Manager,6236990
Fitri Setiawan,54,Marketing Specialist,36133799
Lestari Setiawan,59,Customer Support,6461064
Lestari Wibowo,58,Sales Executive,41426536
Nur Setiawan,44,QA Engineer,21156379
Tono Wijaya,18,Accountant,21824348
Gita Nugroho,25,Accountant,15687673
Fitri Pratama,53,Sales Executive,17938124
Hadi Wijaya,30,Accountant,33017127
Kiki Saputra,45,Customer Support,40556327
Qori Santoso,20,Customer Support,33261983
Qori Nugroho,56,Customer Support,39562296
Fitri Hidayat,53,UI/UX Designer,32577337
Budi Pratama,34,QA Engineer,16312713
Kiki Kusuma,26,Data Analyst,19214961
Qori Wibowo,45,Operations Manager,40654959
Zaki Santoso,60,QA Engineer,18226453
Tono Rahayu,60,Sales Executive,9401542
Siti Wijaya,29,UI/UX Designer,16316859
Lestari Hidayat,56,HR Staff,20657255
Eka Setiawan,51,Office Administrator,19235104
Eka Wibowo,54,Marketing Specialist,20052672
Joko Kusuma,53,UI/UX Designer,21020616
Fitri Wijaya,42,Sales Executive,18259324
Budi Firmansyah,41,Office Administrator,25450003
Rina Kusuma,51,UI/UX Designer,39752429
Rina Santoso,36,Marketing Specialist,31563394
Kiki Saputra,45,Marketing Specialist,34991007
Nur Suryani,50,Customer Support,22034907
Andi Gunawan,31,Accountant,17172824
Rina Hidayat,55,Office Administrator,24497537
Hadi Nugroho,18,Operations Manager,26506559
Fitri Wijaya,31,QA Engineer,11738139
Zaki Wibowo,39,Product Manager,21509965
Tono Pratama,23,Accountant,4271961
Qori Firmansyah,58,Software Engineer,29729156
Vina Hidayat,20,Operations Manager,10249900
Qori Gunawan,19,HR Staff,35320953
Mega Wibowo,25,QA Engineer,7684364
Citra Wijaya,24,Software Engineer,28907409
Eka Kusuma,39,Accountant,16564819
Tono Nugroho,43,Sales Executive,12262479
Joko Rahayu,24,Office Administrator,6958264
Umar Suryani,26,QA Engineer,30417145
Oki Pratama,19,Sales Executive,31356092
Rina Suryani,42,Marketing Specialist,33813130
Vina Rahayu,58,Office Administrator,31963698
Andi Nugroho,44,Customer Support,22789596
Indra Rahayu,38,Data Analyst,25220686
Putri Wijaya,22,Customer Support,39377523
Lestari Santoso,54,UI/UX Designer,13759854
Eka Setiawan,41,Marketing Specialist,40704277
Joko Suryani,48,Accountant,38867852
Oki Hidayat,29,Sales Executive,25001323
Tono Saputra,28,Customer Support,42670962
Indra Saputra,29,Accountant,43951111
Andi Suryani,40,Sales Executive,41402032
Dewi Santoso,42,UI/UX Designer,4267601
Kiki Kusuma,50,Accountant,13268782
Andi Wijaya,49,Sales Executive,6545295
Umar Saputra,38,Sales Executive,41750555
Yanto Setiawan,54,Data Analyst,13069333
Joko Setiawan,35,Marketing Specialist,10879971
Hadi Rahayu,35,Software Engineer,40564870
Wati Wijaya,46,Operations Manager,44265704
Oki Pratama,41,Product Manager,8017266
Yanto Halim,26,Data Analyst,25660469
Oki Nugroho,54,Customer Support,20437020
Tono Hidayat,52,QA Engineer,41726737
Indra Kusuma,53,HR Staff,40794017
Siti Wijaya,50,Operations Manager,4332766
Putri Rahayu,52,HR Staff,18523259
Dewi Santoso,33,Sales Executive,28961358
Dewi Halim,49,Office Administrator,17796758
Dewi Saputra,24,Sales Executive,44742170
Hadi Firmansyah,51,Data Analyst,22090014
Hadi Hidayat,41,Software Engineer,11582205
Oki Suryani,34,Operations Manager,37248324
Oki Gunawan,41,Sales Executive,39436922
Budi Pratama,35,Sales Executive,9357448
Qori Kusuma,56,Sales Executive,24846760
Siti Saputra,45,UI/UX Designer,42392523
Joko Firmansyah,32,QA Engineer,19288527
Indra Suryani,54,UI/UX Designer,28942888
Putri Halim,35,Software Engineer,25416260
Eka Pratama,34,Data Analyst,30118105
Joko Suryani,33,Customer Support,25201696
Oki Gunawan,33,Accountant,14394039
Lestari Rahayu,44,UI/UX Designer,20046407
Joko Kusuma,41,HR Staff,21709503
Vina Setiawan,22,Customer Support,42118299
Joko Rahayu,21,Sales Executive,11624593
Budi Wibowo,45,Product Manager,38535453
Nur Wijaya,26,Marketing Specialist,4579018
Putri Wijaya,40,HR Staff,20927089
Umar Nugroho,60,UI/UX Designer,4526133
Qori Hidayat,47,QA Engineer,29165571
Qori Wijaya,52,HR Staff,43294562
Joko Saputra,18,Product Manager,23192759
Hadi Hidayat,21,Data Analyst,27270550
Lestari Suryani,37,Operations Manager,8248918
Nur Pratama,41,Operations Manager,19898567
Qori Santoso,18,HR Staff,35304965
Indra Saputra,60,QA Engineer,26820774
Siti Wibowo,28,Marketing Specialist,34614594
Budi Gunawan,48,Accountant,34287617
Umar Hidayat,19,Sales Executive,33494742
Indra Nugroho,48,HR Staff,18370640
Fitri Kusuma,50,Accountant,32718092
Umar Halim,45,Operations Manager,8611419
Gita Setiawan,51,Accountant,9452134
Indra Kusuma,42,Software Engineer,16052431
Lestari Suryani,47,Software Engineer,8421191
Kiki Setiawan,51,Customer Support,17317447
Putri Halim,20,Marketing Specialist,31023336
Mega Suryani,45,Customer Support,24673963
Citra Nugroho,26,Product Manager,35380488
Tono Halim,36,Operations Manager,31215092
Andi Rahayu,28,Accountant,15210650
Mega Hidayat,47,Marketing Specialist,16170099
Wati Saputra,40,QA Engineer,44090690
Indra Saputra,35,UI/UX Designer,29865113
Nur Pratama,36,UI/UX Designer,41375881
Kiki Halim,43,Marketing Specialist,18588215
Tono Gunawan,57,Operations Manager,14035636
Andi Wibowo,58,QA Engineer,32537759
Vina Pratama,52,Data Analyst,41857308
Eka Wijaya,19,Sales Executive,39506153
Yanto Nugroho,44,Marketing Specialist,43675364
Budi Rahayu,28,Office Administrator,25164307
Lestari Suryani,48,HR Staff,24790748
Umar Rahayu,37,Sales Executive,33036065
Umar Firmansyah,21,Data Analyst,39837362
Andi Suryani,53,Office Administrator,29203231
Andi Wijaya,48,UI/UX Designer,20532184
Umar Kusuma,56,Marketing Specialist,20961113
Indra Rahayu,19,Sales Executive,19888016
Qori Pratama,60,Data Analyst,36807798
Indra Halim,38,QA Engineer,43783169
Tono Saputra,56,Operations Manager,12950576
Citra Nugroho,41,Accountant,41796422
Lestari Rahayu,40,QA Engineer,14971389
Eka Santoso,21,Customer Support,31931168
Dewi Pratama,55,Data Analyst,44825131
Vina Firmansyah,49,Data Analyst,6526587
Mega Pratama,34,QA Engineer,30643677
Budi Pratama,54,Sales Executive,25398802
Siti Firmansyah,46,HR Staff,14356905
Andi Suryani,36,Data Analyst,43547950
Yanto Wibowo,58,Office Administrator,23191952
Wati Hidayat,57,Office Administrator,20550967
Citra Suryani,45,Marketing Specialist,6014913
Tono Gunawan,20,Software Engineer,32619703
Lestari Pratama,59,Product Manager,34568668
Andi Saputra,37,Software Engineer,6069575
Budi Suryani,30,Office Administrator,13283739
Lestari Santoso,60,Software Engineer,18579320
Fitri Wijaya,29,QA Engineer,8484667
Qori Hidayat,53,Sales Executive,21633506
Qori Santoso,47,Office Administrator,10964349
Siti Wibowo,38,UI/UX Designer,17856423
Tono Wibowo,42,Sales Executive,26566066
Nur Nugroho,23,UI/UX Designer,19768516
Yanto Wijaya,24,UI/UX Designer,42367624
Oki Halim,28,UI/UX Designer,7423465
Kiki Firmansyah,21,Product Manager,32759316
Nur Suryani,56,Data Analyst,19861354
Putri Halim,32,Software Engineer,26681346
Gita Wibowo,23,Software Engineer,19688731
Indra Halim,38,Software Engineer,33018168
Citra Suryani,23,Software Engineer,17265229
Siti Kusuma,31,Marketing Specialist,18523966
Gita Setiawan,18,Data Analyst,28798642
Rina Santoso,19,Accountant,39561631
Mega Suryani,47,HR Staff,44586728
Zaki Firmansyah,41,QA Engineer,31858399
Rina Wijaya,24,Marketing Specialist,11311955
Oki Pratama,57,Data Analyst,42587220
Indra Kusuma,45,Accountant,37352687
Lestari Suryani,25,QA Engineer,11754384
Hadi Halim,30,UI/UX Designer,33533345
Joko Suryani,39,Data Analyst,4970497
Rina Kusuma,45,Sales Executive,31171071
Eka Wibowo,52,Accountant,8258957
Zaki Setiawan,25,UI/UX Designer,31712581
Nur Gunawan,26,Accountant,11203904
Andi Rahayu,37,UI/UX Designer,14977789
Indra Suryani,45,Marketing Specialist,38085120
Dewi Gunawan,49,Sales Executive,17355361
Fitri Firmansyah,36,HR Staff,15194217
Nur Rahayu,59,Data Analyst,36489975
Nur Firmansyah,33,UI/UX Designer,40857914
Siti Wijaya,32,Sales Executive,16413987
Siti Wijaya,36,Office Administrator,25501931
Siti Kusuma,51,Software Engineer,41679286
Fitri Pratama,54,Data Analyst,21070943
Fitri Wibowo,27,Sales Executive,41545143
Andi Santoso,53,Accountant,17227430
Qori Suryani,38,Sales Executive,17360209
Joko Santoso,39,QA Engineer,5259975
Joko Pratama,56,Operations Manager,29101861
Fitri Kusuma,35,HR Staff,10232797
Kiki Halim,19,Accountant,12396323
Oki Setiawan,49,Product Manager,34247372
Lestari Saputra,53,Data Analyst,34311833
Eka Saputra,44,UI/UX Designer,32567050
Mega Suryani,25,Accountant,11763469
Budi Suryani,56,HR Staff,34835132
Mega Suryani,55,Operations Manager,27930396
Zaki Pratama,30,Marketing Specialist,13239522
Budi Hidayat,20,Accountant,42407719
Mega Rahayu,55,Operations Manager,42261889
Tono Firmansyah,38,Operations Manager,23947893
Yanto Suryani,33,Office Administrator,13784633
Wati Firmansyah,45,Data Analyst,37646468
Kiki Suryani,22,Data Analyst,5048882
Andi Suryani,47,QA Engineer,21038099
Gita Firmansyah,39,Product Manager,11765532
Lestari Santoso,41,Operations Manager,44646406
Fitri Gunawan,22,Marketing Specialist,30365478
Budi Suryani,30,Sales Executive,19330202
Vina Setiawan,35,HR Staff,28892419
Fitri Suryani,58,Customer Support,22325659
Andi Santoso,49,Software Engineer,4010179
Kiki Rahayu,52,UI/UX Designer,26232123
Yanto Pratama,32,Product Manager,21003366
Yanto Saputra,22,QA Engineer,4800726
Nur Saputra,27,Accountant,8147495
Budi Kusuma,22,Data Analyst,13583298
Nur Hidayat,35,Accountant,29005791
Nur Kusuma,37,Product Manager,13209626
Gita Pratama,43,QA Engineer,21142796
Citra Hidayat,24,Office Administrator,14147775
Kiki Rahayu,18,HR Staff,27882547
Oki Halim,38,Operations Manager,22366981
Qori Santoso,27,Marketing Specialist,24034039
Wati Nugroho,21,Marketing Specialist,37430461
Dewi Firmansyah,54,Accountant,30121076
Eka Pratama,41,Product Manager,39440892
Hadi Wibowo,54,Software Engineer,29457885
Joko Santoso,54,Office Administrator,39581837
Andi Santoso,32,QA Engineer,19448844
Lestari Setiawan,36,Marketing Specialist,5146929
Vina Saputra,52,Marketing Specialist,44581454
Rina Setiawan,46,Operations Manager,44213459
Putri Halim,33,Sales Executive,37494865
Nur Firmansyah,60,UI/UX Designer,26545700
Fitri Kusuma,25,HR Staff,14028633
Nur Wijaya,27,Customer Support,20495657
Hadi Wijaya,38,HR Staff,40290830
Lestari Firmansyah,23,Software Engineer,36810168
Eka Nugroho,39,QA Engineer,40425465
Zaki Rahayu,49,Office Administrator,40458293
Oki Rahayu,57,Office Administrator,13083097
Mega Saputra,47,Data Analyst,39100373
Mega Setiawan,54,UI/UX Designer,5330390
Kiki Hidayat,55,Customer Support,31668653
Dewi Pratama,32,Office Administrator,32048503
Oki Firmansyah,29,Sales Executive,41892530
Nur Rahayu,52,Accountant,5572112
Putri Gunawan,26,Customer Support,33331557
Oki Nugroho,29,QA Engineer,20654870
Putri Kusuma,33,Customer Support,30750112
Eka Suryani,29,Office Administrator,29832607
Putri Suryani,31,Customer Support,19289329
Siti Saputra,47,Customer Support,4243877
Zaki Gunawan,53,Software Engineer,25680455
Citra Wibowo,22,Data Analyst,24765554
Oki Setiawan,59,UI/UX Designer,12596801
Fitri Wibowo,45,Accountant,28568405
Andi Halim,32,UI/UX Designer,19914500
Andi Saputra,35,Product Manager,9989180
Dewi Firmansyah,19,Operations Manager,40673818
Andi Firmansyah,18,Software Engineer,17611494
Zaki Santoso,30,Office Administrator,29845329
Wati Kusuma,59,Data Analyst,41105770
Dewi Suryani,23,Operations Manager,37644847
Umar Nugroho,19,Data Analyst,8605526
Gita Rahayu,26,Customer Support,11019249
Mega Hidayat,26,Software Engineer,24405520
Rina Nugroho,39,UI/UX Designer,13733078
Hadi Firmansyah,38,Customer Support,14906338
Umar Hidayat,47,Accountant,4840639
Vina Pratama,26,Office Administrator,4735441
Umar Nugroho,23,Sales Executive,18999991
Eka Suryani,52,Marketing Specialist,35604611
Kiki Wibowo,56,Sales Executive,34627674
Qori Kusuma,19,Marketing Specialist,30722447
Putri Santoso,44,Data Analyst,33461925
Lestari Setiawan,32,Customer Support,16837381
Budi Suryani,46,Data Analyst,9704726
Umar Gunawan,45,Customer Support,18930559
Tono Saputra,22,Office Administrator,34131971
Hadi Pratama,37,HR Staff,22447066
Wati Kusuma,49,QA Engineer,13543857
Vina Hidayat,23,Operations Manager,22647850
Tono Rahayu,38,Sales Executive,18255129
Nur Nugroho,36,QA Engineer,40785464
Putri Halim,20,Customer Support,28363537
Zaki Setiawan,23,Software Engineer,27613026
Indra Rahayu,60,Data Analyst,28115368
Andi Rahayu,44,Data Analyst,17829822
Putri Santoso,32,UI/UX Designer,4430907
Putri Saputra,32,QA Engineer,8227561
Wati Nugroho,31,Marketing Specialist,12288922
Andi Setiawan,38,Data Analyst,15406287
Oki Setiawan,23,Software Engineer,20593231
Citra Gunawan,42,Accountant,30522132
Dewi Firmansyah,53,Sales Executive,17570748
Nur Rahayu,24,Office Administrator,14916396
Hadi Wibowo,40,QA Engineer,10527208
Eka Nugroho,45,Software Engineer,33725168
Eka Santoso,34,UI/UX Designer,18216007
Joko Wibowo,31,Software Engineer,33224322
Eka Rahayu,42,UI/UX Designer,37870915
Citra Pratama,35,Software Engineer,10647732
Siti Wibowo,49,QA Engineer,18480643
Hadi Halim,39,Software Engineer,33470103
Rina Nugroho,33,Customer Support,8992094
Gita Hidayat,49,Office Administrator,23060135
Oki Kusuma,51,Sales Executive,30117708
Citra Santoso,57,Software Engineer,25260221
Fitri Santoso,34,UI/UX Designer,34356380
Eka Gunawan,51,Accountant,18267517
Fitri Nugroho,28,Data Analyst,33246943
Wati Saputra,24,Office Administrator,30055196
Rina Halim,26,Customer Support,35009918
Indra Wibowo,52,QA Engineer,13185310
Oki Rahayu,32,QA Engineer,13430015
Siti Saputra,57,Office Administrator,6488503
Budi Nugroho,46,HR Staff,18265352
Gita Wijaya,20,Accountant,26437028
Kiki Pratama,46,Software Engineer,27035869
Putri Setiawan,36,Office Administrator,7014228
Qori Gunawan,25,Sales Executive,13172676
Budi Kusuma,50,HR Staff,40253319
Rina Gunawan,48,HR Staff,42124248
Siti Firmansyah,51,Operations Manager,43243618
Andi Wijaya,58,Sales Executive,33891556
Umar Kusuma,56,Customer Support,38398354
Putri Hidayat,41,Product Manager,43878014
Yanto Wibowo,34,Office Administrator,14433512
Siti Halim,55,Sales Executive,15899470
Zaki Santoso,32,Marketing Specialist,43857239
Kiki Saputra,18,Customer Support,12788652
Rina Pratama,32,Marketing Specialist,37048580
Yanto Kusuma,40,Data Analyst,6636576
Rina Hidayat,18,Sales Executive,44107810
Andi Kusuma,34,Software Engineer,4729121
Umar Halim,58,Marketing Specialist,24728260
Zaki Kusuma,49,Sales Executive,21072059
Qori Pratama,57,Marketing Specialist,44553273
Indra Suryani,46,Data Analyst,4152801
Tono Suryani,49,Data Analyst,14004741
Indra Suryani,53,UI/UX Designer,41196914
Citra Rahayu,29,Marketing Specialist,11668976
Budi Wibowo,42,UI/UX Designer,24260753
Oki Santoso,23,Office Administrator,9003351
Tono Halim,50,Customer Support,40800625
Lestari Setiawan,52,HR Staff,23358939
Dewi Suryani,52,Accountant,9580946
Eka Nugroho,33,HR Staff,21665868
Kiki Nugroho,53,Operations Manager,6091719
Indra Firmansyah,47,Data Analyst,39205103
Joko Setiawan,55,Accountant,44191616
Tono Setiawan,33,Customer Support,26484222
Yanto Rahayu,50,Product Manager,11868138
Umar Santoso,22,Operations Manager,27358313
Lestari Wijaya,27,Product Manager,12428844
Qori Suryani,34,HR Staff,15722497
Citra Gunawan,42,Software Engineer,43899031
Wati Hidayat,43,QA Engineer,24797974
Kiki Rahayu,42,QA Engineer,15099150
Hadi Nugroho,26,Marketing Specialist,22851493
Lestari Halim,29,Software Engineer,34563910
Zaki Gunawan,53,Data Analyst,24694369
Nur Nugroho,38,Accountant,41106963
Putri Pratama,49,Data Analyst,9081809
Dewi Suryani,50,Sales Executive,10337593
Umar Saputra,37,Customer Support,43494299
Dewi Nugroho,50,Software Engineer,26710351
Umar Wibowo,32,Product Manager,41538604
Nur Suryani,37,UI/UX Designer,10745058
Andi Wibowo,41,Office Administrator,19679337
Qori Kusuma,57,Software Engineer,6896404
Zaki Suryani,58,Software Engineer,8435239
Hadi Kusuma,41,Accountant,17648338
Siti Rahayu,58,Data Analyst,14659526
Andi Suryani,27,Marketing Specialist,38121139
Umar Setiawan,46,Operations Manager,32663867
Lestari Wijaya,26,Data Analyst,35117989
Lestari Setiawan,29,Operations Manager,14528303
Eka Saputra,40,QA Engineer,23412838
Budi Wibowo,21,QA Engineer,40464586
Mega Wibowo,60,Accountant,37831285
Putri Firmansyah,26,Marketing Specialist,32743156
Putri Setiawan,28,Customer Support,25880934
Qori Santoso,48,Sales Executive,7424819
Lestari Hidayat,50,QA Engineer,18474654
Oki Kusuma,31,Product Manager,41022075
Mega Hidayat,25,Operations Manager,40105533
Kiki Santoso,46,UI/UX Designer,32803150
Citra Pratama,37,HR Staff,13639553
Gita Hidayat,36,Sales Executive,16692439
Nur Nugroho,33,Data Analyst,9487746
Tono Nugroho,48,Accountant,37340439
Eka Suryani,37,Accountant,20147802
Dewi Hidayat,31,UI/UX Designer,20002081
Qori Gunawan,59,Customer Support,26130017
Eka Kusuma,34,Product Manager,23222680
Vina Wibowo,40,Office Administrator,10170644
Joko Setiawan,20,QA Engineer,15621973
Zaki Santoso,25,Operations Manager,22248055
Budi Rahayu,59,Customer Support,39574179
Vina Hidayat,18,QA Engineer,6001154
Dewi Nugroho,57,Software Engineer,13711119
Andi Wibowo,51,Accountant,38874192
Fitri Suryani,53,UI/UX Designer,22901724
Vina Rahayu,52,Office Administrator,25163147
Vina Halim,20,Marketing Specialist,28889477
Nur Santoso,32,HR Staff,40680384
Yanto Kusuma,37,Accountant,15726599
Putri Wijaya,58,Data Analyst,6850585
Vina Setiawan,24,UI/UX Designer,7490035
Rina Hidayat,37,Sales Executive,32770958
Hadi Firmansyah,58,Accountant,30166867
Putri Pratama,23,Sales Executive,43982707
Oki Saputra,57,Software Engineer,19080077
Oki Setiawan,53,Operations Manager,30590169
Nur Setiawan,39,Marketing Specialist,7898475
Budi Gunawan,40,Office Administrator,31712933
Budi Santoso,21,Operations Manager,18820908
Gita Nugroho,44,HR Staff,32574895
Vina Gunawan,53,Data Analyst,27119571
Joko Setiawan,33,Sales Executive,23892529
Umar Setiawan,32,QA Engineer,33933952
Umar Firmansyah,21,Accountant,42704390
Wati Wijaya,31,Data Analyst,20388805
Yanto Gunawan,31,Accountant,37492670
Vina Halim,46,Office Administrator,12287690
Vina Hidayat,30,Data Analyst,29037006
Joko Rahayu,57,Customer Support,17781504
Gita Halim,27,QA Engineer,36766129
Zaki Kusuma,48,QA Engineer,22059632
Lestari Firmansyah,22,Office Administrator,23979037
Eka Suryani,30,Accountant,38491086
Andi Kusuma,19,Data Analyst,14476719
Umar Santoso,53,HR Staff,6085373
Rina Wibowo,20,UI/UX Designer,36926671
Citra Rahayu,56,Software Engineer,6975900
Fitri Kusuma,41,UI/UX Designer,14983206
Andi Wibowo,44,HR Staff,32167813
Lestari Pratama,27,Office Administrator,8382853
Umar Santoso,44,UI/UX Designer,8430745
Qori Gunawan,60,Office Administrator,9286937
Yanto Wijaya,54,Operations Manager,5524940
Wati Gunawan,27,Data Analyst,24991746
Indra Pratama,59,UI/UX Designer,20788930
Qori Santoso,46,Accountant,35374042
Fitri Wibowo,19,Operations Manager,6287150
Fitri Suryani,19,UI/UX Designer,16090544
Tono Gunawan,32,Operations Manager,36205896
Budi Suryani,54,Customer Support,30722104
Zaki Hidayat,18,Data Analyst,4241336
Lestari Kusuma,18,Operations Manager,8556514
Nur Saputra,27,Accountant,20602707
Siti Halim,35,Customer Support,35931331
Lestari Firmansyah,47,Customer Support,20225791
Budi Nugroho,42,Sales Executive,14642857
Wati Pratama,54,Product Manager,23527707
Zaki Setiawan,52,Marketing Specialist,42650478
Rina Suryani,47,QA Engineer,29302584
Citra Wibowo,38,Customer Support,43889197
Budi Pratama,33,Office Administrator,41235503
Putri Kusuma,39,Marketing Specialist,11656785
Vina Wijaya,41,Operations Manager,5180734
Siti Saputra,43,UI/UX Designer,36120515
Putri Setiawan,41,UI/UX Designer,11312174
Joko Kusuma,34,Software Engineer,32436043
Lestari Firmansyah,57,Software Engineer,5127637
Nur Firmansyah,31,Marketing Specialist,24317274
Umar Firmansyah,45,QA Engineer,34815385
Zaki Halim,28,Sales Executive,32144806
Andi Wijaya,39,Product Manager,37700219
Lestari Saputra,29,Software Engineer,7553928
Nur Suryani,59,Software Engineer,39551258
Tono Kusuma,37,Customer Support,41789159
Putri Suryani,48,QA Engineer,10004481
Kiki Halim,45,Product Manager,8119867
Nur Wibowo,50,Marketing Specialist,16776041
Mega Hidayat,40,Operations Manager,25893278
Putri Pratama,18,Sales Executive,34329291
Hadi Saputra,59,Sales Executive,13508977
Vina Halim,47,Software Engineer,15113650
Rina Rahayu,32,HR Staff,16868112
Joko Suryani,24,Marketing Specialist,14205437
Lestari Firmansyah,37,Sales Executive,15685626
Gita Wibowo,36,Marketing Specialist,6708560
Umar Kusuma,25,Customer Support,32178391
Citra Wibowo,39,Accountant,26954780
Wati Rahayu,33,Operations Manager,24890430
Umar Pratama,18,Product Manager,34481206
Wati Setiawan,24,Accountant,21497902
Andi Halim,29,UI/UX Designer,28768095
Fitri Kusuma,45,Accountant,37539334
Budi Nugroho,41,Sales Executive,5028312
Rina Halim,40,Customer Support,35661288
Rina Halim,21,Marketing Specialist,12151391
Mega Hidayat,35,Operations Manager,36500977
Qori Firmansyah,20,Operations Manager,21847576
Rina Suryani,58,UI/UX Designer,29858309
Mega Firmansyah,45,Customer Support,41315319
Putri Saputra,45,Operations Manager,12720012
Gita Santoso,41,Product Manager,40512558
Zaki Rahayu,37,HR Staff,21035820
Fitri Wibowo,57,Sales Executive,17507156
Siti Firmansyah,42,QA Engineer,30558287
Siti Wijaya,40,Product Manager,19202658
Fitri Santoso,40,UI/UX Designer,34345650
Putri Gunawan,37,Sales Executive,30722582
Yanto Firmansyah,43,Customer Support,26262710
Tono Halim,23,Software Engineer,14143251
Yanto Gunawan,37,UI/UX Designer,20071475
Qori Santoso,50,Office Administrator,7612122
Umar Halim,32,Software Engineer,27326927
Andi Halim,54,Product Manager,6783349
Nur Hidayat,21,Operations Manager,35131364
Andi Gunawan,32,Customer Support,6434692
Zaki Suryani,31,Customer Support,30255533
Oki Kusuma,41,Operations Manager,44333039
Gita Halim,43,Office Administrator,6064250
Wati Kusuma,23,QA Engineer,22458857
Nur Saputra,40,Customer Support,28069986
Mega Halim,33,Product Manager,16149842
Oki Nugroho,57,UI/UX Designer,6432930
Wati Santoso,21,Customer Support,10965574
Gita Setiawan,42,QA Engineer,35164105
Oki Wijaya,34,Sales Executive,36277559
Rina Santoso,41,Sales Executive,18300404
Mega Rahayu,57,Accountant,6666594
Umar Rahayu,48,UI/UX Designer,4026873
Budi Saputra,60,Operations Manager,29549719
Oki Pratama,53,Accountant,28415906
Vina Gunawan,25,Data Analyst,13256949
Joko Saputra,30,Data Analyst,9141695
Hadi Pratama,47,Software Engineer,24778617
Indra Pratama,24,Operations Manager,9189838
Indra Rahayu,23,HR Staff,39461691
Putri Rahayu,37,Operations Manager,29535553
Indra Nugroho,41,Sales Executive,10836986
Siti Pratama,35,Customer Support,30233216
Hadi Hidayat,29,Software Engineer,13983560
Indra Nugroho,40,Data Analyst,25524650
Siti Hidayat,44,Office Administrator,14852543
Putri Hidayat,26,Marketing Specialist,16343043
Vina Wijaya,36,HR Staff,38657316
Nur Rahayu,46,Data Analyst,27562058
Qori Gunawan,20,Sales Executive,11367522
Wati Wijaya,51,UI/UX Designer,20759800
Siti Santoso,43,HR Staff,7299702
Joko Wibowo,39,Product Manager,23596931
Putri Firmansyah,59,Operations Manager,9554164
Rina Nugroho,22,HR Staff,31162172
Rina Pratama,23,Customer Support,28078615
Eka Santoso,27,Customer Support,8128152
Hadi Suryani,24,Customer Support,30830910
Oki Wijaya,42,Sales Executive,26691241
Hadi Rahayu,33,UI/UX Designer,24205229
Joko Saputra,51,QA Engineer,34224170
Gita Halim,27,Customer Support,11476546
Nur Nugroho,39,Customer Support,4463126
Oki Nugroho,32,Sales Executive,30420613
Dewi Setiawan,49,Sales Executive,21899922
Putri Suryani,48,QA Engineer,14149453
Mega Nugroho,45,Office Administrator,11210177
Mega Wibowo,31,Data Analyst,24939840
Siti Setiawan,19,Software Engineer,32329762
Putri Santoso,45,Product Manager,20357442
Citra Suryani,33,Software Engineer,11182605
Hadi Gunawan,43,UI/UX Designer,25521025
Tono Pratama,36,HR Staff,22390272
Umar Saputra,35,QA Engineer,17487526
Kiki Hidayat,54,Marketing Specialist,12816803
Dewi Nugroho,20,QA Engineer,8822838
Dewi Pratama,59,Software Engineer,34215173
Citra Pratama,33,Product Manager,30586846
Eka Pratama,26,Software Engineer,25269641
Putri Wibowo,33,Customer Support,5367503
Mega Suryani,28,Customer Support,34727587
Mega Rahayu,60,Customer Support,34024373
Tono Pratama,32,Sales Executive,23470893
Vina Wibowo,30,Software Engineer,25932632
Budi Santoso,39,Office Administrator,6573982
Vina Wijaya,58,Office Administrator,12833987
Wati Gunawan,24,Marketing Specialist,43149610
Qori Hidayat,39,Customer Support,40103156
Nur Pratama,55,Accountant,40901467
Nur Saputra,48,Accountant,20809473
Nur Kusuma,58,UI/UX Designer,10027131
Nur Rahayu,22,Sales Executive,8100658
Citra Setiawan,53,Operations Manager,24201434
Tono Gunawan,30,Sales Executive,31473511
Siti Hidayat,19,Office Administrator,27912339
Siti Suryani,23,Operations Manager,11807973
Hadi Wibowo,39,Sales Executive,14096925
Mega Nugroho,30,Customer Support,41626301
Gita Nugroho,34,Software Engineer,26715746
Gita Setiawan,23,Sales Executive,10946055
Yanto Halim,58,Accountant,14247857
Lestari Pratama,52,Data Analyst,23751160
Zaki Gunawan,47,Accountant,5025702
Gita Nugroho,43,UI/UX Designer,26688238
Zaki Rahayu,47,Office Administrator,21779042
Hadi Nugroho,56,Product Manager,44298134
Citra Halim,56,UI/UX Designer,32582669
Lestari Santoso,54,Sales Executive,25501119
Andi Suryani,23,Marketing Specialist,5251530
Indra Wibowo,49,Customer Support,22797201
Qori Pratama,53,Product Manager,23480761
Dewi Firmansyah,51,QA Engineer,37228193
Joko Halim,30,UI/UX Designer,37280533
Vina Halim,19,HR Staff,29893590
Umar Saputra,35,Software Engineer,43216525
Joko Suryani,60,Customer Support,5325503
Rina Halim,45,Operations Manager,9828432
Wati Gunawan,46,Data Analyst,42088023
Umar Pratama,49,Office Administrator,5671718
Joko Kusuma,54,Product Manager,15987426
Umar Wijaya,59,Office Administrator,5407287
Putri Halim,60,Customer Support,40143812
Gita Halim,29,UI/UX Designer,40702763
Vina Gunawan,23,HR Staff,14139023
Indra Hidayat,39,Office Administrator,41940904
Mega Pratama,34,Office Administrator,4663322
Budi Firmansyah,46,Product Manager,17418295
Qori Pratama,46,Data Analyst,29478973
Nur Wibowo,38,UI/UX Designer,19120571
Andi Halim,42,HR Staff,16985109
Tono Setiawan,41,QA Engineer,10124497
Wati Kusuma,24,HR Staff,12707152
Nur Setiawan,37,Data Analyst,37373004
Kiki Gunawan,53,Software Engineer,38929522
Citra Kusuma,18,Marketing Specialist,39616773
Citra Wibowo,54,Operations Manager,15936183
Vina Nugroho,50,Operations Manager,42324679
Oki Santoso,54,Software Engineer,21448061
Mega Nugroho,48,UI/UX Designer,26579122
Wati Halim,53,Office Administrator,40845477
Citra Halim,46,Accountant,7708207
Lestari Saputra,30,Software Engineer,6156876
Wati Pratama,59,Data Analyst,13059724
Citra Firmansyah,21,Customer Support,44785574
Kiki Wijaya,24,QA Engineer,12059800
Vina Suryani,35,UI/UX Designer,10351585
Putri Halim,29,Software Engineer,9945025
Joko Halim,60,UI/UX Designer,5238263
Oki Nugroho,53,Product Manager,24780944
Mega Wijaya,23,Office Administrator,25663773
Oki Santoso,23,Data Analyst,14660659
Siti Santoso,26,HR Staff,21638612
Gita Saputra,35,Accountant,16075450
Eka Hidayat,54,Product Manager,20580471
Nur Kusuma,59,HR Staff,26511314
Andi Nugroho,57,Data Analyst,6289525
Nur Gunawan,30,Operations Manager,22311624
Andi Rahayu,36,Data Analyst,42308767
Umar Rahayu,40,Customer Support,33582680
Andi Kusuma,34,HR Staff,31446025
Umar Gunawan,22,Customer Support,26776637
Andi Hidayat,48,Software Engineer,5053892
Gita Halim,53,Sales Executive,40623256
Fitri Nugroho,25,Software Engineer,4180132
Nur Nugroho,20,Accountant,34951562
Budi Saputra,23,Accountant,42287283
Eka Firmansyah,39,Marketing Specialist,34945688
Wati Firmansyah,36,Marketing Specialist,21237219
Nur Nugroho,60,Product Manager,12718192
Kiki Kusuma,43,QA Engineer,40337961
Lestari Firmansyah,51,Customer Support,37922841
Yanto Pratama,31,UI/UX Designer,21411771
Dewi Wibowo,27,Marketing Specialist,37290162
Fitri Suryani,28,Product Manager,22528899
Joko Rahayu,41,HR Staff,33557455
Citra Santoso,36,Sales Executive,41737090
Putri Gunawan,42,Software Engineer,30968372
Yanto Setiawan,47,Sales Executive,27924515
Tono Hidayat,41,UI/UX Designer,6225146
Lestari Rahayu,58,Customer Support,19668188
Wati Saputra,51,Customer Support,24918018
Citra Setiawan,25,Office Administrator,21601630
Mega Wibowo,56,QA Engineer,13477715
Tono Suryani,44,Sales Executive,4027686
Siti Suryani,56,Sales Executive,37156618
Rina Hidayat,24,Accountant,26624172
Zaki Wijaya,32,Software Engineer,40164085
Yanto Suryani,51,HR Staff,16784048
Lestari Rahayu,45,UI/UX Designer,44363914
Oki Suryani,56,Product Manager,36674076
Zaki Suryani,34,Data Analyst,15496825
Joko Setiawan,55,HR Staff,24080306
Kiki Setiawan,20,UI/UX Designer,5670721
Siti Pratama,60,Data Analyst,6174203
Gita Gunawan,23,Software Engineer,32883075
Nur Rahayu,58,Product Manager,14552304
Siti Saputra,54,Office Administrator,38990415
Zaki Hidayat,33,Customer Support,23688148
Andi Suryani,56,Customer Support,25032466
Dewi Pratama,38,Sales Executive,37801492
Vina Pratama,33,Sales Executive,21146105
Vina Firmansyah,20,Office Administrator,25252009
Andi Kusuma,24,Sales Executive,42439469
Siti Firmansyah,59,Office Administrator,32914860
Andi Rahayu,52,Accountant,27480174
Tono Halim,43,Accountant,4373239
Wati Rahayu,19,Marketing Specialist,34121710
Fitri Kusuma,23,Operations Manager,39359426
Yanto Wijaya,60,UI/UX Designer,6114881
Gita Kusuma,24,Office Administrator,11749370
Gita Suryani,35,Product Manager,21450302
Rina Nugroho,25,HR Staff,29759613
Yanto Santoso,31,Sales Executive,8303628
Wati Pratama,24,Accountant,30359143
Joko Saputra,31,Software Engineer,21209520
Vina Wijaya,18,Customer Support,4700716
Yanto Gunawan,20,Accountant,25915389
Gita Saputra,51,HR Staff,33669450
Gita Kusuma,24,HR Staff,10755908
Qori Nugroho,36,Data Analyst,18310474
Vina Wibowo,46,Software Engineer,33060555
Fitri Setiawan,50,UI/UX Designer,12795236
Umar Suryani,53,Data Analyst,19892034
Yanto Halim,32,Operations Manager,39687529
Fitri Firmansyah,24,HR Staff,10762418
Oki Hidayat,53,Operations Manager,21852761
Indra Setiawan,27,Office Administrator,5141247
Fitri Kusuma,54,Customer Support,35005439
Wati Setiawan,41,Customer Support,29255816
Umar Pratama,51,Software Engineer,7966623
Tono Pratama,33,Data Analyst,29350583
Mega Gunawan,27,Marketing Specialist,14994569
Mega Halim,52,Accountant,31930165
Indra Hidayat,21,Operations Manager,32020112
Eka Santoso,53,Product Manager,29476860
Vina Firmansyah,27,Product Manager,29290141
Siti Santoso,42,Operations Manager,30861524
Eka Gunawan,57,Marketing Specialist,43896602
Dewi Santoso,28,Office Administrator,22176869
Gita Suryani,36,Marketing Specialist,7312142
Zaki Firmansyah,19,Accountant,30453386
Rina Setiawan,26,HR Staff,36943179
Tono Wijaya,46,Office Administrator,5184011
Kiki Pratama,54,Product Manager,14242721
Rina Saputra,59,HR Staff,38034626
Andi Firmansyah,56,Data Analyst,8205716
Zaki Firmansyah,32,Sales Executive,34466842
Vina Halim,28,Data Analyst,17275366
Budi Pratama,58,HR Staff,24033117
Joko Kusuma,41,Customer Support,5129409
Vina Pratama,46,Sales Executive,27432599
Siti Santoso,26,QA Engineer,9195350
Kiki Setiawan,47,Accountant,10350232
Wati Saputra,31,Operations Manager,32115595
Fitri Firmansyah,18,Operations Manager,41066110
Fitri Suryani,38,Office Administrator,30308330
Oki Gunawan,57,Product Manager,23448450
Citra Santoso,49,Product Manager,30474854
Lestari Hidayat,56,UI/UX Designer,28290811
Lestari Saputra,28,Customer Support,8616617
Zaki Suryani,34,Marketing Specialist,24562657
Yanto Wibowo,28,Accountant,12928243
Mega Setiawan,23,HR Staff,9429828
Joko Saputra,52,Accountant,6983895
Qori Wibowo,46,UI/UX Designer,20837184
Eka Nugroho,27,QA Engineer,21929494
Tono Pratama,50,Sales Executive,33217778
Hadi Wibowo,31,Sales Executive,5306490
Joko Gunawan,45,Sales Executive,13956216
Citra Saputra,45,Accountant,42590404
Wati Kusuma,36,HR Staff,38356383
Indra Saputra,48,Product Manager,20973854
Hadi Saputra,51,Office Administrator,10008861
Tono Gunawan,45,Sales Executive,43279865
Zaki Setiawan,26,Product Manager,18336958
Indra Wibowo,56,Data Analyst,15937389
Kiki Halim,56,QA Engineer,8440715
Lestari Setiawan,42,Marketing Specialist,42086626
Kiki Hidayat,21,Data Analyst,27510569
Lestari Gunawan,37,Product Manager,12675570
Oki Hidayat,46,Sales Executive,28091079
Rina Firmansyah,51,Software Engineer,25490973
Eka Halim,42,UI/UX Designer,27836932
Rina Hidayat,52,Marketing Specialist,39708746
Yanto Firmansyah,19,Data Analyst,19765131
Andi Wibowo,31,Sales Executive,24206092
Dewi Saputra,31,Customer Support,38496376
Mega Nugroho,23,Sales Executive,17177598
Nur Hidayat,51,Office Administrator,17561459
Zaki Setiawan,26,Customer Support,37543029
Zaki Halim,41,Product Manager,22408520
Umar Gunawan,51,Sales Executive,35547420
Putri Saputra,32,Marketing Specialist,7289489
Kiki Rahayu,59,Operations Manager,19607670
Indra Saputra,47,Customer Support,14873573
Indra Setiawan,30,QA Engineer,35734096
Yanto Wibowo,51,Product Manager,6309493
Putri Firmansyah,55,Marketing Specialist,17221996
Yanto Saputra,24,Marketing Specialist,35363605
Budi Gunawan,29,Product Manager,12610409
Budi Pratama,35,HR Staff,14614013
Nur Nugroho,59,UI/UX Designer,21040054
Budi Wibowo,46,Accountant,21654839
Umar Rahayu,18,Software Engineer,38160729
Siti Wijaya,58,QA Engineer,33375793
Andi Wibowo,44,Marketing Specialist,9271988
Dewi Wibowo,55,Accountant,24929687
Wati Pratama,25,QA Engineer,31798425
Zaki Pratama,43,Accountant,34691943
Eka Wijaya,30,Accountant,15554868
Tono Pratama,52,HR Staff,35234365
Joko Santoso,55,Data Analyst,16802720
Oki Wibowo,19,Accountant,16391200
Qori Nugroho,44,Product Manager,4917460
Andi Saputra,35,QA Engineer,22313187
Indra Hidayat,38,Operations Manager,43955810
Lestari Setiawan,23,Accountant,34947471
Oki Santoso,23,UI/UX Designer,4542863
Mega Wibowo,21,Accountant,7088082
Indra Kusuma,51,HR Staff,5815393
Dewi Pratama,23,Customer Support,34102221
Indra Nugroho,45,Sales Executive,20483326
Siti Saputra,35,Software Engineer,26089427
Kiki Wibowo,37,Product Manager,22699792
Putri Saputra,60,UI/UX Designer,24501694
Vina Setiawan,37,Product Manager,25242789
Lestari Nugroho,59,HR Staff,5814894
Lestari Wijaya,20,Customer Support,40667904
Nur Hidayat,22,UI/UX Designer,18500757
Dewi Setiawan,45,Sales Executive,7230597
Tono Rahayu,34,Data Analyst,41804354
Citra Nugroho,37,Data Analyst,19793243
Hadi Gunawan,44,Operations Manager,6969583
Oki Hidayat,31,Customer Support,16121517
Siti Wijaya,47,Customer Support,10379594
Vina Kusuma,36,Software Engineer,19485805
Qori Santoso,38,Marketing Specialist,4266720
Umar Halim,59,HR Staff,31682644
Joko Halim,32,Data Analyst,42614549
Siti Setiawan,31,Software Engineer,27425901
Citra Kusuma,51,HR Staff,26136315
Qori Firmansyah,58,Office Administrator,43769814
Zaki Rahayu,27,Marketing Specialist,18156614
Lestari Nugroho,41,Marketing Specialist,42076900
Budi Wijaya,34,Customer Support,10552010
Gita Gunawan,48,Operations Manager,17763296
Lestari Setiawan,39,Accountant,9239906
Citra Wibowo,56,Office Administrator,28646207
Oki Pratama,45,Product Manager,37544916
Citra Setiawan,60,Accountant,13976655
Umar Wibowo,19,Office Administrator,33452695
Siti Saputra,58,Office Administrator,25929807
Kiki Halim,45,QA Engineer,37865915
Qori Pratama,34,Office Administrator,20096361
Wati Gunawan,50,Operations Manager,21723494
Umar Wijaya,44,Data Analyst,10854680
Mega Santoso,19,Customer Support,10807974
Hadi Saputra,33,Product Manager,6084892
Nur Wijaya,48,QA Engineer,26144229
Wati Santoso,56,Customer Support,16056510
Zaki Hidayat,29,Office Administrator,17230372
Qori Wijaya,56,UI/UX Designer,15093270
Fitri Firmansyah,21,Customer Support,28634856
Yanto Santoso,33,Operations Manager,14777339
Kiki Pratama,34,Accountant,24505521
Wati Saputra,41,Marketing Specialist,16320774
Qori Firmansyah,34,Customer Support,40864889
Umar Wijaya,32,Software Engineer,40400516
Mega Firmansyah,57,UI/UX Designer,38230294
Oki Nugroho,26,Operations Manager,23986001
Eka Firmansyah,34,Data Analyst,41033323
Putri Firmansyah,27,HR Staff,35067839
Indra Wibowo,57,HR Staff,33552897
Andi Rahayu,55,Sales Executive,22841067
Vina Suryani,20,Software Engineer,30236845
Oki Wibowo,41,Accountant,18539818
Fitri Halim,42,Customer Support,7165824
Siti Nugroho,54,Marketing Specialist,8725712
Hadi Gunawan,24,Marketing Specialist,23767729
Siti Saputra,18,Sales Executive,18039122
Fitri Halim,35,QA Engineer,16809037
Indra Saputra,50,UI/UX Designer,24979656
Umar Gunawan,51,QA Engineer,28863740
Fitri Saputra,37,Marketing Specialist,19130642
Mega Hidayat,39,Operations Manager,26250907
Wati Santoso,36,Data Analyst,5775481
Tono Hidayat,58,Accountant,24079324
Yanto Firmansyah,32,Marketing Specialist,39921817
Eka Nugroho,57,HR Staff,10006802
Gita Gunawan,54,Accountant,38535438
Hadi Santoso,34,Data Analyst,28397291
Yanto Suryani,59,Customer Support,16181804
Wati Pratama,42,Product Manager,4012808
Kiki Hidayat,25,Marketing Specialist,37951017
Oki Halim,18,Data Analyst,31194169
Dewi Kusuma,24,Marketing Specialist,23278262
Umar Wibowo,48,Operations Manager,43705049
Putri Pratama,29,Office Administrator,27438259
Yanto Halim,30,HR Staff,41290173
Qori Kusuma,29,UI/UX Designer,4686141
Yanto Hidayat,40,Office Administrator,31951819
Indra Wibowo,41,Marketing Specialist,10169553
Oki Hidayat,48,QA Engineer,14981311
Mega Santoso,30,UI/UX Designer,10221976
Nur Firmansyah,60,Customer Support,38062167
Joko Rahayu,56,Operations Manager,28089384
Umar Setiawan,58,UI/UX Designer,24887402
Putri Wibowo,35,Sales Executive,18034905
Andi Wibowo,59,Marketing Specialist,5166560
Andi Wijaya,50,Marketing Specialist,9707001
Oki Saputra,26,QA Engineer,19339056
Kiki Santoso,57,Sales Executive,28726082
Lestari Setiawan,29,Operations Manager,42516217
Wati Wibowo,51,Operations Manager,25460364
Qori Halim,58,Product Manager,10223839
Zaki Setiawan,53,UI/UX Designer,42321537
Zaki Halim,24,Operations Manager,20233781
Hadi Saputra,45,Data Analyst,35592150
Putri Wibowo,57,HR Staff,33691914
Joko Nugroho,50,UI/UX Designer,16623404
Citra Suryani,30,Sales Executive,7139783
Mega Setiawan,54,UI/UX Designer,28314981
Qori Wijaya,27,HR Staff,13287318
Qori Firmansyah,39,Marketing Specialist,7870813
Fitri Wibowo,37,QA Engineer,23104520
Kiki Firmansyah,44,Operations Manager,25812164
Siti Hidayat,38,Product Manager,38098021
Rina Hidayat,35,Product Manager,33635148
Joko Gunawan,60,Sales Executive,18056227
Andi Halim,46,Customer Support,7801103
Fitri Setiawan,33,Office Administrator,43259700
Putri Rahayu,26,Sales Executive,7970638
Oki Gunawan,19,UI/UX Designer,14786620
Andi Pratama,37,Marketing Specialist,17183117
Gita Halim,57,Sales Executive,28576546
Gita Rahayu,59,HR Staff,26164242
Hadi Pratama,60,Operations Manager,9846832
Putri Rahayu,49,UI/UX Designer,38127688
Nur Gunawan,49,Sales Executive,4747779
Fitri Wibowo,54,Customer Support,12709186
Umar Setiawan,20,Data Analyst,42372928
Mega Saputra,58,Operations Manager,20515808
Indra Gunawan,44,Customer Support,29034565
Indra Firmansyah,29,Software Engineer,8046043
Wati Pratama,46,Software Engineer,22916565
Rina Pratama,57,HR Staff,36624305
Andi Wijaya,35,UI/UX Designer,21061337
Putri Wijaya,51,Customer Support,11799788
Nur Kusuma,55,Software Engineer,21003124
Tono Santoso,30,Customer Support,11327005
Eka Nugroho,52,Marketing Specialist,13767687
Vina Rahayu,20,UI/UX Designer,39655657
Zaki Hidayat,41,Product Manager,36546086
Lestari Suryani,20,Operations Manager,34490779
Eka Setiawan,51,Software Engineer,16237826
Lestari Suryani,50,Operations Manager,11720971
Nur Saputra,39,Product Manager,7733616
Budi Firmansyah,41,Software Engineer,33640638
Qori Gunawan,40,Marketing Specialist,32007614
Yanto Santoso,25,Data Analyst,5033902
Rina Kusuma,53,Customer Support,44531648
Kiki Kusuma,39,Software Engineer,43627615
Wati Wijaya,60,Customer Support,6392359
Fitri Nugroho,27,Customer Support,26662459
Andi Kusuma,48,Sales Executive,36089403
Qori Gunawan,28,Office Administrator,10266347
Zaki Wijaya,59,Product Manager,10189041
Fitri Wijaya,31,Operations Manager,30008583
Kiki Wibowo,31,Office Administrator,14184925
Zaki Halim,30,Customer Support,12965268
Umar Firmansyah,33,Accountant,41826240
Umar Setiawan,53,Accountant,31348352
Indra Kusuma,38,Customer Support,32040976
Indra Wibowo,36,Operations Manager,44068171
Indra Halim,56,Operations Manager,30805984
Wati Saputra,35,Software Engineer,41108052
Dewi Suryani,30,Software Engineer,30515048
Gita Firmansyah,34,Product Manager,16542574
Wati Hidayat,28,Product Manager,35650688
Indra Suryani,35,Operations Manager,39332618
Mega Kusuma,25,Customer Support,28103151
Qori Suryani,58,QA Engineer,23071551
Putri Saputra,51,Accountant,15153786
Gita Rahayu,51,HR Staff,12593861
Joko Setiawan,30,Sales Executive,24098306
Andi Wibowo,41,Customer Support,30750722
Zaki Kusuma,53,QA Engineer,12566308
Yanto Halim,53,Product Manager,24943946
Joko Setiawan,34,Customer Support,10636281
Vina Suryani,30,Data Analyst,26756783
Vina Halim,52,Data Analyst,22368996
Yanto Hidayat,57,Data Analyst,21337070
Gita Santoso,55,Accountant,14597765
Tono Suryani,31,QA Engineer,21356364
Fitri Wibowo,34,Customer Support,31993102
Lestari Setiawan,48,Accountant,14803302
Eka Suryani,23,Software Engineer,15087308
Zaki Gunawan,36,Data Analyst,35122435
Kiki Gunawan,40,Software Engineer,31949212
Eka Setiawan,58,Office Administrator,29436500
Rina Nugroho,25,Data Analyst,36644859
Rina Hidayat,58,Operations Manager,7111479
Budi Suryani,50,Software Engineer,34051968
Yanto Wijaya,46,Sales Executive,5694826
Qori Hidayat,40,Data Analyst,20997430
Citra Firmansyah,49,Marketing Specialist,15960783
Gita Saputra,21,Customer Support,12785421
Budi Kusuma,57,Sales Executive,17334229
Lestari Pratama,45,Data Analyst,39074082
Rina Rahayu,46,Marketing Specialist,42372761
Indra Setiawan,46,HR Staff,9298243
Citra Gunawan,57,Customer Support,6610487
Mega Nugroho,43,Accountant,31862117
Siti Firmansyah,47,Customer Support,14027978
Putri Pratama,27,Software Engineer,15296200
Yanto Nugroho,35,Data Analyst,31486945
Rina Wibowo,29,Product Manager,41025222
Eka Halim,51,Product Manager,23390566
Yanto Wibowo,54,Data Analyst,42273482
Zaki Wijaya,40,Software Engineer,31372165
Indra Hidayat,18,Accountant,8576258
Dewi Rahayu,19,Sales Executive,34163211
Nur Halim,34,UI/UX Designer,6557532
Hadi Kusuma,38,UI/UX Designer,35879214
Indra Setiawan,52,HR Staff,44245358
Joko Wijaya,30,UI/UX Designer,39441714
Umar Firmansyah,33,UI/UX Designer,36991256
Tono Halim,50,QA Engineer,28589118
Fitri Setiawan,28,HR Staff,23132535
Eka Gunawan,18,UI/UX Designer,6634846
Andi Pratama,52,Data Analyst,39824558
Dewi Saputra,24,Data Analyst,21948921
Gita Wibowo,47,Operations Manager,15316535
Oki Suryani,24,QA Engineer,16377446
Indra Halim,46,Data Analyst,20285201
Qori Santoso,24,Sales Executive,5885005
Andi Hidayat,56,HR Staff,11483326
Umar Wibowo,53,Accountant,29470162
Rina Rahayu,39,Software Engineer,6646367
Gita Pratama,60,Product Manager,30410774
Eka Suryani,33,Customer Support,36625846
Yanto Firmansyah,30,Customer Support,10694620
Eka Wibowo,23,Office Administrator,40759885
Zaki Nugroho,51,Customer Support,35166157
Fitri Suryani,42,Office Administrator,20152547
Hadi Nugroho,58,Operations Manager,20264410
Wati Kusuma,25,Accountant,16167912
Gita Kusuma,24,QA Engineer,25070734
Vina Halim,48,Accountant,14648869
Vina Firmansyah,20,Marketing Specialist,44154789
Eka Hidayat,60,Office Administrator,25859543
Zaki Saputra,27,Sales Executive,23262778
Dewi Pratama,54,Data Analyst,40619558
Indra Pratama,26,Operations Manager,29875540
Fitri Gunawan,39,Customer Support,17484636
Fitri Wibowo,55,Marketing Specialist,22409947
Umar Santoso,32,UI/UX Designer,33169548
Citra Suryani,24,Software Engineer,26436912
Lestari Gunawan,39,HR Staff,32513868
Putri Nugroho,39,Marketing Specialist,30271267
Wati Saputra,31,Accountant,24027969
Fitri Firmansyah,58,Accountant,33036532
Yanto Setiawan,52,Product Manager,16030382
Joko Halim,21,Customer Support,32386471
Wati Suryani,25,UI/UX Designer,26627253
Wati Gunawan,19,Office Administrator,40471321
Andi Pratama,25,Product Manager,25375956
Zaki Hidayat,37,UI/UX Designer,27659499
Joko Nugroho,31,HR Staff,4690808
Indra Rahayu,25,Operations Manager,13017273
Vina Suryani,51,Product Manager,4379970
Zaki Firmansyah,37,QA Engineer,10586478
Yanto Wijaya,36,HR Staff,34838141
Citra Wibowo,25,Accountant,44820336
Gita Wibowo,19,Software Engineer,42918604
Indra Halim,36,HR Staff,21199383
Indra Nugroho,49,HR Staff,39185565
Mega Wibowo,20,HR Staff,25530364
Hadi Firmansyah,40,Marketing Specialist,31573460
Qori Hidayat,19,UI/UX Designer,27053060
Qori Firmansyah,19,Marketing Specialist,43705342
Citra Pratama,38,Software Engineer,28339483
Vina Rahayu,58,HR Staff,24255703
Lestari Firmansyah,25,HR Staff,33913739
Indra Setiawan,41,Customer Support,26848438
Umar Pratama,27,UI/UX Designer,8528597
Wati Nugroho,58,HR Staff,39140495
Siti Suryani,49,UI/UX Designer,24852863
Wati Halim,44,Customer Support,25136866
Hadi Wijaya,21,HR Staff,42573883
Kiki Hidayat,60,Accountant,15135697
Mega Suryani,52,QA Engineer,19676140
Lestari Rahayu,37,Office Administrator,10088884
Eka Hidayat,56,Software Engineer,44246996
Oki Wijaya,55,Sales Executive,44314104
Dewi Wijaya,53,Sales Executive,15260145
Putri Firmansyah,51,Marketing Specialist,27405614
Yanto Saputra,33,Data Analyst,10542027
Putri Halim,34,Operations Manager,9101562
Qori Kusuma,20,QA Engineer,5874278
Yanto Setiawan,26,Software Engineer,12624996
Siti Wibowo,21,Sales Executive,19463945
Nur Rahayu,48,Customer Support,13155193
Budi Suryani,59,Office Administrator,42106052
Tono Kusuma,56,UI/UX Designer,14810592
Tono Rahayu,51,Data Analyst,28376433
Tono Setiawan,25,UI/UX Designer,41157967
Fitri Setiawan,52,QA Engineer,18422617
Budi Setiawan,41,Marketing Specialist,44763344
Gita Wijaya,39,Product Manager,41798978
Budi Saputra,37,HR Staff,29777209
Putri Wijaya,35,Customer Support,43413752
Nur Setiawan,30,Software Engineer,28203500
Fitri Halim,27,Marketing Specialist,9994410
Eka Hidayat,56,Sales Executive,32445418
Eka Nugroho,32,QA Engineer,15981193
Indra Wijaya,29,HR Staff,18295055
Nur Santoso,48,Marketing Specialist,24923711
Umar Pratama,51,UI/UX Designer,11106914
Vina Wijaya,28,QA Engineer,33883522
Joko Pratama,58,Marketing Specialist,31515478
Siti Suryani,32,Customer Support,30814639
Qori Pratama,40,Data Analyst,23806161
Zaki Gunawan,53,Sales Executive,35543955
Nur Halim,51,HR Staff,13648431
Mega Nugroho,38,Sales Executive,28417453
Indra Firmansyah,52,UI/UX Designer,17400615
Oki Wibowo,30,Office Administrator,14325360
Hadi Nugroho,32,Customer Support,29426217
Umar Wijaya,27,QA Engineer,12525527
Siti Wibowo,22,Customer Support,6815949
Rina Setiawan,59,Software Engineer,36495127
Dewi Wijaya,34,Customer Support,42753748
Oki Firmansyah,58,Operations Manager,31577953
Qori Gunawan,19,Product Manager,10035952
Budi Suryani,60,Product Manager,23384432
Qori Halim,51,HR Staff,10967940
Vina Gunawan,42,HR Staff,28327886
Hadi Wijaya,30,Sales Executive,42048322
Budi Hidayat,55,UI/UX Designer,14420402
Yanto Gunawan,28,Software Engineer,33097512
Budi Gunawan,36,Software Engineer,22919205
Lestari Saputra,50,Operations Manager,23156655
Mega Halim,23,QA Engineer,5430798
Hadi Halim,18,UI/UX Designer,42653805
Andi Gunawan,56,Office Administrator,30882599
Indra Pratama,20,Sales Executive,40766469
Eka Wijaya,33,Customer Support,12242307
Tono Hidayat,25,Sales Executive,23941043
Zaki Gunawan,54,Office Administrator,14729555
Kiki Saputra,23,Data Analyst,43868982
Eka Halim,24,UI/UX Designer,21929849
Wati Saputra,39,Marketing Specialist,31179098
Zaki Wibowo,56,Data Analyst,39288299
Lestari Rahayu,23,Customer Support,39233766
Umar Firmansyah,46,Office Administrator,9394064
Kiki Wibowo,32,HR Staff,37523340
Wati Wijaya,38,Customer Support,22000803
Oki Setiawan,48,UI/UX Designer,23284205
Yanto Wijaya,52,UI/UX Designer,19289821
Tono Firmansyah,51,Operations Manager,10673856
Umar Santoso,58,Operations Manager,9532590
Budi Firmansyah,41,HR Staff,37503617
Siti Saputra,31,HR Staff,12123816
Eka Pratama,22,Software Engineer,40868049
Oki Nugroho,54,Data Analyst,7875814
Indra Saputra,56,HR Staff,8965669
Mega Halim,49,QA Engineer,7828501
Hadi Nugroho,22,Operations Manager,29197251
Wati Saputra,35,Data Analyst,26383422
Dewi Rahayu,38,Marketing Specialist,12956605
Lestari Pratama,22,QA Engineer,22060848
Oki Rahayu,32,Office Administrator,31529648
Fitri Rahayu,44,UI/UX Designer,21899426
Eka Pratama,25,Product Manager,18653150
Oki Wijaya,25,Operations Manager,27701069
Umar Rahayu,32,Sales Executive,9428387
Putri Rahayu,35,Office Administrator,23178177
Indra Wijaya,39,Customer Support,44096943
Kiki Suryani,52,Office Administrator,38815625
Rina Nugroho,54,UI/UX Designer,15766261
Budi Suryani,30,HR Staff,7121841
Wati Setiawan,24,Accountant,8473189
Fitri Pratama,42,HR Staff,22414102
Tono Rahayu,35,Software Engineer,34691999
Yanto Rahayu,39,Data Analyst,40411666
Budi Firmansyah,31,Marketing Specialist,19124601
Andi Saputra,48,Sales Executive,22547151
Umar Setiawan,37,QA Engineer,13164140
Siti Halim,48,UI/UX Designer,31590672
Indra Wibowo,24,Marketing Specialist,17114997
Putri Halim,45,Software Engineer,13470179
Hadi Setiawan,34,Accountant,19715470
Umar Firmansyah,31,Office Administrator,44488804
Citra Kusuma,18,Operations Manager,16312850
Indra Hidayat,30,Accountant,5760599
Vina Suryani,42,Software Engineer,12903783
Vina Kusuma,37,Data Analyst,13132151
Siti Halim,27,HR Staff,40575464
Oki Santoso,59,Software Engineer,33810325
Joko Rahayu,46,UI/UX Designer,42149689
Nur Wijaya,59,QA Engineer,25706953
Eka Kusuma,53,Customer Support,42255892
Wati Nugroho,36,UI/UX Designer,42560587
Kiki Rahayu,32,QA Engineer,19249123
Mega Halim,33,Operations Manager,7725879
Nur Setiawan,48,HR Staff,35346337
Zaki Suryani,55,QA Engineer,27056414
Mega Halim,32,Marketing Specialist,42719327
Umar Wijaya,20,Office Administrator,36508325
Kiki Pratama,38,QA Engineer,40932976
Nur Kusuma,53,Software Engineer,44262690
Eka Pratama,44,Software Engineer,16614669
Tono Saputra,29,Operations Manager,31543445
Lestari Wijaya,40,Data Analyst,30638839
Mega Firmansyah,22,Data Analyst,40803511
Oki Firmansyah,37,Software Engineer,32500661
Indra Pratama,18,Operations Manager,9471934
Oki Pratama,33,UI/UX Designer,7135318
Yanto Firmansyah,52,QA Engineer,18029798
Wati Setiawan,52,Data Analyst,30847257
Yanto Wijaya,44,Marketing Specialist,26414653
Umar Setiawan,33,Sales Executive,23318297
Hadi Rahayu,25,QA Engineer,29129175
Siti Rahayu,58,Product Manager,37600370
Oki Suryani,38,QA Engineer,31590592
Nur Wibowo,42,HR Staff,13634045
Mega Nugroho,23,Software Engineer,4078285
Vina Hidayat,27,UI/UX Designer,10957422
Umar Setiawan,50,Office Administrator,27828900
Oki Setiawan,58,Customer Support,20539927
Budi Rahayu,41,Product Manager,42175044
Mega Wijaya,51,Operations Manager,13414405
Mega Kusuma,23,Customer Support,23070327
Putri Kusuma,53,Operations Manager,40145713
Mega Pratama,42,Product Manager,4182768
Kiki Kusuma,33,Operations Manager,37257873
Hadi Setiawan,42,Customer Support,20017307
Dewi Wijaya,56,Sales Executive,24302717
Dewi Setiawan,29,UI/UX Designer,21455061
Rina Gunawan,28,Sales Executive,20808044
Qori Setiawan,31,Software Engineer,11970698
Vina Suryani,38,Customer Support,37097346
Citra Halim,25,HR Staff,5454432
Tono Wibowo,31,Customer Support,4579840
Rina Nugroho,33,Product Manager,35309020
Wati Pratama,29,Customer Support,40750407
Lestari Kusuma,52,Operations Manager,43289273
Putri Setiawan,39,QA Engineer,24632963
Hadi Hidayat,39,Sales Executive,9829822
Indra Wibowo,47,HR Staff,22955422
Qori Wijaya,24,QA Engineer,25783431
Dewi Kusuma,30,Office Administrator,21321115
Citra Wibowo,41,Customer Support,5570820
Mega Saputra,21,Software Engineer,19354899
Yanto Santoso,52,HR Staff,24099539
Qori Saputra,60,UI/UX Designer,4805424
Hadi Rahayu,43,Marketing Specialist,40149140
Hadi Wijaya,45,Operations Manager,40170678
Rina Hidayat,33,Data Analyst,33639671
Umar Hidayat,40,HR Staff,16373306
Fitri Wijaya,25,Sales Executive,32044894
Andi Santoso,23,Sales Executive,19303671
Putri Saputra,39,Software Engineer,4860055
Putri Hidayat,52,Software Engineer,14627534
Qori Saputra,35,Customer Support,11245890
Oki Wijaya,32,Accountant,17987065
Joko Firmansyah,32,Operations Manager,27761610
Indra Firmansyah,28,Software Engineer,32126200
Siti Halim,51,Accountant,26769539
Vina Santoso,57,Software Engineer,15935849
Qori Nugroho,27,Accountant,27282519
Lestari Gunawan,25,HR Staff,31153194
Siti Rahayu,57,Data Analyst,5866202
Oki Wijaya,29,HR Staff,13101987
Putri Setiawan,36,Marketing Specialist,15623837
Kiki Saputra,32,Sales Executive,44969330
Eka Firmansyah,24,Accountant,43107366
Dewi Rahayu,32,HR Staff,27954063
Fitri Gunawan,20,Customer Support,18937628
Eka Nugroho,34,HR Staff,35889215
Yanto Halim,52,Sales Executive,37694970
Tono Halim,37,Accountant,9293421
Dewi Halim,18,HR Staff,25036873
Zaki Halim,56,HR Staff,25981657
Umar Firmansyah,50,Data Analyst,14732326
Indra Nugroho,39,UI/UX Designer,7236372
Rina Rahayu,20,Data Analyst,39078429
Putri Hidayat,57,Product Manager,38891420
Mega Hidayat,20,Operations Manager,16203569
Vina Wijaya,30,Software Engineer,18190119
Joko Kusuma,58,Product Manager,4187687
Fitri Wijaya,27,Data Analyst,20563468
Tono Suryani,55,HR Staff,24259739
Fitri Halim,48,QA Engineer,13194077
Putri Halim,57,UI/UX Designer,14105104
Mega Pratama,37,Customer Support,10387895
Lestari Saputra,51,Product Manager,8081739
Siti Suryani,52,Customer Support,29526333
Tono Saputra,30,Marketing Specialist,23119294
Nur Saputra,49,Marketing Specialist,35190831
Vina Rahayu,23,Customer Support,42279695
Nur Saputra,41,Sales Executive,19354676
Citra Santoso,32,Software Engineer,31850790
Zaki Suryani,60,UI/UX Designer,39432092
Indra Nugroho,45,UI/UX Designer,8504386
Kiki Wijaya,47,UI/UX Designer,7598277
Siti Wijaya,28,Operations Manager,9645961
Putri Setiawan,32,Accountant,10781079
Tono Kusuma,35,Sales Executive,29243024
Eka Pratama,49,Marketing Specialist,15972567
Eka Kusuma,48,HR Staff,26629773
Mega Hidayat,43,Office Administrator,34427545
Andi Halim,42,Customer Support,13245526
Joko Wijaya,20,Accountant,17691566
Citra Wibowo,46,Product Manager,10965348
Lestari Wibowo,39,Sales Executive,17362075
Eka Saputra,39,Accountant,31170823
Wati Suryani,28,Office Administrator,37423439
Gita Santoso,19,Customer Support,18521704
Gita Santoso,46,Software Engineer,14490903
Hadi Rahayu,20,Accountant,19080572
Qori Suryani,42,Software Engineer,4324269
Oki Kusuma,49,Software Engineer,44915989
Umar Gunawan,21,QA Engineer,21576645
Citra Kusuma,19,Operations Manager,36787150
Putri Wijaya,24,Software Engineer,10185840
Hadi Gunawan,59,Customer Support,7059895
Budi Pratama,45,Data Analyst,11497925
Siti Wibowo,26,HR Staff,27262904
Citra Firmansyah,35,Product Manager,41358731
Siti Rahayu,50,Sales Executive,31882282
Joko Setiawan,54,Data Analyst,44694158
Budi Pratama,52,Accountant,42720205
Eka Rahayu,42,Product Manager,43027035
Qori Pratama,33,Marketing Specialist,26303799
Putri Suryani,34,Operations Manager,23395480
Gita Gunawan,51,Accountant,17722166
Kiki Saputra,20,Accountant,14196326
Indra Pratama,59,Office Administrator,25788986
Yanto Wibowo,37,UI/UX Designer,42395411
Citra Wijaya,19,Operations Manager,39314787
Mega Rahayu,38,UI/UX Designer,7533342
Qori Saputra,24,UI/UX Designer,5818443
Indra Wibowo,47,QA Engineer,41562613
Wati Wijaya,45,Product Manager,35611590
Joko Pratama,35,Customer Support,37999965
Joko Hidayat,40,Software Engineer,42867155
Fitri Kusuma,43,Software Engineer,41648178
Tono Nugroho,34,HR Staff,19721531
Andi Firmansyah,56,Customer Support,10155224
Lestari Gunawan,22,HR Staff,37699357
Oki Setiawan,51,UI/UX Designer,17831093
Zaki Suryani,59,QA Engineer,14576599
Wati Wijaya,23,Marketing Specialist,14306462
Dewi Rahayu,45,Accountant,24103224
Putri Rahayu,43,Data Analyst,42142305
Umar Nugroho,49,Marketing Specialist,27711348
Gita Hidayat,34,HR Staff,32943931
Tono Kusuma,50,UI/UX Designer,5553816
Dewi Kusuma,43,QA Engineer,30472500
Kiki Santoso,24,HR Staff,21747570
Joko Rahayu,60,Data Analyst,36495911
Qori Santoso,37,Sales Executive,14165347
Gita Kusuma,38,Operations Manager,39180120
Qori Suryani,41,Office Administrator,36538522
Tono Nugroho,30,Customer Support,31997926
Fitri Kusuma,56,Customer Support,13113975
Oki Pratama,30,Data Analyst,29779039
Vina Halim,24,Office Administrator,34871053
Mega Nugroho,18,Customer Support,12856242
Fitri Halim,21,HR Staff,28133617
Lestari Setiawan,26,Operations Manager,35468480
Rina Kusuma,22,Office Administrator,27809529
Putri Nugroho,49,HR Staff,12228114
Rina Santoso,43,Accountant,16729282
Kiki Gunawan,25,UI/UX Designer,13336726
Hadi Suryani,39,Office Administrator,31224576
Umar Rahayu,21,HR Staff,30276718
Andi Nugroho,43,UI/UX Designer,27830749
Joko Saputra,55,QA Engineer,21786909
Dewi Gunawan,53,Customer Support,44797356
Fitri Suryani,25,Marketing Specialist,12448923
Andi Kusuma,46,Operations Manager,37106242
Wati Halim,43,Product Manager,38027579
Joko Kusuma,56,Office Administrator,35395037
Umar Pratama,38,Product Manager,41590276
Zaki Pratama,54,Data Analyst,20810464
Joko Hidayat,31,Customer Support,30375455
Dewi Santoso,48,UI/UX Designer,11605454
Rina Pratama,44,Operations Manager,12844543
Rina Suryani,26,Customer Support,7118579
Mega Firmansyah,38,Customer Support,6547186
Putri Santoso,43,HR Staff,20920740
Joko Suryani,49,Customer Support,31209338
Qori Halim,45,Office Administrator,19958359
Andi Wibowo,47,Data Analyst,27043364
Andi Kusuma,59,Operations Manager,4572859
Wati Saputra,18,Product Manager,7831070
Rina Firmansyah,57,Sales Executive,31866573
Qori Halim,58,Office Administrator,6031764
Tono Santoso,26,Sales Executive,7484647
Fitri Wibowo,38,Marketing Specialist,15822468
Rina Setiawan,26,QA Engineer,33450584
Yanto Saputra,36,Product Manager,26213678
Putri Rahayu,46,Product Manager,31666524
Hadi Gunawan,48,Sales Executive,38527538
Oki Pratama,47,Product Manager,13796553
Yanto Nugroho,51,Product Manager,27451362
Umar Kusuma,52,Customer Support,21742756
Tono Hidayat,40,Product Manager,7250415
Indra Rahayu,52,Office Administrator,15203492
Citra Setiawan,39,Operations Manager,10068540
Hadi Setiawan,28,HR Staff,17009579
Oki Setiawan,57,Office Administrator,30094824
Rina Kusuma,50,Accountant,27229040
Gita Setiawan,55,Operations Manager,5878860
Kiki Firmansyah,43,Accountant,30572162
Eka Rahayu,32,Accountant,26638867
Putri Kusuma,45,Data Analyst,10951963
Fitri Saputra,58,Sales Executive,34970256
Indra Saputra,42,UI/UX Designer,31797754
Joko Kusuma,38,Accountant,36516220
Lestari Gunawan,19,QA Engineer,12869026
Budi Halim,47,Sales Executive,37682769
Wati Setiawan,43,Marketing Specialist,26052009
Yanto Hidayat,45,Marketing Specialist,37494206
Rina Setiawan,21,Sales Executive,7301484
Siti Rahayu,45,Sales Executive,33360194
Fitri Rahayu,24,Data Analyst,38043900
Andi Hidayat,50,UI/UX Designer,42032010
Nur Saputra,32,Software Engineer,24471115
Lestari Gunawan,30,Product Manager,40336235
Mega Setiawan,56,Marketing Specialist,7815908
Oki Pratama,34,Accountant,14374821
Budi Hidayat,29,UI/UX Designer,33175657
Putri Pratama,56,Software Engineer,6963911
Fitri Rahayu,20,Software Engineer,23970027
Lestari Kusuma,24,Office Administrator,34860950
Mega Wibowo,36,Marketing Specialist,21969296
Oki Santoso,56,Accountant,26510718
Putri Rahayu,44,Marketing Specialist,39316537
Mega Gunawan,24,Sales Executive,13150340
Rina Saputra,37,Customer Support,32507598
Indra Rahayu,35,Office Administrator,13259213
Dewi Hidayat,58,Accountant,33944688
Dewi Wijaya,30,Software Engineer,44491280
Wati Saputra,34,HR Staff,13721742
Putri Halim,44,Customer Support,25648317
Putri Kusuma,60,Marketing Specialist,28409058
Indra Firmansyah,57,HR Staff,42582394
Indra Saputra,18,Office Administrator,13593893
Putri Wibowo,53,Software Engineer,14015752
Wati Santoso,21,Software Engineer,16602448
Yanto Firmansyah,18,Marketing Specialist,30398249
Yanto Halim,22,Data Analyst,31141725
Fitri Wijaya,55,Customer Support,26729341
Tono Halim,43,Software Engineer,14969788
Vina Suryani,41,Software Engineer,11834561
Fitri Gunawan,47,Customer Support,11272477
Umar Nugroho,40,Product Manager,44316415
Vina Kusuma,19,Customer Support,29395696
Indra Santoso,29,Office Administrator,37533327
Kiki Santoso,25,Product Manager,11130067
Vina Pratama,57,Accountant,21035833
Tono Setiawan,34,Marketing Specialist,25732480
Lestari Gunawan,27,Marketing Specialist,17751932
Oki Suryani,45,HR Staff,14743063
Putri Halim,57,UI/UX Designer,10976128
Fitri Halim,31,Product Manager,4462733
Eka Nugroho,36,Data Analyst,25835827
Tono Gunawan,25,Product Manager,30309411
Yanto Saputra,49,Customer Support,29317283
Putri Suryani,41,Customer Support,30026901
Gita Pratama,57,Customer Support,17505722
Nur Firmansyah,42,HR Staff,9915509
Rina Saputra,20,Sales Executive,37103266
Tono Pratama,54,Product Manager,30589811
Fitri Setiawan,34,Office Administrator,28501063
Siti Saputra,35,Office Administrator,38664425
Fitri Wijaya,29,UI/UX Designer,7325366
Kiki Halim,37,QA Engineer,29106665
Qori Halim,52,Customer Support,23308958
Budi Nugroho,41,UI/UX Designer,31178610
Vina Nugroho,45,Product Manager,37912325
Andi Wibowo,60,Data Analyst,15115069
Gita Wibowo,54,HR Staff,9870409
Hadi Pratama,50,Sales Executive,38226367
Rina Hidayat,34,Sales Executive,23458389
Nur Halim,22,Office Administrator,15241279
Joko Kusuma,29,Sales Executive,38008599
Fitri Kusuma,56,Office Administrator,11251686
Mega Kusuma,41,Sales Executive,24934190
Tono Gunawan,49,Sales Executive,17886177
Tono Kusuma,48,UI/UX Designer,35522896
Eka Santoso,22,UI/UX Designer,16505123
Wati Kusuma,47,UI/UX Designer,16039998
Joko Santoso,49,UI/UX Designer,14514706
Umar Wijaya,55,Office Administrator,41957845
Joko Wibowo,36,Operations Manager,30522249
Joko Wibowo,35,Sales Executive,43249376
Hadi Wibowo,47,UI/UX Designer,19697039
Oki Saputra,54,Data Analyst,42996379
Kiki Kusuma,44,Software Engineer,20610551
Nur Hidayat,31,Marketing Specialist,15265734
Wati Wibowo,41,HR Staff,6051409
Hadi Saputra,24,Software Engineer,7270452
Andi Kusuma,51,Customer Support,17654734
Tono Gunawan,43,UI/UX Designer,17194504
Zaki Rahayu,31,Customer Support,22112382
Tono Gunawan,18,Marketing Specialist,23204943
Vina Nugroho,57,Sales Executive,6417835
Budi Kusuma,44,Customer Support,43688328
Fitri Setiawan,46,Office Administrator,25935041
Rina Nugroho,47,Customer Support,17782349
Gita Wibowo,34,QA Engineer,6667954
Kiki Setiawan,39,Operations Manager,6838851
Putri Suryani,28,Software Engineer,36637374
Umar Firmansyah,35,Software Engineer,26726962
Oki Kusuma,46,HR Staff,41308706
Kiki Gunawan,43,Office Administrator,14506639
Qori Suryani,54,Office Administrator,25385917
Yanto Setiawan,36,Customer Support,8646401
Lestari Setiawan,25,QA Engineer,13929774
Hadi Wijaya,49,Marketing Specialist,8760625
Zaki Firmansyah,50,QA Engineer,29926851
Lestari Kusuma,32,Marketing Specialist,9147220
Vina Hidayat,42,QA Engineer,22668924
Budi Setiawan,41,Data Analyst,10771055
Indra Wibowo,36,UI/UX Designer,41092621
Qori Santoso,60,Product Manager,25590401
Lestari Pratama,34,Operations Manager,5748667
Tono Wibowo,52,Data Analyst,26651028
Kiki Wijaya,39,Office Administrator,43425443
Mega Pratama,49,HR Staff,31845893
Kiki Setiawan,28,Operations Manager,43256207
Tono Kusuma,38,Software Engineer,13795955
Yanto Halim,58,Marketing Specialist,41956540
Qori Saputra,22,Software Engineer,21063813
Budi Nugroho,59,UI/UX Designer,19496769
Siti Wibowo,51,UI/UX Designer,27627904
Gita Wijaya,53,Marketing Specialist,39167437
Tono Nugroho,38,Product Manager,36127680
Dewi Pratama,55,HR Staff,6700329
Qori Wibowo,54,Accountant,25305302
Mega Suryani,50,Data Analyst,13549172
Mega Hidayat,26,QA Engineer,38095552
Citra Suryani,39,Sales Executive,22209008
Kiki Pratama,60,Software Engineer,29881531
Fitri Nugroho,46,Marketing Specialist,31394688
Indra Suryani,56,Customer Support,22793752
Andi Rahayu,55,QA Engineer,41905495
Wati Setiawan,44,Data Analyst,28901582
Andi Gunawan,39,Customer Support,16271195
Nur Setiawan,52,Sales Executive,6693055
Eka Gunawan,57,Sales Executive,24917844
Eka Firmansyah,43,Software Engineer,21770804
Citra Rahayu,27,Software Engineer,25401342
Nur Setiawan,56,Software Engineer,29419157
Oki Halim,51,Accountant,16502142
Siti Suryani,49,Accountant,27503191
Oki Hidayat,54,Data Analyst,39131040
Andi Suryani,27,Product Manager,32850954
Mega Halim,34,Marketing Specialist,20762806
Indra Wijaya,39,Marketing Specialist,15980161
Putri Setiawan,51,QA Engineer,15068362
Qori Hidayat,35,HR Staff,31992857
Tono Halim,44,Operations Manager,6009721
Zaki Setiawan,31,Software Engineer,9784727
Umar Nugroho,31,QA Engineer,26465171
Qori Setiawan,46,Product Manager,32506425
Zaki Firmansyah,57,UI/UX Designer,24152921
Yanto Gunawan,45,QA Engineer,34570272
Siti Rahayu,54,Marketing Specialist,34142039
Putri Hidayat,20,Sales Executive,15744134
Qori Setiawan,46,Operations Manager,15776738
Umar Halim,59,Sales Executive,7019301
Andi Suryani,33,Accountant,10242209
Vina Nugroho,46,Software Engineer,22462073
Vina Gunawan,41,Operations Manager,29746299
Oki Pratama,19,Product Manager,17087419
Eka Hidayat,34,UI/UX Designer,26573068
Indra Setiawan,39,Software Engineer,4878261
Lestari Firmansyah,58,Operations Manager,4293245
Gita Halim,47,Sales Executive,12394796
Citra Saputra,28,UI/UX Designer,37991094
Rina Firmansyah,24,QA Engineer,28691507
Oki Wibowo,21,Software Engineer,20422142
Kiki Rahayu,22,UI/UX Designer,9243009
Tono Halim,28,Sales Executive,39575257
Fitri Suryani,19,Customer Support,16539808
Nur Pratama,60,Customer Support,16598841
Eka Pratama,33,UI/UX Designer,8411079
Mega Setiawan,39,HR Staff,22934873
Qori Gunawan,28,Data Analyst,19034925
Citra Firmansyah,43,Sales Executive,16783040
Indra Santoso,43,Office Administrator,11855007
Tono Wibowo,41,Accountant,11968819
Dewi Pratama,28,Sales Executive,33503647
Rina Firmansyah,29,Sales Executive,41115941
Lestari Nugroho,49,Product Manager,21901053
Oki Wibowo,27,Marketing Specialist,14004875
Oki Hidayat,47,QA Engineer,40554339
Mega Wijaya,44,Marketing Specialist,25191619
Joko Pratama,20,Software Engineer,19152675
Kiki Hidayat,50,Data Analyst,6686792
Wati Firmansyah,36,UI/UX Designer,38337843
Wati Firmansyah,55,Accountant,24883998
Lestari Kusuma,49,Data Analyst,14156799
Rina Firmansyah,39,UI/UX Designer,14879138
Wati Firmansyah,57,HR Staff,8522130
Nur Suryani,40,Accountant,40048696
Kiki Setiawan,27,Customer Support,23481088
Umar Santoso,43,Sales Executive,5835163
Tono Firmansyah,19,Accountant,15411348
Joko Halim,60,Marketing Specialist,41579781
Lestari Wijaya,38,Office Administrator,35205117
Yanto Nugroho,23,Customer Support,38357539
Qori Saputra,58,QA Engineer,27047514
Yanto Nugroho,56,HR Staff,36536519
Rina Rahayu,29,UI/UX Designer,44181836
Indra Wibowo,34,Customer Support,20242877
Andi Santoso,48,HR Staff,6406652
Yanto Setiawan,50,Customer Support,20209590
Fitri Halim,32,Data Analyst,15924111
Yanto Halim,54,Software Engineer,14415159
Vina Suryani,45,Operations Manager,32446855
Hadi Wijaya,47,Customer Support,34511080
Nur Saputra,29,Operations Manager,28559654
Rina Setiawan,59,Accountant,24169134
Eka Hidayat,30,HR Staff,21669930
Umar Pratama,30,Accountant,13401062
Fitri Saputra,30,QA Engineer,25445803
Fitri Santoso,55,QA Engineer,35229622
Wati Setiawan,59,Office Administrator,25575756
Eka Pratama,58,Sales Executive,37066202
Mega Saputra,45,Accountant,19079207
Zaki Halim,47,HR Staff,35775724
Indra Gunawan,50,Sales Executive,6707547
Zaki Wibowo,43,Product Manager,43062253
Yanto Santoso,40,Accountant,23593978
Budi Gunawan,54,Software Engineer,40620993
Hadi Setiawan,21,Product Manager,14435095
Putri Hidayat,41,Sales Executive,34877000
Indra Firmansyah,59,UI/UX Designer,30932612
Rina Rahayu,39,UI/UX Designer,7197081
Gita Saputra,57,Data Analyst,5466530
Siti Wijaya,50,QA Engineer,11325542
Vina Suryani,57,Software Engineer,22515757
Dewi Wijaya,55,Operations Manager,39069927
Yanto Hidayat,40,Sales Executive,41835820
Siti Hidayat,55,Data Analyst,11361837
Oki Firmansyah,50,UI/UX Designer,19420314
Indra Rahayu,54,HR Staff,20151116
Hadi Wijaya,39,Customer Support,13974023
Umar Nugroho,57,Product Manager,34930021
Lestari Setiawan,33,Operations Manager,7371764
Andi Santoso,27,Software Engineer,19126361
Oki Wijaya,55,Customer Support,17885330
Fitri Suryani,23,Product Manager,42211195
Putri Wibowo,32,Sales Executive,27794531
Gita Pratama,29,Operations Manager,43839749
Hadi Pratama,31,Data Analyst,5725310
Yanto Saputra,30,Accountant,22126006
Siti Nugroho,44,Data Analyst,37952973
Joko Kusuma,27,Product Manager,27785191
Rina Rahayu,25,UI/UX Designer,30496424
Kiki Suryani,51,UI/UX Designer,21298788
Kiki Kusuma,36,QA Engineer,35876441
Zaki Halim,24,Accountant,18951424
Dewi Gunawan,52,Office Administrator,34486290
Umar Pratama,52,Customer Support,28012962
Vina Pratama,37,UI/UX Designer,9887988
Oki Pratama,21,Product Manager,6218796
Oki Kusuma,58,Product Manager,19713160
Gita Wijaya,26,HR Staff,27257483
Zaki Wijaya,56,Marketing Specialist,37018138
Lestari Rahayu,24,Software Engineer,20371858
Umar Hidayat,34,Software Engineer,31188878
Eka Rahayu,50,Sales Executive,10475744
Qori Halim,50,Office Administrator,21079622
Citra Kusuma,19,Sales Executive,31950764
Zaki Kusuma,35,Marketing Specialist,17829480
Umar Santoso,33,UI/UX Designer,32019275
Putri Santoso,54,Accountant,22496355
Andi Suryani,23,Sales Executive,15803509
Joko Setiawan,57,Accountant,37903347
Qori Rahayu,55,Office Administrator,36370857
Citra Setiawan,46,Office Administrator,15466814
Umar Hidayat,44,HR Staff,35465461
Mega Halim,49,Marketing Specialist,16182821
Umar Gunawan,44,HR Staff,8297414
Kiki Kusuma,56,Data Analyst,22978995
Umar Wibowo,59,UI/UX Designer,30598546
Gita Gunawan,37,UI/UX Designer,44313454
Dewi Hidayat,45,Sales Executive,42214466
Zaki Firmansyah,39,HR Staff,21554513
Tono Nugroho,54,Marketing Specialist,15920970
Eka Nugroho,47,Data Analyst,40961773
Putri Nugroho,46,Operations Manager,17455726
Joko Halim,60,Sales Executive,19690625
Hadi Suryani,57,HR Staff,4279475
Kiki Kusuma,40,QA Engineer,6633433
Joko Hidayat,38,Product Manager,24439248
Zaki Pratama,19,Marketing Specialist,43231838
Zaki Pratama,48,Product Manager,39163145
Qori Gunawan,40,Operations Manager,7543267
Budi Saputra,49,HR Staff,31987174
Budi Suryani,20,Marketing Specialist,35502461
Fitri Saputra,18,Office Administrator,44439054
Yanto Setiawan,47,Sales Executive,28426249
Zaki Kusuma,51,Product Manager,44697475
Wati Suryani,25,Software Engineer,35294843
Zaki Wibowo,30,Software Engineer,13623155
Oki Nugroho,24,HR Staff,33639657
Andi Gunawan,36,Office Administrator,30375124
Oki Hidayat,28,Marketing Specialist,25641493
Budi Santoso,38,Marketing Specialist,28067135
Lestari Nugroho,30,Customer Support,9412685
Rina Pratama,51,Software Engineer,22900396
Vina Firmansyah,52,Marketing Specialist,32763472
Zaki Pratama,29,Data Analyst,5762998
Hadi Santoso,54,HR Staff,33780291
Dewi Suryani,53,Accountant,33848760
Tono Gunawan,44,Customer Support,19082010
Zaki Santoso,23,Accountant,4534072
Eka Setiawan,32,Accountant,4929989
Nur Wijaya,54,Product Manager,30873314
Joko Gunawan,21,UI/UX Designer,5092975
Zaki Hidayat,47,Marketing Specialist,43413571
Joko Wijaya,36,Accountant,40689285
Putri Hidayat,25,Sales Executive,19684296
Budi Gunawan,54,QA Engineer,39677589
Mega Nugroho,32,Software Engineer,21455669
Indra Pratama,43,Product Manager,44919343
Hadi Gunawan,33,Operations Manager,14842853
Wati Santoso,57,Marketing Specialist,32313537
Hadi Rahayu,34,UI/UX Designer,18456080
Citra Setiawan,53,Accountant,25577648
Dewi Firmansyah,43,Customer Support,33373241
Wati Setiawan,44,Sales Executive,6861082
Joko Halim,60,Sales Executive,23691730
Gita Wijaya,39,Marketing Specialist,35380832
Zaki Firmansyah,18,Sales Executive,29111920
Putri Saputra,23,Office Administrator,44760438
Fitri Nugroho,51,HR Staff,26551838
Nur Santoso,33,Office Administrator,19588873
Zaki Saputra,52,UI/UX Designer,16023333
Tono Rahayu,18,HR Staff,42304631
Andi Halim,35,UI/UX Designer,36518524
Rina Kusuma,21,Operations Manager,27954505
Andi Setiawan,21,Customer Support,31529966
Lestari Pratama,20,UI/UX Designer,17123065
Putri Saputra,25,Product Manager,26083638
Nur Firmansyah,29,HR Staff,27360642
Vina Wibowo,43,UI/UX Designer,37224087
Vina Kusuma,51,HR Staff,32694197
Dewi Wibowo,33,HR Staff,40240159
Rina Nugroho,46,Software Engineer,36547865
Eka Santoso,39,Software Engineer,27943198
Hadi Hidayat,58,Sales Executive,17279136
Umar Nugroho,33,Customer Support,34149161
Joko Rahayu,52,Data Analyst,27989845
Vina Halim,37,Accountant,36331895
Joko Rahayu,49,Sales Executive,10112520
Tono Kusuma,18,Data Analyst,30906422
Putri Hidayat,59,Office Administrator,27461717
Mega Firmansyah,23,Data Analyst,7143523
Umar Nugroho,58,HR Staff,28064001
Indra Halim,60,Operations Manager,5930111
Hadi Setiawan,54,Office Administrator,35416953
Joko Rahayu,53,Data Analyst,39841538
Qori Gunawan,55,Operations Manager,37744537
Budi Santoso,48,Accountant,24410995
Oki Suryani,25,Marketing Specialist,22890036
Zaki Setiawan,42,HR Staff,8925888
Eka Kusuma,20,QA Engineer,40620041
Tono Kusuma,36,Data Analyst,44462905
Hadi Santoso,33,Software Engineer,37904086
Wati Halim,25,Marketing Specialist,32051972
Budi Kusuma,25,Office Administrator,25915072
Joko Kusuma,26,Operations Manager,13615929
Rina Firmansyah,44,Sales Executive,8546831
Putri Nugroho,48,HR Staff,25009604
Budi Rahayu,34,Sales Executive,37179480
Umar Wibowo,58,QA Engineer,32290163
Zaki Firmansyah,58,Software Engineer,40857527
Zaki Wijaya,43,Customer Support,14114679
Hadi Nugroho,50,Data Analyst,12666820
Dewi Rahayu,30,Accountant,23259192
Tono Santoso,36,UI/UX Designer,30825337
Gita Halim,18,Operations Manager,16170333
Kiki Pratama,28,Accountant,35930619
Joko Saputra,47,Marketing Specialist,38636419
Kiki Suryani,42,Customer Support,33189943
Rina Santoso,52,HR Staff,14978956
Vina Suryani,49,Office Administrator,42625785
Rina Santoso,21,Customer Support,41008314
Yanto Nugroho,41,Operations Manager,14588891
Fitri Kusuma,46,UI/UX Designer,6252780
Putri Halim,27,Marketing Specialist,25746919
Gita Kusuma,39,Data Analyst,27126540
Qori Nugroho,27,Accountant,39156461
Tono Suryani,44,Operations Manager,27431688
Zaki Suryani,22,Sales Executive,7988395
Hadi Pratama,18,Software Engineer,33520361
Citra Setiawan,56,Accountant,18430015
Nur Wibowo,31,Data Analyst,39222494
Fitri Gunawan,47,HR Staff,35722899
Kiki Setiawan,37,Operations Manager,31398928
Siti Santoso,50,Sales Executive,25998690
Yanto Suryani,46,UI/UX Designer,21019755
Hadi Gunawan,56,Sales Executive,6317557
Rina Wijaya,47,Marketing Specialist,27175258
Putri Kusuma,50,Software Engineer,18917618
Yanto Gunawan,35,Product Manager,35870110
Budi Kusuma,30,UI/UX Designer,38697623
Vina Gunawan,26,Data Analyst,42853875
Joko Wibowo,32,Customer Support,23897068
Tono Halim,29,Operations Manager,40213897
Zaki Pratama,55,Customer Support,32021951
Yanto Gunawan,32,Office Administrator,36187067
Andi Rahayu,54,Software Engineer,28126074
Budi Halim,52,Office Administrator,33559560
Vina Nugroho,22,UI/UX Designer,14816127
Lestari Pratama,43,Customer Support,6981587
Kiki Santoso,53,Data Analyst,35388575
Vina Gunawan,59,Sales Executive,6393348
Dewi Rahayu,46,Office Administrator,30976366
Eka Setiawan,58,Accountant,15924162
Nur Suryani,41,Operations Manager,38292254
Zaki Santoso,56,Software Engineer,24685530
Mega Hidayat,48,HR Staff,14690717
Joko Rahayu,41,Data Analyst,21985015
Citra Rahayu,18,Office Administrator,24587992
Tono Kusuma,58,Sales Executive,4741790
Nur Wijaya,39,Accountant,12152406
Joko Wibowo,29,HR Staff,12567735
Indra Saputra,43,Software Engineer,36427053
Gita Gunawan,30,Operations Manager,8869813
Hadi Halim,22,Accountant,40531342
Zaki Nugroho,47,Marketing Specialist,17388406
Indra Kusuma,22,QA Engineer,43143254
Oki Wibowo,44,Sales Executive,16606677
Citra Suryani,55,Sales Executive,39869093
Joko Rahayu,54,Product Manager,8612825
Hadi Suryani,26,Sales Executive,18659424
Rina Wibowo,44,Office Administrator,25562080
Fitri Pratama,38,UI/UX Designer,31666700
Mega Wijaya,30,UI/UX Designer,5057162
Tono Rahayu,44,Marketing Specialist,33808717
Rina Wibowo,36,Customer Support,17895289
Tono Saputra,25,Accountant,11919354
Wati Pratama,23,Data Analyst,39065385
Budi Suryani,48,Product Manager,31222722
Joko Firmansyah,52,Marketing Specialist,43648297
Tono Wibowo,43,Customer Support,25776665
Putri Halim,29,Marketing Specialist,44439726
Gita Halim,46,HR Staff,39085413
Putri Pratama,57,HR Staff,34514656
Putri Pratama,45,UI/UX Designer,11495278
Budi Suryani,60,UI/UX Designer,17135693
Indra Halim,29,Accountant,33321124
Umar Setiawan,19,Office Administrator,39737456
Nur Kusuma,44,Data Analyst,39339921
Eka Hidayat,47,Product Manager,37642053
Tono Saputra,51,UI/UX Designer,34092584
Umar Setiawan,32,Sales Executive,31338095
Qori Santoso,32,Software Engineer,11230234
Mega Pratama,38,Accountant,15110050
Putri Setiawan,55,Customer Support,7194151
Kiki Kusuma,58,Software Engineer,35044713
Budi Halim,57,HR Staff,12003188
Fitri Rahayu,25,Sales Executive,13552422
Budi Rahayu,42,UI/UX Designer,11847228
Lestari Hidayat,22,Software Engineer,32304571
Budi Pratama,59,Software Engineer,36232825
Oki Wibowo,39,UI/UX Designer,27885794
Gita Nugroho,30,Product Manager,19870753
Indra Kusuma,29,Data Analyst,18525155
Wati Gunawan,31,Marketing Specialist,31478902
Eka Wibowo,33,Marketing Specialist,29261221
Lestari Wibowo,30,Product Manager,19799253
Wati Suryani,46,Sales Executive,17838606
Umar Suryani,53,Office Administrator,30940658
Zaki Hidayat,25,UI/UX Designer,12678368
Vina Hidayat,27,Accountant,18025662
Dewi Rahayu,19,Accountant,24500664
Budi Hidayat,19,HR Staff,6791493
Yanto Wibowo,39,Accountant,19268502
Mega Wibowo,32,UI/UX Designer,40285221
Joko Halim,60,QA Engineer,38252185
Gita Kusuma,22,Product Manager,34094217
Siti Halim,32,Software Engineer,17044108
Kiki Saputra,38,Customer Support,23012224
Gita Halim,44,Product Manager,15375266
Zaki Suryani,21,Product Manager,33005494
Nur Saputra,49,Data Analyst,37501767
Qori Rahayu,50,Product Manager,26132840
Wati Firmansyah,32,HR Staff,40949318
Umar Santoso,19,Accountant,38622727
Gita Kusuma,23,Operations Manager,39826814
Fitri Firmansyah,22,Accountant,30586109
Kiki Saputra,24,Accountant,9569590
Umar Wijaya,46,Data Analyst,24554407
Umar Rahayu,39,Sales Executive,29064833
Yanto Gunawan,45,UI/UX Designer,16663786
Eka Nugroho,22,QA Engineer,13917280
Hadi Halim,38,Software Engineer,15830488
Umar Kusuma,29,Product Manager,12544539
Dewi Suryani,24,Accountant,13283344
Kiki Rahayu,32,UI/UX Designer,40432645
Dewi Pratama,42,Customer Support,34261115
Tono Kusuma,25,Data Analyst,20647720
Eka Gunawan,57,Data Analyst,21423512
Nur Gunawan,48,Sales Executive,19847920
Gita Rahayu,43,Product Manager,12163822
Joko Setiawan,38,Data Analyst,6013717
Oki Firmansyah,44,QA Engineer,41905829
Putri Rahayu,19,Marketing Specialist,32848813
Kiki Hidayat,20,Accountant,33694635
Vina Kusuma,23,Marketing Specialist,37053408
Budi Saputra,28,Sales Executive,13705535
Yanto Gunawan,49,Accountant,12217347
Yanto Santoso,42,Customer Support,32514758
Lestari Wijaya,29,Marketing Specialist,35866490
Citra Hidayat,53,Marketing Specialist,9678496
Lestari Kusuma,34,QA Engineer,35059547
Tono Pratama,60,UI/UX Designer,24941180
Indra Setiawan,36,Customer Support,6740230
Putri Wibowo,24,Software Engineer,31913622
Andi Wibowo,60,Marketing Specialist,12453621
Budi Saputra,29,Data Analyst,7899590
Kiki Suryani,48,Marketing Specialist,42956465
Indra Santoso,52,HR Staff,32556348
Nur Nugroho,35,Accountant,5170449
Mega Pratama,23,Product Manager,37086722
Dewi Wijaya,46,Data Analyst,41262408
Citra Hidayat,53,Sales Executive,10594948
Gita Hidayat,52,Marketing Specialist,22834785
Andi Firmansyah,51,Operations Manager,20636159
Putri Hidayat,48,Accountant,4097501
Kiki Nugroho,34,Sales Executive,42581233
Rina Saputra,32,HR Staff,23488677
Qori Gunawan,59,UI/UX Designer,37299000
Qori Pratama,27,Office Administrator,19337712
Oki Kusuma,50,Marketing Specialist,6653246
Siti Suryani,58,Data Analyst,44254584
Siti Santoso,21,Product Manager,8178843
Putri Hidayat,28,Customer Support,10174425
Budi Gunawan,48,Customer Support,13718218
Indra Nugroho,27,Data Analyst,19461768
Citra Hidayat,28,Software Engineer,25265624
Indra Wibowo,50,Operations Manager,20805479
Gita Hidayat,35,UI/UX Designer,37640429
Qori Gunawan,52,Software Engineer,26236549
Gita Nugroho,29,Customer Support,42261731
Putri Gunawan,46,Sales Executive,32950448
Dewi Rahayu,32,Software Engineer,17134489
Indra Rahayu,32,Operations Manager,26614485
Dewi Kusuma,60,Marketing Specialist,4689171
Wati Santoso,48,Data Analyst,13781613
Indra Firmansyah,39,Sales Executive,19558218
Tono Saputra,58,Product Manager,9831876
Zaki Halim,56,Data Analyst,25216079
Eka Rahayu,40,Software Engineer,28211507
Citra Suryani,30,Marketing Specialist,20153886
Nur Pratama,30,QA Engineer,21311072
Fitri Halim,49,Data Analyst,33504838
Putri Santoso,33,Accountant,21996051
Rina Rahayu,34,Data Analyst,6141762
Nur Nugroho,45,Software Engineer,12925747
Umar Suryani,35,Product Manager,37975162
Umar Hidayat,60,Office Administrator,23699117
Wati Wibowo,53,Office Administrator,12325627
Indra Wibowo,38,UI/UX Designer,4636072
Budi Rahayu,47,Accountant,19564817
Wati Nugroho,26,Sales Executive,41600388
Wati Gunawan,46,Sales Executive,26173417
Kiki Hidayat,36,Office Administrator,38471023
Fitri Pratama,23,Data Analyst,42721881
Mega Wibowo,44,Product Manager,24950069
Tono Halim,50,UI/UX Designer,29121251
Eka Saputra,46,Customer Support,37802186
Mega Firmansyah,29,HR Staff,8914142
Andi Halim,31,HR Staff,19580234
Eka Nugroho,24,Marketing Specialist,28056252
Andi Saputra,37,Accountant,25299466
Eka Suryani,47,Office Administrator,9663290
Lestari Wijaya,56,QA Engineer,21363229
Mega Gunawan,29,UI/UX Designer,19482252
Wati Setiawan,35,Sales Executive,17103552
Budi Wibowo,27,Accountant,16819021
Oki Pratama,27,HR Staff,35972413
Tono Halim,55,UI/UX Designer,44455318
Qori Gunawan,39,Software Engineer,40285110
Nur Nugroho,55,Software Engineer,15650530
Lestari Nugroho,36,HR Staff,19518153
Eka Santoso,44,Customer Support,43192185
Gita Gunawan,52,HR Staff,31282845
Umar Rahayu,56,Sales Executive,42188622
Rina Santoso,46,QA Engineer,36880114
Siti Pratama,30,Sales Executive,6377652
Joko Setiawan,48,Customer Support,16478816
Umar Nugroho,59,Customer Support,26580901
Hadi Rahayu,43,Office Administrator,4682615
Siti Firmansyah,54,Product Manager,42911381
Qori Wibowo,50,Operations Manager,40829065
Mega Setiawan,31,HR Staff,27041239
Mega Wibowo,33,QA Engineer,9081969
Budi Saputra,50,Customer Support,15655655
Tono Firmansyah,33,Software Engineer,7002794
Putri Suryani,34,Customer Support,7073260
Andi Hidayat,28,Product Manager,24755702
Fitri Gunawan,25,Operations Manager,15746898
Putri Saputra,40,Office Administrator,26961321
Rina Hidayat,36,QA Engineer,35263949
Hadi Setiawan,31,Customer Support,28959727
Andi Halim,59,Marketing Specialist,25060962
Kiki Setiawan,46,Software Engineer,4143571
Putri Setiawan,59,Marketing Specialist,22141967
Rina Suryani,33,Sales Executive,10261128
Kiki Halim,25,Accountant,38058886
Rina Hidayat,24,HR Staff,36074607
Wati Halim,53,Office Administrator,32379053
Gita Firmansyah,48,Sales Executive,6816540
Umar Hidayat,31,Accountant,14341047
Zaki Firmansyah,53,Customer Support,30227183
Rina Firmansyah,24,Software Engineer,20712312
Fitri Nugroho,25,HR Staff,42193991
Oki Kusuma,47,QA Engineer,36123253
Rina Firmansyah,24,Office Administrator,31842927
Citra Pratama,37,UI/UX Designer,31551661
Kiki Hidayat,23,Customer Support,33366934
Nur Gunawan,39,Data Analyst,38984704
Kiki Wijaya,18,UI/UX Designer,38362075
Fitri Nugroho,52,QA Engineer,6846626
Gita Kusuma,60,HR Staff,11041288
Umar Rahayu,37,Sales Executive,30954803
Kiki Halim,46,Product Manager,5458697
Rina Santoso,30,Marketing Specialist,26953955
Oki Suryani,27,Operations Manager,35897204
Zaki Wibowo,47,UI/UX Designer,27058311
Zaki Pratama,54,Sales Executive,37974119
Lestari Firmansyah,21,Marketing Specialist,29511848
Andi Pratama,42,Customer Support,4640724
Indra Rahayu,35,Customer Support,38949153
Yanto Gunawan,18,QA Engineer,25274902
Joko Wibowo,57,UI/UX Designer,37229670
Andi Kusuma,54,Product Manager,11297270
Vina Suryani,29,Sales Executive,8238687
Citra Hidayat,30,Sales Executive,14250990
Tono Gunawan,51,UI/UX Designer,10491421
Budi Kusuma,55,Software Engineer,4520184
Zaki Nugroho,23,Product Manager,36636938
Siti Santoso,26,Marketing Specialist,11029951
Kiki Santoso,53,Marketing Specialist,32100340
Hadi Firmansyah,50,Sales Executive,37610317
Citra Gunawan,31,Office Administrator,19277994
Rina Saputra,18,Operations Manager,6658506
Wati Setiawan,49,HR Staff,21387583
Zaki Setiawan,48,Customer Support,4320026
Fitri Santoso,48,QA Engineer,38927298
Citra Hidayat,36,Software Engineer,24638518
Kiki Wijaya,41,Sales Executive,27560566
Zaki Setiawan,36,Operations Manager,9854890
Tono Saputra,32,Operations Manager,34019093
Andi Firmansyah,29,Product Manager,17758247
Siti Hidayat,33,HR Staff,39657912
Hadi Kusuma,60,Marketing Specialist,40384161
Oki Wibowo,34,Accountant,16447781
Dewi Wibowo,23,Product Manager,26944228
Fitri Santoso,54,Customer Support,25048306
Kiki Halim,34,Accountant,41405805
Umar Santoso,56,Sales Executive,38154603
Lestari Wibowo,47,Sales Executive,31539995
Mega Rahayu,22,Operations Manager,15612489
Mega Santoso,32,QA Engineer,13468427
Budi Suryani,53,QA Engineer,29904330
Putri Kusuma,26,Accountant,37953676
Putri Saputra,34,Customer Support,23344101
Zaki Wibowo,60,QA Engineer,10948182
Vina Saputra,40,HR Staff,21245393
Joko Setiawan,42,UI/UX Designer,11890707
Yanto Kusuma,59,Operations Manager,36542373
Joko Rahayu,38,Accountant,37728321
Umar Wibowo,30,QA Engineer,38671054
Mega Kusuma,39,Operations Manager,14399306
Kiki Setiawan,49,Software Engineer,34058344
Mega Nugroho,58,Software Engineer,44978109
Nur Firmansyah,36,Sales Executive,26570612
Tono Pratama,29,HR Staff,29244780
Citra Santoso,23,Marketing Specialist,30989123
Wati Saputra,48,HR Staff,40794737
Zaki Setiawan,32,Product Manager,40267740
Budi Wibowo,19,Data Analyst,27733189
Rina Firmansyah,57,QA Engineer,7415546
Yanto Setiawan,21,Data Analyst,7609163
Rina Kusuma,43,Office Administrator,39280988
Joko Santoso,22,Office Administrator,44363189
Eka Pratama,40,Accountant,39939737
Zaki Kusuma,60,Data Analyst,15054599
Umar Suryani,60,Data Analyst,13827607
Nur Nugroho,29,Customer Support,13443181
Mega Suryani,26,QA Engineer,8658175
Indra Santoso,33,UI/UX Designer,10920421
Fitri Suryani,54,Accountant,41873706
Wati Halim,19,Accountant,41378937
Indra Santoso,26,Software Engineer,36915370
Nur Hidayat,41,Accountant,15380896
Nur Santoso,23,Customer Support,10040907
Indra Kusuma,35,UI/UX Designer,14493513
Vina Gunawan,29,Software Engineer,27563408
Rina Hidayat,55,Marketing Specialist,22468814
Siti Kusuma,19,UI/UX Designer,41895248
Qori Pratama,45,Office Administrator,29747957
Kiki Saputra,44,Office Administrator,15535988
Nur Santoso,19,Sales Executive,10956632
Zaki Pratama,20,Product Manager,29509260
Kiki Gunawan,24,UI/UX Designer,25034835
Lestari Kusuma,38,QA Engineer,32146036
Hadi Saputra,34,Software Engineer,27224489
Oki Pratama,29,Software Engineer,26470339
Gita Firmansyah,27,QA Engineer,21549069
Vina Suryani,28,HR Staff,11965258
Eka Kusuma,32,Accountant,34618039
Tono Pratama,25,Accountant,14653759
Tono Halim,59,Operations Manager,9168549
Qori Suryani,18,Customer Support,13839325
Gita Firmansyah,33,Data Analyst,23720610
Andi Rahayu,46,Data Analyst,19439341
Rina Suryani,24,Marketing Specialist,12211881
Siti Pratama,47,Data Analyst,29828585
Citra Wijaya,42,Sales Executive,41585674
Siti Firmansyah,48,Customer Support,27534782
Eka Santoso,24,HR Staff,38044342
Hadi Wijaya,35,Marketing Specialist,22039154
Putri Pratama,55,QA Engineer,27350270
Joko Gunawan,59,UI/UX Designer,25538340
Citra Pratama,57,Operations Manager,24235305
Oki Wijaya,22,Software Engineer,20209185
Andi Rahayu,29,Office Administrator,31907062
Umar Pratama,36,Marketing Specialist,31565305
Fitri Firmansyah,40,QA Engineer,44423705
Lestari Kusuma,41,QA Engineer,5148855
Citra Gunawan,35,Product Manager,33032943
Umar Wijaya,23,Office Administrator,16196801
Fitri Saputra,50,Accountant,43436309
Vina Santoso,56,QA Engineer,8787905
Hadi Halim,22,UI/UX Designer,27200635
Joko Suryani,29,Sales Executive,38183520
Rina Hidayat,22,Customer Support,27018553
Tono Rahayu,25,Software Engineer,35115107
Siti Wibowo,43,Customer Support,35051059
Andi Halim,37,Product Manager,4648026
Hadi Nugroho,23,Sales Executive,17949210
Mega Firmansyah,45,Sales Executive,34699469
Lestari Suryani,42,Marketing Specialist,20235334
Gita Wijaya,24,Software Engineer,43365534
Siti Firmansyah,58,Sales Executive,36446839
Rina Suryani,38,Sales Executive,16729173
Hadi Wibowo,22,Product Manager,38642098
Dewi Nugroho,39,QA Engineer,40130038
Gita Gunawan,53,QA Engineer,18986262
Mega Halim,24,QA Engineer,29608173
Nur Suryani,47,Accountant,32351025
Vina Halim,56,HR Staff,27957213
Gita Suryani,24,Sales Executive,30583645
Putri Rahayu,57,Operations Manager,23789704
Dewi Setiawan,45,Data Analyst,5493396
Mega Santoso,38,Data Analyst,43594914
Yanto Saputra,40,HR Staff,33846130
Oki Kusuma,51,Office Administrator,18688046
Mega Kusuma,23,Operations Manager,23916720
Rina Saputra,35,Product Manager,9350861
Fitri Santoso,53,Sales Executive,37604237
Siti Wijaya,20,Software Engineer,29134397
Zaki Suryani,22,UI/UX Designer,39694816
Tono Wijaya,42,Sales Executive,44087563
Zaki Suryani,45,Customer Support,33579444
Qori Pratama,26,Software Engineer,19683364
Budi Halim,55,Software Engineer,24298732
Eka Hidayat,39,Office Administrator,20581698
Yanto Santoso,57,Product Manager,16061834
Zaki Saputra,42,UI/UX Designer,42522782
Joko Santoso,29,Marketing Specialist,24770595
Umar Kusuma,36,Operations Manager,17769928
Gita Pratama,55,UI/UX Designer,30650461
Eka Kusuma,55,Product Manager,34265697
Eka Nugroho,33,Operations Manager,41242024
Dewi Wibowo,27,Product Manager,16100069
Budi Gunawan,48,Data Analyst,36345614
Budi Firmansyah,48,Marketing Specialist,21388550
Joko Halim,39,Data Analyst,39095960
Fitri Firmansyah,47,Data Analyst,8758129
Budi Gunawan,44,HR Staff,43820614
Kiki Hidayat,60,Operations Manager,24747916
Tono Halim,31,UI/UX Designer,22524546
Nur Pratama,38,Marketing Specialist,24269826
Dewi Halim,57,HR Staff,15048384
Vina Setiawan,51,Marketing Specialist,4660315
Lestari Saputra,55,Office Administrator,14103467
Rina Saputra,33,UI/UX Designer,38174422
Vina Halim,46,Marketing Specialist,43880399
Citra Setiawan,32,Customer Support,21641347
Putri Nugroho,21,Customer Support,19506416
Budi Nugroho,45,UI/UX Designer,22195140
Lestari Gunawan,60,Accountant,11956427
Fitri Nugroho,52,QA Engineer,40129348
Qori Pratama,46,Office Administrator,39347952
Hadi Santoso,41,Customer Support,17800100
Dewi Santoso,47,UI/UX Designer,19703759
Citra Hidayat,40,Office Administrator,33203880
Wati Halim,24,Data Analyst,36111585
Andi Firmansyah,25,Marketing Specialist,5040152
Indra Firmansyah,47,HR Staff,8247329
Andi Setiawan,38,Software Engineer,41911800
Kiki Saputra,26,Data Analyst,25863323
Putri Firmansyah,52,UI/UX Designer,20601481
Citra Halim,22,Office Administrator,35200202
Siti Wijaya,26,HR Staff,23200477
Hadi Wijaya,23,Office Administrator,27809880
Yanto Pratama,49,UI/UX Designer,6767125
Lestari Wijaya,31,HR Staff,25028430
Eka Wijaya,40,Office Administrator,24029787
Hadi Hidayat,40,Data Analyst,7118262
Kiki Gunawan,37,Data Analyst,42202379
Umar Halim,48,Product Manager,25286217
Eka Nugroho,45,Customer Support,12532422
Dewi Saputra,52,Accountant,7453582
Indra Hidayat,27,Software Engineer,21496453
Eka Santoso,33,HR Staff,44460674
Budi Hidayat,20,Operations Manager,11611263
Putri Nugroho,22,HR Staff,42946521
Umar Suryani,21,Operations Manager,20127578
Yanto Firmansyah,50,QA Engineer,21386930
Mega Kusuma,45,HR Staff,43252951
Zaki Santoso,28,Product Manager,23054368
Eka Pratama,42,Office Administrator,10215546
Vina Santoso,54,Office Administrator,22938604
Kiki Gunawan,24,Customer Support,18239838
Mega Saputra,60,Software Engineer,13274325
Andi Gunawan,46,Operations Manager,17480427
Siti Setiawan,31,Marketing Specialist,18005214
Rina Hidayat,43,Operations Manager,26260965
Rina Wibowo,19,Marketing Specialist,25185864
Vina Santoso,43,Office Administrator,24456488
Qori Gunawan,29,Customer Support,20023024
Zaki Wibowo,20,QA Engineer,28940124
Putri Gunawan,56,Operations Manager,34746143
Tono Rahayu,41,HR Staff,10063584
Tono Halim,60,HR Staff,19748630
Qori Wijaya,46,Software Engineer,40087406
Qori Pratama,32,QA Engineer,40251379
Putri Nugroho,38,HR Staff,31466899
Gita Pratama,21,Data Analyst,31873157
Wati Santoso,25,Sales Executive,21744192
Indra Firmansyah,34,Sales Executive,24107362
Kiki Saputra,38,Customer Support,16819010
Eka Setiawan,40,Operations Manager,13760745
Gita Halim,30,Software Engineer,5045767
Tono Hidayat,46,Data Analyst,11256508
Wati Santoso,36,Operations Manager,36405676
Gita Santoso,34,Sales Executive,44159219
Rina Pratama,19,Marketing Specialist,26082828
Putri Wijaya,57,Product Manager,44009421
Fitri Pratama,42,Software Engineer,33406449
Fitri Kusuma,51,Product Manager,44426053
Wati Kusuma,39,UI/UX Designer,40403932
Oki Wibowo,26,Data Analyst,23252796
Umar Suryani,37,Customer Support,30068690
Fitri Suryani,27,HR Staff,12910007
Mega Pratama,47,Operations Manager,5939315
Zaki Hidayat,23,UI/UX Designer,21686692
Joko Saputra,32,Operations Manager,34435178
Citra Hidayat,40,Software Engineer,4573174
Putri Santoso,42,Operations Manager,37234254
Oki Setiawan,41,Data Analyst,16861910
Nur Suryani,56,QA Engineer,25136987
Indra Halim,20,Data Analyst,28280124
Tono Wijaya,37,Software Engineer,27667123
Siti Rahayu,55,QA Engineer,32390153
Zaki Kusuma,48,Data Analyst,43148589
Kiki Wibowo,51,QA Engineer,25910463
Nur Firmansyah,22,Accountant,16832646
Hadi Firmansyah,18,Data Analyst,33820061
Budi Wibowo,51,Customer Support,26303574
Zaki Pratama,52,Marketing Specialist,20521850
Gita Rahayu,32,Accountant,23615116
Mega Kusuma,47,Office Administrator,23067677
Tono Wibowo,29,Operations Manager,35321355
Citra Halim,45,Office Administrator,41142076
Umar Santoso,43,Data Analyst,18012353
Hadi Firmansyah,48,Marketing Specialist,43015037
Kiki Suryani,43,QA Engineer,32967785
Qori Hidayat,36,Marketing Specialist,30323175
Zaki Suryani,35,Software Engineer,15990253
Putri Suryani,30,Product Manager,7609906
Vina Hidayat,37,Office Administrator,21739605
Zaki Saputra,32,Data Analyst,13534936
Indra Gunawan,31,Accountant,17535208
Indra Pratama,43,Product Manager,35463422
Gita Santoso,60,Accountant,15199124
Gita Suryani,58,Sales Executive,7510869
Qori Rahayu,28,Product Manager,30481587
Rina Pratama,23,Sales Executive,7386504
Vina Setiawan,33,Customer Support,42902517
Fitri Pratama,26,Accountant,36339024
Oki Santoso,50,Software Engineer,6804990
Gita Kusuma,36,HR Staff,8868036
Gita Wijaya,49,Product Manager,35466800
Joko Setiawan,36,UI/UX Designer,39377666
Wati Hidayat,43,Accountant,24626747
Rina Suryani,58,Customer Support,19146943
Putri Rahayu,29,Accountant,12611332
Qori Pratama,33,Accountant,13354972
Rina Kusuma,30,Office Administrator,23548488
Indra Wibowo,38,Accountant,26065251
Oki Kusuma,23,Office Administrator,39287178
Budi Hidayat,43,Sales Executive,24372794
Tono Saputra,33,Office Administrator,39409738
Andi Kusuma,34,Accountant,17231539
Vina Rahayu,21,UI/UX Designer,44370925
Vina Santoso,33,Software Engineer,40910237
Hadi Pratama,22,UI/UX Designer,39939644
Rina Santoso,29,Data Analyst,32597571
Citra Wibowo,60,Operations Manager,8667312
Tono Nugroho,45,UI/UX Designer,32091088
Tono Rahayu,27,Sales Executive,10483109
Oki Kusuma,40,QA Engineer,16054072
Andi Gunawan,31,HR Staff,44441543
Vina Wibowo,56,Data Analyst,43002566
Qori Wibowo,43,Operations Manager,24908890
Fitri Firmansyah,60,Operations Manager,25564142
Siti Suryani,52,Customer Support,40721602
Joko Rahayu,57,Operations Manager,4361348
Fitri Nugroho,58,Customer Support,25540975
Gita Nugroho,35,Accountant,40288288
Lestari Setiawan,24,Sales Executive,26996126
Qori Nugroho,30,Product Manager,16750101
Budi Saputra,39,UI/UX Designer,35925668
Eka Halim,19,Product Manager,29846406
Rina Gunawan,20,Software Engineer,17156113
Putri Gunawan,60,Accountant,40971042
Gita Nugroho,52,Operations Manager,23155267
Andi Santoso,26,Data Analyst,12074618
Umar Hidayat,34,Software Engineer,17117202
Budi Setiawan,18,Product Manager,40275277
Umar Nugroho,48,QA Engineer,17898952
Kiki Saputra,50,Product Manager,9655202
Rina Wibowo,31,QA Engineer,30443720
Andi Nugroho,28,QA Engineer,40188926
Andi Wijaya,38,Customer Support,44932153
Oki Wibowo,22,UI/UX Designer,30704908
Dewi Rahayu,37,HR Staff,9956433
Umar Pratama,51,Operations Manager,23128209
Tono Santoso,37,QA Engineer,28848551
Nur Rahayu,31,HR Staff,8895716
Qori Setiawan,55,Operations Manager,27265761
Kiki Hidayat,25,Marketing Specialist,31720360
Umar Wibowo,48,Customer Support,9834179
Rina Hidayat,25,Product Manager,36968115
Wati Gunawan,60,Product Manager,21968666
Zaki Halim,26,Office Administrator,10141542
Hadi Wijaya,41,Customer Support,21620971
Joko Hidayat,27,Software Engineer,29497726
Kiki Kusuma,25,QA Engineer,9657911
Dewi Suryani,27,Data Analyst,25989872
Fitri Rahayu,49,Product Manager,35914937
Citra Firmansyah,37,UI/UX Designer,25714452
Putri Saputra,29,UI/UX Designer,11593382
Eka Setiawan,19,Accountant,43053685
Putri Wibowo,32,Office Administrator,42346772
Yanto Firmansyah,38,Operations Manager,12717111
Lestari Pratama,47,Office Administrator,44517972
Dewi Halim,42,Operations Manager,43481359
Dewi Firmansyah,29,Sales Executive,27613538
Citra Firmansyah,27,Software Engineer,41896938
Fitri Hidayat,52,Customer Support,38553735
Oki Nugroho,48,Product Manager,24060210
Kiki Halim,39,HR Staff,15166450
Oki Pratama,57,Accountant,35339029
Indra Pratama,32,Data Analyst,15638623
Dewi Wibowo,39,UI/UX Designer,26018703
Tono Wijaya,20,Sales Executive,4151341
Umar Saputra,19,Operations Manager,27984745
Yanto Rahayu,53,Accountant,6496974
Gita Gunawan,32,HR Staff,20014237
Siti Wibowo,35,UI/UX Designer,18789545
Hadi Saputra,54,Software Engineer,22574873
Joko Gunawan,31,Sales Executive,19396956
Vina Kusuma,48,Software Engineer,6257019
Oki Wibowo,49,QA Engineer,5482047
Mega Firmansyah,32,Operations Manager,10766893
Hadi Setiawan,19,Customer Support,9042800
Budi Hidayat,52,QA Engineer,10203294
Gita Rahayu,43,Product Manager,30772341
Dewi Pratama,47,QA Engineer,21381011
Indra Santoso,57,Product Manager,5588947
Siti Nugroho,41,Sales Executive,23865468
Nur Hidayat,46,Customer Support,42017054
Kiki Nugroho,29,Sales Executive,28588753
Vina Halim,31,Marketing Specialist,4257082
Gita Santoso,34,Office Administrator,23021745
Mega Rahayu,40,Product Manager,25008857
Lestari Wijaya,53,Office Administrator,37021785
Putri Halim,38,Operations Manager,31427189
Putri Hidayat,27,Office Administrator,32609309
Kiki Rahayu,35,Software Engineer,15647218
Gita Gunawan,50,Software Engineer,40055807
Putri Gunawan,21,HR Staff,25646860
Umar Wijaya,57,Customer Support,24075564
Citra Santoso,34,Accountant,33430978
Joko Firmansyah,59,HR Staff,28271860
Umar Wijaya,40,Operations Manager,11899354
Andi Wijaya,30,Operations Manager,28665721
Putri Rahayu,35,Product Manager,14852180
Andi Rahayu,42,Marketing Specialist,25413716
Kiki Gunawan,49,Marketing Specialist,31968016
Wati Setiawan,60,Operations Manager,16742497
Budi Firmansyah,28,UI/UX Designer,44081161
Yanto Suryani,24,Office Administrator,21484685
Citra Nugroho,56,QA Engineer,14029432
Tono Santoso,46,Accountant,25800387
Yanto Saputra,19,Operations Manager,40869922
Wati Nugroho,41,UI/UX Designer,22651996
Yanto Nugroho,46,Accountant,36466959
Andi Kusuma,33,Product Manager,36048546
Umar Pratama,24,Customer Support,21962625
Tono Suryani,55,Marketing Specialist,27154573
Wati Gunawan,29,Marketing Specialist,17792662
Putri Santoso,39,Product Manager,23034360
Lestari Pratama,59,Operations Manager,13620724
Eka Rahayu,43,Product Manager,9681561
Joko Hidayat,46,Customer Support,24268046
Indra Rahayu,30,QA Engineer,37780352
Oki Wibowo,31,UI/UX Designer,41324595
Gita Gunawan,60,UI/UX Designer,30802309
Gita Hidayat,54,Office Administrator,18416145
Mega Firmansyah,50,Marketing Specialist,11198666
Indra Pratama,19,Office Administrator,36692914
Siti Nugroho,23,Product Manager,22151876
Gita Suryani,40,HR Staff,18958710
Putri Gunawan,24,Marketing Specialist,26459929
Tono Wibowo,42,HR Staff,23708621
Putri Firmansyah,18,Software Engineer,33569858
Tono Saputra,27,Product Manager,22757335
Yanto Setiawan,44,Operations Manager,19360993
Yanto Wijaya,41,Office Administrator,8260255
Indra Firmansyah,58,Marketing Specialist,35860123
Yanto Kusuma,60,Sales Executive,40763555
Qori Rahayu,18,HR Staff,40700165
Umar Firmansyah,33,Office Administrator,19108146
Yanto Pratama,53,QA Engineer,19106619
Rina Firmansyah,30,HR Staff,13719977
Wati Setiawan,39,Product Manager,11890797
Lestari Santoso,38,Office Administrator,25103989
Citra Suryani,46,Accountant,5910335
Mega Gunawan,41,Operations Manager,14450034
Mega Setiawan,40,Software Engineer,35961657
Budi Firmansyah,37,Accountant,12127617
Andi Kusuma,48,Customer Support,28780988
Vina Santoso,22,Customer Support,17288695
Oki Suryani,59,UI/UX Designer,13174034
Kiki Wijaya,35,Product Manager,28955684
Fitri Pratama,34,Office Administrator,25941892
Zaki Halim,56,QA Engineer,5823533
Siti Halim,58,HR Staff,32941646
Eka Pratama,29,UI/UX Designer,18872561
Hadi Kusuma,50,Operations Manager,43235661
Tono Gunawan,44,Accountant,12536608
Yanto Hidayat,20,Data Analyst,6697493
Indra Setiawan,35,Sales Executive,22615473
Eka Setiawan,20,HR Staff,33721778
Andi Suryani,50,Accountant,37996758
Yanto Hidayat,54,HR Staff,10679806
Hadi Pratama,18,Software Engineer,28519823
Eka Santoso,37,Product Manager,25844392
Budi Pratama,35,UI/UX Designer,26047540
Putri Hidayat,35,HR Staff,35859391
Indra Hidayat,29,QA Engineer,40262268
Nur Santoso,46,Software Engineer,38438376
Qori Suryani,31,UI/UX Designer,33295281
Dewi Wijaya,35,QA Engineer,15675040
Oki Saputra,28,Marketing Specialist,42962088
Yanto Suryani,25,Customer Support,22341285
Citra Rahayu,27,Product Manager,32150535
Vina Pratama,29,Software Engineer,23867446
Umar Hidayat,60,UI/UX Designer,38846408
Eka Wibowo,46,Customer Support,6938225
Fitri Santoso,48,HR Staff,33211528
Citra Setiawan,48,Data Analyst,27759766
Wati Pratama,51,Office Administrator,21536020
Kiki Halim,49,Product Manager,21855871
Eka Saputra,36,Accountant,42781722
Zaki Santoso,18,QA Engineer,9109534
Lestari Wijaya,33,Accountant,27002503
Vina Santoso,25,Product Manager,7573110
Dewi Wijaya,38,Office Administrator,16135377
Indra Suryani,21,Office Administrator,23957492
Putri Nugroho,20,UI/UX Designer,26738915
Mega Wibowo,39,Marketing Specialist,4312824
Qori Nugroho,30,Sales Executive,38466546
Andi Setiawan,31,Software Engineer,23402235
Tono Gunawan,34,Accountant,26736003
Vina Setiawan,40,Office Administrator,29909240
Mega Nugroho,23,Sales Executive,31631239
Citra Nugroho,24,HR Staff,14107713
Nur Suryani,21,UI/UX Designer,19000131
Budi Wijaya,35,Operations Manager,33309102
Umar Gunawan,48,Software Engineer,28131121
Citra Kusuma,32,Customer Support,23791002
Fitri Nugroho,41,UI/UX Designer,40692427
Nur Saputra,56,HR Staff,6634395
Umar Kusuma,45,UI/UX Designer,12430042
Hadi Hidayat,49,Operations Manager,16226308
Eka Pratama,52,Data Analyst,12261798
Oki Nugroho,23,Software Engineer,44961525
Lestari Suryani,58,Operations Manager,31596125
Eka Wibowo,26,HR Staff,39168382
Putri Wibowo,26,HR Staff,28675879
Kiki Hidayat,20,UI/UX Designer,41435332
Dewi Wijaya,60,Office Administrator,31299485
Putri Setiawan,19,Accountant,14468680
Qori Hidayat,31,UI/UX Designer,6852234
Andi Saputra,27,Accountant,7476826
Wati Wibowo,44,HR Staff,11175822
Tono Hidayat,20,Marketing Specialist,10073383
Fitri Rahayu,32,Software Engineer,19523300
Qori Kusuma,40,Accountant,21342802
Dewi Kusuma,40,HR Staff,9085804
Tono Pratama,36,Software Engineer,24948020
Lestari Saputra,45,Product Manager,7318553
Hadi Wijaya,48,Operations Manager,30073294
Kiki Hidayat,51,Customer Support,17916264
Yanto Santoso,46,Marketing Specialist,19655780
Kiki Suryani,45,Customer Support,34685444
Tono Hidayat,54,Software Engineer,4630902
Vina Santoso,19,Software Engineer,20504927
Tono Saputra,21,UI/UX Designer,36632712
Tono Suryani,43,HR Staff,13519793
Mega Nugroho,27,Marketing Specialist,8157974
Eka Santoso,49,Accountant,27566920
Wati Halim,29,HR Staff,8824269
Oki Rahayu,25,Software Engineer,7029817
Hadi Santoso,58,Marketing Specialist,16454723
Fitri Hidayat,27,Office Administrator,11611819
Eka Gunawan,42,HR Staff,8469114
Indra Wibowo,51,HR Staff,33898805
Nur Pratama,28,Sales Executive,36403537
Lestari Wibowo,41,Sales Executive,41351407
Umar Nugroho,28,Customer Support,28061323
Yanto Pratama,25,Data Analyst,8642579
Hadi Wijaya,31,Software Engineer,29006021
Mega Kusuma,56,Data Analyst,16608733
Yanto Halim,34,Product Manager,10225704
Umar Rahayu,48,Data Analyst,37631077
Lestari Rahayu,44,Customer Support,31080458
Andi Wibowo,34,Customer Support,14808796
Wati Pratama,52,Data Analyst,27778833
Indra Halim,57,Product Manager,36822072
Hadi Santoso,36,Accountant,6956293
Budi Hidayat,43,Office Administrator,26616062
Qori Wibowo,38,Office Administrator,12699023
Dewi Nugroho,19,UI/UX Designer,20093389
Kiki Saputra,48,Marketing Specialist,34698561
Budi Wijaya,18,HR Staff,34247809
Siti Wibowo,47,Office Administrator,36752989
Tono Pratama,40,UI/UX Designer,26505917
Putri Rahayu,29,Marketing Specialist,31968128
Rina Saputra,21,Customer Support,32948235
Qori Gunawan,33,Sales Executive,26790343
Hadi Wijaya,59,Office Administrator,13928912
Qori Wibowo,21,Data Analyst,9245775
Putri Setiawan,46,Office Administrator,35881807
Joko Suryani,26,Data Analyst,5070838
Eka Rahayu,35,QA Engineer,4546846
Eka Wijaya,43,Marketing Specialist,33035316
Qori Firmansyah,21,Operations Manager,4621078
Umar Halim,33,UI/UX Designer,34246433
Siti Wibowo,46,UI/UX Designer,31904543
Zaki Pratama,23,Product Manager,27463730
Eka Pratama,45,Customer Support,22681209
Nur Pratama,33,HR Staff,36489855
Siti Pratama,52,Sales Executive,29480568
Kiki Setiawan,20,QA Engineer,29690391
Rina Pratama,37,Customer Support,31259383
Mega Halim,26,Operations Manager,18322829
Zaki Rahayu,59,Operations Manager,16565405
Joko Rahayu,21,Customer Support,32928088
Fitri Saputra,50,UI/UX Designer,11430057
Wati Wibowo,32,Marketing Specialist,24431747
Joko Kusuma,55,Sales Executive,24933119
Fitri Hidayat,28,Customer Support,11361780
Yanto Pratama,21,Operations Manager,36851544
Zaki Kusuma,60,Accountant,43063938
Citra Pratama,28,Operations Manager,13053070
Hadi Halim,53,Product Manager,5109397
Umar Rahayu,27,UI/UX Designer,30915803
Mega Suryani,58,Product Manager,24299172
Eka Suryani,18,Marketing Specialist,6973064
Budi Kusuma,27,Marketing Specialist,25418893
Joko Hidayat,40,Office Administrator,7212260
Putri Setiawan,19,Accountant,6747310
Joko Rahayu,45,Office Administrator,25847822
Oki Nugroho,23,Data Analyst,40180881
Vina Rahayu,35,Software Engineer,35156836
Dewi Halim,43,Software Engineer,8726992
Siti Nugroho,23,Data Analyst,8416499
Gita Pratama,41,Operations Manager,9130603
Siti Wijaya,23,Operations Manager,37379930
Gita Suryani,45,Customer Support,11418620
Zaki Wibowo,18,QA Engineer,14807164
Oki Halim,49,Accountant,33532305
Dewi Wibowo,54,Software Engineer,38892732
Yanto Hidayat,42,Operations Manager,8506463
Andi Wijaya,47,UI/UX Designer,40526167
Lestari Hidayat,48,Software Engineer,22183496
Kiki Gunawan,20,QA Engineer,26920976
Wati Wibowo,54,Accountant,38996220
Siti Wibowo,28,Sales Executive,19238623
Eka Wibowo,57,QA Engineer,14756265
Wati Suryani,31,UI/UX Designer,21360784
Siti Firmansyah,40,QA Engineer,33835302
Joko Nugroho,36,UI/UX Designer,27021665
Nur Firmansyah,23,Software Engineer,8530138
Joko Suryani,43,UI/UX Designer,31025042
Nur Suryani,46,Software Engineer,5938856
Gita Nugroho,32,Customer Support,11703119
Zaki Kusuma,31,Data Analyst,42126793
Kiki Wijaya,38,UI/UX Designer,25168343
Oki Firmansyah,47,UI/UX Designer,4320939
Hadi Santoso,59,HR Staff,24233733
Eka Hidayat,48,Software Engineer,44099353
Vina Halim,45,Customer Support,31895183
Indra Wibowo,25,Software Engineer,31688388
Gita Nugroho,56,Product Manager,12315637
Lestari Pratama,21,UI/UX Designer,6373574
Joko Pratama,55,Sales Executive,41566921
Tono Halim,50,Operations Manager,15557972
Indra Kusuma,51,Product Manager,26495811
Wati Pratama,39,Product Manager,31904349
Citra Hidayat,32,UI/UX Designer,30517468
Putri Halim,55,Accountant,27166220
Tono Gunawan,54,QA Engineer,10665528
Kiki Pratama,27,Sales Executive,34616319
Citra Wibowo,20,Operations Manager,30300460
Umar Firmansyah,55,Office Administrator,13778062
Eka Kusuma,53,Office Administrator,8757631
Eka Wijaya,50,Software Engineer,33592589
Zaki Setiawan,47,Software Engineer,32758067
Joko Pratama,31,Operations Manager,18613856
Yanto Gunawan,51,Marketing Specialist,12870502
Hadi Nugroho,37,Data Analyst,19101396
Oki Nugroho,34,Office Administrator,19532887
Qori Halim,18,Accountant,19148006
Siti Santoso,18,Accountant,41030843
Putri Wijaya,48,QA Engineer,22356030
Hadi Setiawan,39,UI/UX Designer,9032212
Wati Rahayu,40,Office Administrator,22915614
Yanto Wibowo,54,UI/UX Designer,18398278
Rina Gunawan,52,Software Engineer,16968587
Indra Santoso,45,UI/UX Designer,35548580
Tono Suryani,28,HR Staff,10774657
Kiki Wibowo,39,Software Engineer,40842529
Putri Firmansyah,57,Data Analyst,12494226
Oki Wijaya,42,QA Engineer,23348595
Fitri Pratama,23,Customer Support,25008115
Rina Suryani,21,Software Engineer,36417393
Dewi Kusuma,32,QA Engineer,27920350
Tono Pratama,57,Accountant,33005950
Budi Halim,39,Product Manager,36784834
Kiki Pratama,52,Marketing Specialist,23005328
Yanto Gunawan,50,HR Staff,41763298
Siti Wibowo,57,Software Engineer,20409258
Yanto Santoso,32,Operations Manager,19889168
Dewi Gunawan,27,Marketing Specialist,12131539
Yanto Pratama,58,QA Engineer,40762656
Citra Halim,41,HR Staff,40080368
Qori Halim,20,Customer Support,40050182
Dewi Firmansyah,46,Customer Support,6306808
Mega Gunawan,54,Data Analyst,31694837
Lestari Halim,41,Software Engineer,14248884
Oki Suryani,24,Product Manager,16112209
Oki Hidayat,41,Marketing Specialist,27128357
Budi Wibowo,34,Accountant,35251749
Siti Pratama,43,QA Engineer,42205926
Fitri Pratama,28,Customer Support,28034856
Oki Setiawan,54,Data Analyst,34446638
Qori Rahayu,55,Product Manager,13690973
Gita Wijaya,47,Product Manager,8110707
Qori Hidayat,58,Customer Support,8013917
Andi Hidayat,30,Product Manager,17857500
Fitri Pratama,25,Office Administrator,14500468
Citra Kusuma,41,HR Staff,25264438
Rina Setiawan,57,Software Engineer,42930262
Citra Pratama,54,Customer Support,32427504
Siti Wibowo,33,Office Administrator,17519233
Citra Wijaya,53,Office Administrator,4951638
Indra Setiawan,33,Customer Support,9054445
Nur Wibowo,54,Marketing Specialist,6846833
Kiki Setiawan,33,Software Engineer,37011658
Rina Firmansyah,50,Sales Executive,12293861
Tono Gunawan,45,Software Engineer,6137576
Wati Santoso,54,Operations Manager,18674944
Dewi Suryani,44,Sales Executive,43686806
Andi Gunawan,56,Accountant,6080773
Zaki Nugroho,29,QA Engineer,8679306
Yanto Firmansyah,59,Data Analyst,17775814
Yanto Wijaya,51,Customer Support,42887993
Oki Gunawan,23,Product Manager,12628134
Qori Kusuma,52,Customer Support,9190122
Putri Rahayu,40,Software Engineer,27751645
Putri Gunawan,48,Operations Manager,20950371
Yanto Hidayat,35,Customer Support,13972808
Rina Saputra,56,Product Manager,28299162
Tono Rahayu,38,Data Analyst,9966709
Wati Wijaya,37,Product Manager,4224869
Qori Santoso,23,QA Engineer,15866410
Gita Kusuma,49,QA Engineer,18027466
Zaki Suryani,41,HR Staff,29456536
Dewi Nugroho,31,Marketing Specialist,20729946
Putri Nugroho,38,Data Analyst,44549806
Vina Firmansyah,58,Office Administrator,41846869
Tono Kusuma,47,Data Analyst,28497966
Andi Pratama,56,HR Staff,43786596
Kiki Pratama,44,Operations Manager,6788831
Yanto Pratama,45,Data Analyst,13603520
Citra Saputra,46,QA Engineer,37064074
Qori Saputra,60,Customer Support,14752250
Oki Saputra,18,HR Staff,8702435
Siti Setiawan,57,Software Engineer,13316754
Nur Wijaya,33,Software Engineer,5869081
Hadi Saputra,29,Office Administrator,12036849
Fitri Hidayat,23,Product Manager,28315688
Yanto Wibowo,29,UI/UX Designer,16341713
Indra Wibowo,26,Operations Manager,21717156
Eka Halim,56,Software Engineer,43666415
Zaki Gunawan,41,HR Staff,27290707
Oki Suryani,25,Office Administrator,31409203
Andi Nugroho,55,Product Manager,36688514
Citra Hidayat,42,Operations Manager,31519372
Putri Wibowo,41,Customer Support,14896824
Zaki Setiawan,29,UI/UX Designer,24472374
Yanto Hidayat,43,Marketing Specialist,14445692
Putri Suryani,26,Accountant,24914026
Qori Wibowo,24,UI/UX Designer,9510776
Oki Hidayat,22,Accountant,23275276
Vina Saputra,35,HR Staff,22121254
Yanto Firmansyah,56,Office Administrator,38611754
Eka Santoso,22,Product Manager,43354845
Kiki Saputra,34,QA Engineer,37979587
Mega Setiawan,48,Marketing Specialist,44475153
Oki Suryani,59,Office Administrator,15180566
Tono Saputra,32,Product Manager,30450336
Joko Rahayu,44,Operations Manager,34357422
Mega Wijaya,22,Operations Manager,38229690
Tono Pratama,49,Accountant,6804415
Dewi Santoso,54,Product Manager,37404358
Joko Kusuma,27,Office Administrator,35940685
Hadi Setiawan,57,Operations Manager,5175746
Hadi Setiawan,52,Operations Manager,17506391
Nur Nugroho,39,Marketing Specialist,28390355
Vina Wijaya,60,Office Administrator,25428444
Lestari Gunawan,41,Accountant,32775689
Tono Firmansyah,39,Product Manager,37843553
Wati Firmansyah,55,Product Manager,10545570
Umar Saputra,37,Operations Manager,40244083
Oki Gunawan,32,UI/UX Designer,20089974
Zaki Gunawan,27,UI/UX Designer,4056079
Oki Kusuma,48,UI/UX Designer,36804263
Wati Saputra,23,Accountant,44477443
Siti Wibowo,27,UI/UX Designer,19938351
Hadi Firmansyah,54,Office Administrator,38182083
Oki Rahayu,49,Sales Executive,10681854
Citra Wibowo,20,Marketing Specialist,30219437
Zaki Hidayat,44,Marketing Specialist,34202681
Siti Firmansyah,43,Data Analyst,11415614
Indra Wibowo,21,Software Engineer,38707841
Fitri Gunawan,59,Product Manager,4535458
Nur Hidayat,22,Data Analyst,35535250
Citra Gunawan,54,HR Staff,6914034
Tono Suryani,21,QA Engineer,36043417
Zaki Kusuma,30,Customer Support,7292790
Rina Wibowo,32,QA Engineer,13044131
Indra Wibowo,33,Office Administrator,29705070
Andi Wijaya,55,Operations Manager,12154909
Nur Rahayu,38,UI/UX Designer,27050961
Indra Pratama,52,Sales Executive,30944882
Nur Wibowo,21,Customer Support,21847318
Oki Wibowo,50,Accountant,23617322
Qori Firmansyah,42,Sales Executive,33261817
Yanto Hidayat,24,Marketing Specialist,29958528
Siti Kusuma,59,Software Engineer,18644447
Wati Saputra,39,Software Engineer,42588852
Nur Kusuma,46,Operations Manager,20524682
Oki Pratama,52,Marketing Specialist,35452279
Zaki Rahayu,48,Software Engineer,24417634
Nur Wijaya,31,Marketing Specialist,33940991
Andi Rahayu,57,UI/UX Designer,39790390
Budi Pratama,32,Accountant,29697447
Gita Suryani,25,Product Manager,27425533
Fitri Kusuma,44,QA Engineer,34270966
Zaki Wibowo,27,HR Staff,38960709
Hadi Setiawan,45,Marketing Specialist,30972948
Rina Rahayu,54,Sales Executive,24714379
Mega Pratama,38,Marketing Specialist,28242112
Zaki Suryani,24,Customer Support,9288786
Yanto Halim,56,Customer Support,34342482
Andi Setiawan,34,Product Manager,15684217
Hadi Firmansyah,56,QA Engineer,21841933
Hadi Setiawan,45,Customer Support,43257454
Kiki Halim,34,HR Staff,24591749
Fitri Pratama,27,HR Staff,30880584
Hadi Suryani,47,Marketing Specialist,23382213
Indra Nugroho,22,Operations Manager,24209377
Kiki Kusuma,56,Software Engineer,39749586
Joko Hidayat,52,Data Analyst,10745841
Andi Hidayat,44,HR Staff,30860762
Fitri Setiawan,56,Operations Manager,30190829
Rina Suryani,37,Sales Executive,14183305
Joko Nugroho,26,QA Engineer,11806506
Eka Santoso,50,Data Analyst,19334518
Mega Santoso,33,Software Engineer,22914245
Budi Pratama,18,Product Manager,19878022
Gita Setiawan,25,Software Engineer,4971700
Kiki Nugroho,37,Office Administrator,21092323
Tono Firmansyah,58,Office Administrator,30390405
Oki Saputra,48,Office Administrator,23983067
Hadi Kusuma,22,Software Engineer,5997696
Citra Suryani,42,Sales Executive,21637142
Rina Saputra,44,QA Engineer,22989240
Qori Suryani,24,Operations Manager,16892879
Vina Suryani,18,Accountant,30747252
Siti Santoso,41,HR Staff,18169135
Budi Santoso,42,Data Analyst,23330761
Kiki Wijaya,52,Customer Support,37317157
Gita Santoso,46,Sales Executive,37913390
Zaki Suryani,52,Marketing Specialist,43578239
Joko Wibowo,26,Office Administrator,33299573
Qori Kusuma,54,UI/UX Designer,35432663
Mega Wibowo,29,UI/UX Designer,41204390
Wati Rahayu,34,QA Engineer,28270785
Kiki Setiawan,20,Software Engineer,28219701
Citra Nugroho,20,HR Staff,23334558
Zaki Wijaya,33,HR Staff,18366722
Lestari Santoso,42,Operations Manager,10172776
Hadi Halim,41,Sales Executive,28339451
Oki Saputra,43,Data Analyst,11407359
Gita Firmansyah,42,Office Administrator,22523727
Yanto Hidayat,38,Sales Executive,28745562
Oki Suryani,42,QA Engineer,19325447
Hadi Firmansyah,20,Accountant,19812811
Eka Firmansyah,49,Product Manager,29045569
Wati Wijaya,39,QA Engineer,16901668
Kiki Santoso,26,Marketing Specialist,18608725
Indra Halim,26,Accountant,32743672
Qori Wibowo,34,Accountant,8781658
Andi Rahayu,60,UI/UX Designer,38031008
Zaki Hidayat,55,Accountant,24388250
Gita Santoso,32,Accountant,41640742
Oki Gunawan,21,Product Manager,14546927
Gita Hidayat,42,HR Staff,38119178
Siti Firmansyah,28,Customer Support,6867976
Eka Setiawan,44,Sales Executive,42031368
Fitri Wijaya,19,Customer Support,35894975
Putri Wijaya,25,QA Engineer,22597700
Budi Nugroho,25,Software Engineer,10003753
Indra Firmansyah,20,Marketing Specialist,42746926
Nur Gunawan,58,Data Analyst,4591424
Zaki Nugroho,58,Accountant,33156529
Citra Nugroho,53,UI/UX Designer,16743875
Putri Suryani,23,Data Analyst,34276047
Budi Setiawan,27,Accountant,27923129
Nur Wibowo,28,Data Analyst,27214755
Siti Wibowo,48,Product Manager,16615735
Qori Wibowo,24,Customer Support,36102468
Oki Wibowo,39,Marketing Specialist,34062707
Umar Saputra,19,QA Engineer,34270583
Zaki Wibowo,35,UI/UX Designer,10893867
Indra Setiawan,46,HR Staff,16471370
Budi Halim,29,Accountant,31770055
Wati Rahayu,38,Accountant,32644956
Kiki Wijaya,47,Office Administrator,7234518
Mega Saputra,36,Accountant,9712756
Oki Wibowo,46,UI/UX Designer,9651385
Putri Saputra,31,Customer Support,23026091
Andi Kusuma,20,Marketing Specialist,27433110
Indra Nugroho,25,HR Staff,11236665
Rina Halim,22,UI/UX Designer,37358796
Gita Firmansyah,32,Software Engineer,5921509
Dewi Wijaya,41,Accountant,28900227
Gita Wibowo,24,Software Engineer,10603703
Indra Wijaya,49,HR Staff,19314667
Budi Santoso,56,Operations Manager,8955426
Dewi Suryani,23,Customer Support,41176544
Rina Wibowo,50,QA Engineer,23158565
Citra Wijaya,20,Office Administrator,43190048
Vina Santoso,39,Operations Manager,39835449
Qori Gunawan,18,Product Manager,31826599
Andi Suryani,20,Office Administrator,33654747
Tono Firmansyah,55,Sales Executive,39488067
Rina Saputra,57,Operations Manager,35540381
Siti Santoso,41,Operations Manager,34519369
Oki Setiawan,22,Operations Manager,41639462
Budi Suryani,21,Software Engineer,13775881
Siti Wibowo,35,Office Administrator,40074811
Fitri Gunawan,37,UI/UX Designer,18605058
Wati Wibowo,54,Data Analyst,44263656
Qori Rahayu,23,Office Administrator,44364378
Budi Halim,21,Office Administrator,19792604
Umar Suryani,58,Software Engineer,40020240
Oki Gunawan,59,QA Engineer,4577620
Mega Santoso,59,Office Administrator,35392382
Vina Firmansyah,35,Software Engineer,11941949
Indra Kusuma,25,QA Engineer,11782796
Hadi Kusuma,24,UI/UX Designer,23382062
Siti Hidayat,36,Product Manager,23886018
Nur Suryani,41,Customer Support,41091073
Vina Firmansyah,45,Accountant,39883476
Siti Santoso,49,Accountant,37178836
Lestari Wijaya,30,Product Manager,30958972
Budi Halim,39,Customer Support,43489160
Siti Hidayat,22,Data Analyst,42420851
Joko Halim,59,UI/UX Designer,33566207
Indra Kusuma,27,Accountant,33658510
Umar Rahayu,57,Marketing Specialist,40509484
Mega Pratama,51,Accountant,40085076
Lestari Wibowo,26,Marketing Specialist,16388424
Budi Halim,23,Sales Executive,43952165
Zaki Nugroho,55,UI/UX Designer,36181014
Nur Setiawan,23,Marketing Specialist,26520970
Nur Gunawan,27,HR Staff,19598252
Hadi Halim,50,Data Analyst,5697227
Gita Pratama,19,UI/UX Designer,16285471
Yanto Rahayu,36,HR Staff,10345235
Tono Wijaya,20,Sales Executive,11048939
Vina Nugroho,41,Customer Support,15261930
Oki Nugroho,49,Marketing Specialist,31070148
Indra Nugroho,59,Software Engineer,24649376
Rina Hidayat,18,Product Manager,11060673
Joko Saputra,37,Marketing Specialist,29157213
Eka Wibowo,56,Software Engineer,6009714
Citra Saputra,26,Office Administrator,17071819
Nur Wijaya,22,Data Analyst,35737919
Andi Setiawan,52,Software Engineer,10283112
Mega Nugroho,42,Customer Support,19746652
Joko Gunawan,30,Customer Support,39034225
Zaki Gunawan,30,Data Analyst,8844490
Andi Halim,46,Accountant,38208033
Fitri Pratama,46,Product Manager,29664722
Indra Hidayat,58,Customer Support,43650763
Umar Wibowo,53,Customer Support,10160742
Zaki Suryani,57,Data Analyst,30876509
Yanto Pratama,54,Office Administrator,38895151
Siti Santoso,49,UI/UX Designer,29913826
Zaki Suryani,18,HR Staff,20989912
Joko Hidayat,37,Product Manager,37062079
Lestari Wijaya,39,Sales Executive,11518820
Zaki Firmansyah,26,Operations Manager,42948967
Tono Pratama,32,Operations Manager,32807060
Oki Rahayu,25,Marketing Specialist,44679007
Gita Hidayat,38,Operations Manager,8603259
Putri Santoso,49,Sales Executive,41159766
Mega Kusuma,35,Customer Support,11052742
Vina Santoso,57,Sales Executive,13836801
Andi Gunawan,54,Operations Manager,21936774
Eka Santoso,52,QA Engineer,39735829
Hadi Halim,33,HR Staff,41248335
Qori Santoso,59,Office Administrator,19365103
Umar Suryani,37,Customer Support,34700206
Lestari Halim,30,HR Staff,12146034
Zaki Suryani,29,Software Engineer,44785840
Gita Pratama,42,Operations Manager,18543696
Gita Nugroho,42,Marketing Specialist,31237742
Nur Suryani,36,Sales Executive,22834866
Andi Wijaya,37,UI/UX Designer,24669834
Hadi Wijaya,30,HR Staff,25165141
Mega Suryani,48,Marketing Specialist,21915382
Rina Kusuma,29,Operations Manager,30457146
Oki Firmansyah,28,Software Engineer,37084035
Qori Hidayat,40,Software Engineer,31118524
Qori Setiawan,38,Data Analyst,18798552
Eka Wibowo,33,UI/UX Designer,8133064
Fitri Hidayat,52,Sales Executive,17195872
Putri Suryani,60,Data Analyst,39832638
Citra Saputra,35,Office Administrator,37813390
Indra Nugroho,35,Software Engineer,16865717
Lestari Wibowo,42,Accountant,26510753
Joko Nugroho,29,Accountant,33481285
Joko Wijaya,21,Sales Executive,27608647
Zaki Pratama,51,Sales Executive,44800584
Oki Pratama,18,HR Staff,17166539
Zaki Wibowo,35,Marketing Specialist,6459132
Nur Rahayu,60,Accountant,41551941
Oki Hidayat,40,Product Manager,23180152
Lestari Firmansyah,43,Software Engineer,41106570
Umar Santoso,52,Marketing Specialist,11177122
Indra Wijaya,21,Office Administrator,24425921
Joko Wijaya,21,Office Administrator,37395127
Lestari Santoso,35,Operations Manager,11564174
Lestari Suryani,37,Marketing Specialist,31776541
Siti Wibowo,46,Customer Support,43419545
Umar Kusuma,53,Data Analyst,24453153
Budi Saputra,22,Product Manager,38704849
Zaki Suryani,59,Data Analyst,39208509
Tono Wibowo,55,Software Engineer,36525557
Fitri Suryani,22,Data Analyst,14195248
Rina Rahayu,30,Data Analyst,44826815
Zaki Pratama,19,Office Administrator,15467051
Hadi Firmansyah,36,Office Administrator,8021745
Hadi Santoso,48,UI/UX Designer,25525258
Dewi Wibowo,50,Accountant,27088033
Lestari Gunawan,58,Data Analyst,21167775
Siti Hidayat,59,Product Manager,13262952
Zaki Firmansyah,32,Marketing Specialist,19747987
Vina Gunawan,49,Operations Manager,15205860
Tono Saputra,54,UI/UX Designer,15641135
Andi Gunawan,45,Product Manager,17349767
Yanto Kusuma,60,Software Engineer,30136599
Fitri Hidayat,49,Software Engineer,10481810
Yanto Halim,22,Operations Manager,33800023
Umar Santoso,50,HR Staff,27124353
Qori Rahayu,43,Data Analyst,10798885
Gita Hidayat,25,Marketing Specialist,43072088
Tono Wibowo,31,Customer Support,13568132
Citra Firmansyah,50,Operations Manager,17835710
Qori Hidayat,22,Office Administrator,13799304
Fitri Kusuma,23,Accountant,12662110
Wati Saputra,45,Sales Executive,21873388
Kiki Suryani,24,HR Staff,27771119
Citra Saputra,27,QA Engineer,13296690
Andi Suryani,31,Sales Executive,26511785
Nur Halim,36,Marketing Specialist,12763878
Citra Gunawan,24,Sales Executive,8825265
Dewi Setiawan,60,Marketing Specialist,6773284
Yanto Hidayat,50,Customer Support,20136301
Kiki Saputra,34,Data Analyst,19734924
Citra Wijaya,49,Sales Executive,25148599
Umar Nugroho,45,Data Analyst,26395046
Citra Kusuma,36,Office Administrator,8153744
Indra Hidayat,41,Product Manager,36746408
Qori Suryani,35,Accountant,8820377
Dewi Wijaya,25,Customer Support,6256307
Siti Saputra,36,QA Engineer,23491309
Mega Suryani,26,Office Administrator,7602848
Eka Rahayu,22,QA Engineer,28922562
Siti Halim,43,Office Administrator,38606482
Dewi Pratama,51,Customer Support,21945845
Siti Suryani,35,Sales Executive,5775189
Putri Suryani,27,Operations Manager,44599410
Putri Santoso,43,HR Staff,36516657
Yanto Pratama,49,Sales Executive,35216276
Siti Suryani,54,Accountant,24030069
Yanto Nugroho,42,Operations Manager,35718721
Rina Wijaya,27,Product Manager,23319509
Tono Wijaya,45,Marketing Specialist,23374545
Fitri Saputra,40,QA Engineer,41333991
Kiki Firmansyah,57,Customer Support,29726357
Nur Firmansyah,33,Marketing Specialist,36908561
Yanto Nugroho,34,Sales Executive,25640174
Joko Santoso,48,Customer Support,33521349
Nur Hidayat,19,Operations Manager,15042934
Yanto Pratama,41,Sales Executive,17703573
Siti Hidayat,30,Product Manager,4275710
Zaki Gunawan,22,Data Analyst,13833434
Putri Wijaya,42,Office Administrator,33070205
Hadi Suryani,19,Office Administrator,44196381
Gita Santoso,51,HR Staff,4816137
Siti Saputra,38,QA Engineer,42996200
Tono Suryani,46,UI/UX Designer,28664531
Citra Firmansyah,40,QA Engineer,9516055
Qori Hidayat,55,Marketing Specialist,22565593
Mega Hidayat,59,Data Analyst,8023771
Indra Nugroho,24,Office Administrator,36743910
Yanto Nugroho,27,Data Analyst,31545195
Eka Suryani,60,Sales Executive,38109833
Siti Wijaya,30,UI/UX Designer,18950758
Rina Santoso,42,HR Staff,28191317
Mega Hidayat,29,Accountant,25353257
Rina Santoso,55,Sales Executive,30382400
Citra Gunawan,21,Accountant,35738541
Tono Setiawan,22,HR Staff,23187510
Yanto Rahayu,26,Product Manager,28871704
Joko Hidayat,25,Office Administrator,8437149
Umar Pratama,50,QA Engineer,14971971
Qori Setiawan,56,Product Manager,42235879
Wati Setiawan,28,QA Engineer,30545240
Putri Santoso,41,Product Manager,6918319
Vina Wibowo,40,Sales Executive,31055719
Putri Santoso,30,Product Manager,5584741
Zaki Firmansyah,58,Product Manager,35119140
Indra Wibowo,43,Marketing Specialist,21099757
Gita Kusuma,46,Product Manager,34187503
Vina Nugroho,45,UI/UX Designer,11802834
Gita Saputra,31,UI/UX Designer,6903803
Hadi Santoso,54,Customer Support,11259016
Citra Firmansyah,56,Product Manager,14029354
Yanto Santoso,32,QA Engineer,19686635
Lestari Nugroho,50,Software Engineer,27283220
Eka Halim,20,Operations Manager,30914878
Budi Wibowo,36,Operations Manager,38626568
Wati Pratama,34,Accountant,34371148
Mega Pratama,54,HR Staff,36564819
Mega Pratama,39,Marketing Specialist,15837155
Citra Hidayat,50,Product Manager,16751550
Vina Suryani,44,Product Manager,23421833
Oki Firmansyah,51,Office Administrator,9355314
Rina Halim,38,Data Analyst,9711792
Dewi Kusuma,43,Marketing Specialist,29053903
Andi Wibowo,20,QA Engineer,34446727
Citra Santoso,19,Sales Executive,38438714
Mega Santoso,44,Customer Support,24207704
Wati Firmansyah,46,Software Engineer,12732614
Mega Gunawan,20,Accountant,36219170
Dewi Gunawan,52,Customer Support,15549443
Indra Halim,51,UI/UX Designer,16450102
Wati Kusuma,54,Operations Manager,6917510
Qori Halim,43,QA Engineer,18360149
Tono Hidayat,32,Marketing Specialist,13639839
Oki Suryani,36,HR Staff,26164816
Joko Suryani,25,Software Engineer,42610427
Qori Gunawan,47,Software Engineer,41366188
Nur Firmansyah,42,QA Engineer,41521787
Gita Gunawan,30,Sales Executive,18602646
Lestari Pratama,58,Sales Executive,29427083
Citra Rahayu,54,Operations Manager,37082997
Qori Santoso,36,Data Analyst,22878098
Mega Nugroho,27,Data Analyst,43641059
Qori Saputra,51,Product Manager,15977562
Tono Kusuma,50,Office Administrator,26831286
Vina Pratama,21,QA Engineer,37955449
Rina Suryani,41,Software Engineer,40142270
Putri Pratama,33,Data Analyst,33975785
Yanto Rahayu,27,Accountant,44585502
Lestari Saputra,30,Accountant,18482432
Eka Santoso,44,UI/UX Designer,7252428
Hadi Gunawan,29,Operations Manager,34761615
Putri Setiawan,23,Accountant,18358985
Oki Saputra,40,Marketing Specialist,5095364
Vina Gunawan,43,Software Engineer,36269077
Zaki Rahayu,41,HR Staff,7721441
Andi Wijaya,37,Sales Executive,37270638
Vina Gunawan,34,Data Analyst,37295869
Hadi Saputra,43,Customer Support,28674673
Indra Halim,49,Office Administrator,27982810
Citra Firmansyah,21,HR Staff,22785252
Yanto Rahayu,40,Sales Executive,6699019
Zaki Firmansyah,52,Office Administrator,4001448
Indra Pratama,28,QA Engineer,12554667
Zaki Nugroho,40,Operations Manager,5384551
Oki Wibowo,47,Data Analyst,14230449
Hadi Saputra,40,Office Administrator,32973978
Mega Pratama,56,Customer Support,4963944
Budi Santoso,21,Accountant,12917989
Fitri Hidayat,31,Software Engineer,29093255
Yanto Pratama,33,Customer Support,41428745
Fitri Kusuma,30,HR Staff,17449260
Joko Santoso,34,Product Manager,33225191
Yanto Rahayu,40,Operations Manager,33283530
Mega Rahayu,39,Marketing Specialist,28165468
Hadi Halim,38,Office Administrator,20854249
Putri Halim,24,Operations Manager,21684595
Vina Gunawan,30,Sales Executive,19109923
Joko Hidayat,44,Data Analyst,18254543
Siti Gunawan,40,Software Engineer,40812308
Fitri Santoso,55,Data Analyst,31220213
Nur Wibowo,27,Marketing Specialist,5922927
Umar Setiawan,46,Product Manager,44999665
Budi Nugroho,48,Product Manager,5127382
Kiki Halim,31,Product Manager,25248669
Andi Rahayu,44,Marketing Specialist,18311578
Siti Santoso,26,Product Manager,7302065
Dewi Suryani,30,Software Engineer,39654901
Oki Saputra,29,Office Administrator,26726403
Qori Santoso,27,UI/UX Designer,14859758
Tono Wibowo,53,Marketing Specialist,36146638
Citra Kusuma,22,QA Engineer,22281668
Zaki Hidayat,60,Customer Support,36513097
Umar Hidayat,32,Customer Support,41129821
Hadi Saputra,40,Data Analyst,5013440
Lestari Hidayat,55,Operations Manager,17666294
Mega Hidayat,37,UI/UX Designer,20228185
Gita Pratama,59,Software Engineer,14503038
Eka Rahayu,23,Software Engineer,6549270
Joko Hidayat,35,Office Administrator,18227716
Rina Saputra,56,Sales Executive,25759804
Fitri Suryani,55,Product Manager,38447524
Nur Kusuma,19,Data Analyst,15000198
Wati Firmansyah,20,Software Engineer,24544279
Mega Suryani,34,Product Manager,21866906
Mega Kusuma,54,Customer Support,42769025
Oki Rahayu,54,Product Manager,37650521
Wati Kusuma,32,UI/UX Designer,21142646
Dewi Santoso,24,UI/UX Designer,44743447
Tono Rahayu,43,UI/UX Designer,9848510
Umar Wijaya,46,Sales Executive,11413668
Oki Wijaya,56,Accountant,4919205
Fitri Pratama,24,Sales Executive,5615435
Budi Kusuma,58,Customer Support,38629806
Umar Wijaya,49,Marketing Specialist,43226372
Putri Suryani,32,HR Staff,27196987
Tono Kusuma,32,QA Engineer,41349364
Mega Wibowo,19,Software Engineer,30312403
Siti Kusuma,60,Marketing Specialist,38193537
Yanto Santoso,23,UI/UX Designer,28276147
Yanto Saputra,30,QA Engineer,14153626
Lestari Nugroho,52,HR Staff,6267583
Budi Firmansyah,20,Marketing Specialist,10598788
Yanto Saputra,30,Accountant,21053402
Putri Saputra,47,Operations Manager,18602538
Hadi Santoso,33,Customer Support,38532354
Umar Wijaya,31,Customer Support,13264432
Joko Halim,39,HR Staff,41420660
Mega Nugroho,60,Customer Support,35133260
Indra Kusuma,35,Office Administrator,30740690
Yanto Firmansyah,53,Software Engineer,24187398
Vina Halim,51,Customer Support,13701292
Fitri Saputra,55,Sales Executive,18480020
Eka Setiawan,32,Office Administrator,11736101
Andi Pratama,42,Product Manager,7529530
Budi Nugroho,51,QA Engineer,34984382
Joko Gunawan,32,Software Engineer,7014813
Andi Rahayu,23,Office Administrator,28960705
Yanto Halim,42,Customer Support,36079655
Fitri Pratama,27,Marketing Specialist,44168812
Yanto Hidayat,40,Office Administrator,17881519
Hadi Suryani,46,Software Engineer,37760909
Siti Firmansyah,43,Customer Support,35206733
Lestari Setiawan,31,UI/UX Designer,26998791
Dewi Firmansyah,34,Product Manager,7268752
Wati Pratama,32,Product Manager,27713183
Kiki Gunawan,33,UI/UX Designer,40761550
Qori Gunawan,35,HR Staff,14475083
Tono Hidayat,48,Software Engineer,29351649
Hadi Firmansyah,36,Software Engineer,6954026
Indra Saputra,57,Customer Support,5617491
Yanto Rahayu,25,Sales Executive,31248184
Tono Hidayat,44,Sales Executive,7793079
Siti Kusuma,58,HR Staff,38952079
Qori Santoso,40,Product Manager,23960626
Hadi Gunawan,30,HR Staff,21071113
Wati Suryani,47,Operations Manager,12969505
Fitri Wijaya,38,Data Analyst,5984328
Siti Santoso,48,UI/UX Designer,28851970
Budi Wijaya,43,Customer Support,5994544
Yanto Saputra,28,Accountant,18775275
Yanto Gunawan,27,QA Engineer,18698285
Rina Suryani,25,Product Manager,4471442
Gita Kusuma,48,Sales Executive,41567550
Umar Wijaya,22,Marketing Specialist,31911341
Budi Nugroho,34,Customer Support,39785179
Kiki Suryani,47,Software Engineer,31615810
Joko Rahayu,60,Data Analyst,28967894
Lestari Firmansyah,43,Sales Executive,16814678
Fitri Saputra,21,Operations Manager,5482905
Oki Firmansyah,44,Product Manager,41996721
Joko Pratama,51,Product Manager,7991477
Lestari Hidayat,21,QA Engineer,37645532
Citra Wibowo,30,HR Staff,30141753
Putri Wijaya,28,Customer Support,32909852
Vina Halim,21,Customer Support,5382876
Budi Gunawan,30,Customer Support,33025717
Nur Santoso,40,Product Manager,29199527
Budi Gunawan,51,QA Engineer,41935553
Nur Wibowo,48,Accountant,8838206
Nur Setiawan,44,Software Engineer,39682993
Indra Hidayat,52,Customer Support,14681008
Fitri Firmansyah,59,Office Administrator,27259542
Citra Setiawan,24,Operations Manager,44544592
Indra Hidayat,26,Operations Manager,31645924
Oki Gunawan,57,Data Analyst,8074631
Joko Gunawan,55,Operations Manager,5407110
Fitri Firmansyah,30,QA Engineer,18497751
Budi Hidayat,20,QA Engineer,13957300
Indra Hidayat,48,Product Manager,40880886
Tono Nugroho,34,Operations Manager,26062887
Oki Wibowo,57,Customer Support,7670266
Siti Saputra,59,Operations Manager,18371234
Fitri Saputra,52,HR Staff,15547817
Tono Pratama,44,Data Analyst,13216815
Indra Kusuma,25,Marketing Specialist,21353425
Putri Kusuma,21,QA Engineer,5350905
Rina Wibowo,45,Office Administrator,29917364
Mega Rahayu,50,Accountant,14957652
Putri Saputra,59,Software Engineer,21674531
Umar Nugroho,31,Accountant,17033376
Fitri Hidayat,20,Data Analyst,31976920
Citra Gunawan,22,QA Engineer,20731190
Nur Rahayu,25,Software Engineer,6293688
Kiki Wijaya,28,Product Manager,19365677
Wati Santoso,28,Software Engineer,34628226
Joko Santoso,32,UI/UX Designer,41596725
Zaki Kusuma,30,Marketing Specialist,24438614
Wati Wibowo,21,QA Engineer,41079141
Joko Saputra,28,UI/UX Designer,14066031
Mega Pratama,47,Product Manager,33626014
Umar Firmansyah,37,Customer Support,37780567
Mega Hidayat,47,HR Staff,31798181
Budi Hidayat,35,Accountant,18331738
Nur Pratama,34,Product Manager,25807662
Zaki Wibowo,44,Data Analyst,6363083
Yanto Gunawan,43,Customer Support,17897338
Gita Rahayu,50,Accountant,19522433
Dewi Hidayat,48,QA Engineer,14367983
Rina Pratama,58,Marketing Specialist,17586750
Indra Santoso,41,Product Manager,42919687
Lestari Hidayat,51,Sales Executive,26678821
Citra Wijaya,38,Office Administrator,33006055
Dewi Suryani,59,Accountant,20605873
Putri Halim,42,Product Manager,44604685
Andi Rahayu,20,Office Administrator,42582712
Siti Firmansyah,47,Operations Manager,8552661
Fitri Nugroho,60,Customer Support,14497382
Lestari Santoso,51,Data Analyst,11095400
Citra Nugroho,50,Office Administrator,28798339
Rina Pratama,57,Software Engineer,11522030
Kiki Halim,42,Software Engineer,30331266
Yanto Santoso,18,UI/UX Designer,24930907
Fitri Wijaya,48,Marketing Specialist,32458308
Fitri Halim,51,Office Administrator,17382637
Putri Firmansyah,24,Product Manager,39774311
Qori Gunawan,55,Data Analyst,24922389
Vina Halim,24,Software Engineer,28084145
Zaki Firmansyah,47,QA Engineer,14117323
Putri Santoso,30,Data Analyst,26059785
Eka Santoso,33,Marketing Specialist,29968761
Umar Saputra,49,Sales Executive,27011891
Citra Nugroho,56,Customer Support,32686208
Siti Rahayu,46,Product Manager,35114983
Fitri Gunawan,41,Software Engineer,33309621
Andi Wijaya,44,Customer Support,22167273
Nur Gunawan,47,Product Manager,16588516
Fitri Hidayat,39,Operations Manager,34448671
Gita Rahayu,21,Marketing Specialist,12526132
Mega Gunawan,20,Operations Manager,12609878
Eka Suryani,45,Software Engineer,39530834
Citra Saputra,30,Customer Support,27650618
Nur Halim,48,Office Administrator,12124314
Zaki Setiawan,47,Operations Manager,25370668
Kiki Santoso,34,QA Engineer,18933952
Tono Kusuma,44,HR Staff,20456430
Tono Wibowo,50,QA Engineer,6088387
Siti Nugroho,40,Product Manager,8709530
Qori Wibowo,45,UI/UX Designer,38603421
Lestari Firmansyah,60,Product Manager,11912343
Siti Wibowo,31,Office Administrator,18991372
Qori Hidayat,59,Marketing Specialist,21719518
Siti Pratama,24,Office Administrator,5322670
Joko Hidayat,31,Data Analyst,19584978
Oki Santoso,46,QA Engineer,15372659
Wati Wibowo,58,QA Engineer,34416749
Umar Firmansyah,40,Operations Manager,40868849
Wati Nugroho,19,QA Engineer,15859196
Nur Wijaya,42,Operations Manager,17114411
Umar Suryani,50,Office Administrator,35235311
Eka Santoso,31,Sales Executive,18809284
Fitri Santoso,46,Product Manager,18458407
Mega Wijaya,22,HR Staff,22874084
Joko Pratama,25,Operations Manager,23066583
Zaki Wibowo,19,Sales Executive,6958893
Umar Kusuma,56,Operations Manager,14781178
Zaki Rahayu,45,Operations Manager,41997700
Oki Saputra,28,Office Administrator,37020620
Hadi Hidayat,36,Office Administrator,13466251
Umar Hidayat,20,Sales Executive,21221500
Vina Pratama,58,Customer Support,39793372
Gita Halim,39,HR Staff,17833271
Zaki Setiawan,53,Product Manager,14505647
Citra Suryani,51,Sales Executive,44983238
Zaki Rahayu,36,Data Analyst,17379394
Siti Wijaya,20,HR Staff,40895316
Gita Santoso,52,Product Manager,35948714
Rina Gunawan,50,Product Manager,24743436
Oki Nugroho,35,Accountant,30630588
Fitri Halim,22,Software Engineer,25530637
Dewi Wibowo,59,Sales Executive,34921434
Mega Hidayat,47,Office Administrator,32388735
Fitri Rahayu,45,Marketing Specialist,15391790
Oki Suryani,49,Operations Manager,44735502
Indra Saputra,23,Marketing Specialist,32360462
Putri Rahayu,43,Operations Manager,18629605
Kiki Rahayu,53,Data Analyst,39193638
Siti Halim,19,Office Administrator,18453319
Siti Pratama,41,Office Administrator,28827375
Oki Gunawan,27,HR Staff,6395159
Lestari Pratama,36,Data Analyst,31687952
Lestari Pratama,25,UI/UX Designer,10704255
Zaki Halim,39,Accountant,36403875
Qori Nugroho,47,Operations Manager,25903703
Andi Firmansyah,28,UI/UX Designer,23031564
Budi Wibowo,43,Sales Executive,19890359
Dewi Gunawan,18,Software Engineer,10303504
Siti Nugroho,29,Software Engineer,20806035
Putri Kusuma,41,Office Administrator,20301013
Qori Rahayu,34,Product Manager,26529136
Fitri Saputra,51,Data Analyst,26708052
Citra Wijaya,31,Sales Executive,30817157
Kiki Wijaya,22,Data Analyst,20306025
Gita Rahayu,48,Office Administrator,20627792
Putri Santoso,48,Office Administrator,4199291
Hadi Wijaya,30,Marketing Specialist,26642509
Andi Saputra,27,Accountant,44384759
Zaki Halim,26,Product Manager,15094727
Fitri Pratama,58,Sales Executive,33436742
Wati Halim,33,Accountant,30515012
Nur Suryani,44,QA Engineer,22664221
Oki Gunawan,58,Office Administrator,43851373
Wati Wijaya,34,Data Analyst,33932275
Hadi Suryani,41,UI/UX Designer,19129322
Kiki Kusuma,38,Data Analyst,20231859
Kiki Gunawan,37,Operations Manager,17302123
Oki Halim,26,Software Engineer,14249990
Qori Firmansyah,22,Operations Manager,6400783
Vina Wibowo,41,Customer Support,36990181
Kiki Suryani,29,Product Manager,22759069
Hadi Hidayat,32,Sales Executive,37289894
Hadi Hidayat,55,Data Analyst,21286236
Vina Wijaya,59,Software Engineer,24389456
Citra Setiawan,57,Office Administrator,18157665
Joko Kusuma,59,UI/UX Designer,29510125
Andi Hidayat,42,Sales Executive,44442856
Joko Setiawan,40,QA Engineer,21007326
Tono Halim,57,Marketing Specialist,44841386
Zaki Gunawan,51,UI/UX Designer,10124921
Eka Santoso,36,Sales Executive,13057112
Kiki Hidayat,59,Marketing Specialist,35900626
Joko Halim,18,Office Administrator,22814917
Mega Nugroho,32,Software Engineer,20914477
Budi Santoso,42,Accountant,36013758
Oki Kusuma,30,Operations Manager,43824378
Mega Wijaya,58,HR Staff,9405419
Putri Kusuma,19,Customer Support,19505952
Joko Gunawan,57,Marketing Specialist,23240377
Budi Saputra,54,Accountant,14531230
Eka Suryani,24,QA Engineer,17376433
Vina Suryani,27,Accountant,32621668
Hadi Hidayat,22,Accountant,25464549
Umar Suryani,36,Operations Manager,35604576
Zaki Wibowo,36,Customer Support,34585939
Eka Suryani,51,Product Manager,4867828
Indra Wibowo,33,Accountant,22613142
Qori Setiawan,50,Customer Support,20894971
Qori Hidayat,24,UI/UX Designer,18043479
Mega Setiawan,19,Office Administrator,37026237
Tono Suryani,55,HR Staff,15950505
Fitri Saputra,21,QA Engineer,22347122
Umar Hidayat,28,HR Staff,42801415
Siti Nugroho,60,QA Engineer,40613321
Dewi Gunawan,45,Product Manager,26091901
Yanto Hidayat,37,Marketing Specialist,6746552
Citra Wibowo,39,Customer Support,39374974
Budi Suryani,53,Software Engineer,42379574
Tono Suryani,35,Marketing Specialist,40209457
Indra Pratama,56,Data Analyst,19584584
Mega Pratama,37,Accountant,10609813
Wati Wibowo,31,HR Staff,7941577
Fitri Gunawan,45,QA Engineer,42683526
Lestari Saputra,40,Software Engineer,16048115
Wati Suryani,22,QA Engineer,9629029
Joko Pratama,36,Sales Executive,22206725
Wati Santoso,42,QA Engineer,18577774
Rina Hidayat,36,Sales Executive,19589039
Umar Wibowo,38,Marketing Specialist,28461231
Lestari Suryani,50,Sales Executive,36626364
Citra Santoso,38,Office Administrator,38083619
Oki Wijaya,24,Product Manager,24403227
Vina Setiawan,38,Customer Support,16260931
Eka Setiawan,29,Marketing Specialist,22089114
Joko Nugroho,45,Office Administrator,31688364
Budi Halim,40,QA Engineer,21529643
Yanto Halim,44,Sales Executive,38661972
Umar Hidayat,44,Data Analyst,17446533
Eka Gunawan,25,Marketing Specialist,19209253
Zaki Santoso,40,Office Administrator,20758172
Kiki Saputra,51,Customer Support,42424049
Wati Setiawan,23,Product Manager,41040580
Eka Santoso,19,Marketing Specialist,21950677
Hadi Gunawan,24,HR Staff,30713512
Siti Rahayu,34,Marketing Specialist,22518034
Hadi Hidayat,20,Operations Manager,20620881
Qori Firmansyah,58,QA Engineer,22169382
Budi Hidayat,37,Software Engineer,18293374
Umar Santoso,32,Operations Manager,15322687
Qori Suryani,55,Marketing Specialist,39467954
Yanto Suryani,48,Marketing Specialist,9416534
Andi Rahayu,58,HR Staff,21590793
Putri Kusuma,31,HR Staff,39845390
Yanto Saputra,41,Data Analyst,8029835
Oki Gunawan,53,UI/UX Designer,35018836
Wati Wibowo,24,Marketing Specialist,14070657
Dewi Wibowo,33,UI/UX Designer,17440143
Tono Setiawan,53,QA Engineer,43070880
Andi Setiawan,50,Data Analyst,30974553
Citra Pratama,58,Office Administrator,36313472
Umar Rahayu,39,QA Engineer,41633835
Tono Kusuma,31,Software Engineer,38722482
Qori Wijaya,34,UI/UX Designer,43605258
Indra Halim,60,Office Administrator,40050869
Eka Gunawan,18,UI/UX Designer,8514100
Kiki Setiawan,35,Software Engineer,28090568
Budi Gunawan,21,Office Administrator,43574603
Yanto Wibowo,36,QA Engineer,29191562
Vina Rahayu,39,Office Administrator,42560134
Hadi Saputra,37,QA Engineer,17908083
Vina Hidayat,36,HR Staff,5060176
Yanto Gunawan,50,Software Engineer,39011351
Gita Firmansyah,43,Accountant,40380876
Kiki Firmansyah,50,QA Engineer,9212397
Qori Gunawan,51,Marketing Specialist,38528098
Wati Suryani,26,Software Engineer,43794689
Tono Santoso,27,UI/UX Designer,42671069
Kiki Gunawan,20,HR Staff,16046691
Dewi Rahayu,46,QA Engineer,26365758
Eka Santoso,58,Office Administrator,43868651
Budi Nugroho,48,Sales Executive,23057365
Dewi Kusuma,21,QA Engineer,18502512
Andi Hidayat,48,HR Staff,29822273
Eka Nugroho,25,Data Analyst,20125726
Mega Firmansyah,24,Software Engineer,9851021
Putri Firmansyah,31,Office Administrator,25261458
Fitri Halim,42,UI/UX Designer,37865568
Yanto Hidayat,22,Data Analyst,27870202
Citra Nugroho,30,Product Manager,32880943
Umar Nugroho,27,Sales Executive,38165528
Dewi Kusuma,38,Marketing Specialist,12865452
Hadi Saputra,45,Office Administrator,9535372
Citra Firmansyah,47,Operations Manager,41505300
Rina Nugroho,37,Product Manager,36519391
Mega Rahayu,53,HR Staff,11098755
Citra Hidayat,53,Office Administrator,13402294
Siti Setiawan,23,HR Staff,28159848
Budi Saputra,51,Customer Support,18417847
Joko Santoso,54,Data Analyst,20847429
Vina Nugroho,40,Product Manager,5147479
Indra Gunawan,52,Software Engineer,10913301
Rina Pratama,49,QA Engineer,28394096
Kiki Rahayu,36,HR Staff,21909339
Siti Wijaya,19,Product Manager,17010087
Eka Suryani,52,Operations Manager,4429125
Qori Gunawan,50,Marketing Specialist,25925234
Oki Gunawan,40,Accountant,35777282
Kiki Pratama,60,Operations Manager,8555138
Umar Saputra,42,Accountant,15546096
Indra Santoso,49,Product Manager,12480694
Fitri Wijaya,27,Office Administrator,5145651
Umar Halim,29,Operations Manager,44850477
Umar Wijaya,55,Operations Manager,6475648
Lestari Suryani,35,Sales Executive,29974490
Budi Hidayat,55,Accountant,4519343
Joko Pratama,41,Data Analyst,41529094
Dewi Wibowo,25,Accountant,30299593
Eka Suryani,34,Customer Support,22400290
Dewi Santoso,26,Marketing Specialist,29421861
Tono Wibowo,45,Marketing Specialist,36028494
Vina Gunawan,39,Marketing Specialist,38121127
Fitri Rahayu,25,Office Administrator,23443080
Hadi Setiawan,30,Customer Support,5966169
Qori Wijaya,30,Product Manager,12791083
Putri Kusuma,59,Customer Support,14438022
Hadi Wibowo,40,Accountant,13395577
Tono Rahayu,57,Marketing Specialist,41845783
Nur Nugroho,46,Product Manager,23844242
Hadi Saputra,30,HR Staff,32724141
Qori Kusuma,48,Operations Manager,18720245
Umar Santoso,21,QA Engineer,17816384
Mega Kusuma,46,HR Staff,42985176
Indra Halim,36,Customer Support,17688285
Hadi Wibowo,28,Customer Support,26158141
Qori Firmansyah,45,Data Analyst,29813150
Andi Wijaya,30,QA Engineer,20401722
Indra Kusuma,44,Operations Manager,26814445
Siti Firmansyah,46,Data Analyst,42605232
Lestari Nugroho,49,Office Administrator,26568710
Rina Setiawan,33,QA Engineer,9256079
Nur Kusuma,34,Marketing Specialist,4471022
Hadi Rahayu,46,Customer Support,43066374
Siti Pratama,54,Operations Manager,32495216
Vina Kusuma,49,HR Staff,8957476
Citra Firmansyah,50,UI/UX Designer,13966848
Indra Saputra,59,Sales Executive,24110777
Budi Rahayu,51,Marketing Specialist,10656487
Zaki Santoso,59,Product Manager,38104689
Budi Wijaya,42,HR Staff,21166493
Hadi Saputra,35,HR Staff,4443158
Putri Setiawan,47,HR Staff,5560597
Zaki Saputra,46,Accountant,8100582
Rina Rahayu,49,Office Administrator,40209540
Oki Setiawan,45,Accountant,20907552
Gita Hidayat,50,Customer Support,9790928
Wati Gunawan,24,Office Administrator,15435614
Zaki Santoso,53,Customer Support,8173559
Tono Saputra,42,UI/UX Designer,19858602
Gita Kusuma,44,Data Analyst,38398188
Joko Wibowo,23,Data Analyst,18933215
Fitri Suryani,23,Operations Manager,17806036
Hadi Saputra,51,Sales Executive,40727069
Yanto Pratama,50,Office Administrator,6057317
Umar Wibowo,46,Sales Executive,21772450
Fitri Halim,38,HR Staff,12327853
Hadi Gunawan,25,Software Engineer,27231550
Citra Nugroho,48,Software Engineer,12601211
Eka Firmansyah,39,Operations Manager,41028761
Kiki Rahayu,22,Marketing Specialist,38949467
Lestari Rahayu,20,HR Staff,35976895
Hadi Santoso,34,Office Administrator,24175336
Wati Saputra,25,Accountant,19067337
Rina Wibowo,21,QA Engineer,6913680
Lestari Firmansyah,36,Operations Manager,25622536
Andi Saputra,21,Office Administrator,23891006
Andi Rahayu,35,Product Manager,11107287
Rina Wibowo,44,Data Analyst,15521114
Rina Kusuma,56,Office Administrator,12618542
Oki Firmansyah,33,Sales Executive,34327990
Vina Santoso,57,Marketing Specialist,43030219
Wati Pratama,56,QA Engineer,28141228
Rina Firmansyah,29,UI/UX Designer,5798427
Budi Gunawan,31,HR Staff,18126727
Wati Hidayat,44,Product Manager,16204391
Gita Gunawan,54,Office Administrator,42430836
Putri Suryani,23,UI/UX Designer,24505574
Citra Hidayat,30,Sales Executive,39538041
Wati Pratama,32,Product Manager,11530859
Tono Wijaya,60,Product Manager,32236964
Dewi Setiawan,56,Office Administrator,8322690
Yanto Halim,31,Sales Executive,22680189
Andi Wijaya,23,HR Staff,10056988
Andi Pratama,44,Sales Executive,32253758
Putri Kusuma,27,Data Analyst,9689401
Nur Halim,33,Data Analyst,44147675
Putri Wibowo,22,Office Administrator,13447736
Yanto Setiawan,56,Accountant,37985434
Zaki Pratama,18,QA Engineer,25337732
Wati Wibowo,46,HR Staff,24033421
Siti Saputra,25,Data Analyst,36313476
Nur Wibowo,46,HR Staff,29787870
Qori Halim,53,Customer Support,13025632
Hadi Halim,32,UI/UX Designer,44455130
Hadi Wijaya,23,Office Administrator,20238602
Zaki Wibowo,50,Office Administrator,18068262
Fitri Kusuma,30,Operations Manager,28045169
Budi Gunawan,48,Accountant,42922539
Umar Saputra,28,QA Engineer,7687672
Budi Wijaya,52,Sales Executive,14268572
Wati Firmansyah,28,Sales Executive,4135202
Tono Rahayu,58,Sales Executive,28725588
Vina Pratama,46,Software Engineer,29742351
Yanto Gunawan,35,Product Manager,23716018
Mega Pratama,59,Data Analyst,12496655
Umar Saputra,33,Data Analyst,41127024
Oki Pratama,56,Accountant,24458797
Dewi Wijaya,39,Customer Support,35802274
Vina Halim,25,Software Engineer,9333079
Lestari Saputra,34,Office Administrator,37983546
Lestari Setiawan,47,Software Engineer,40206126
Vina Hidayat,37,Product Manager,12661548
Oki Saputra,58,Customer Support,16554369
Joko Suryani,34,UI/UX Designer,31248372
Vina Rahayu,26,Product Manager,17259685
Lestari Halim,33,Product Manager,23418120
Wati Wijaya,19,Customer Support,21073389
Yanto Wibowo,49,Marketing Specialist,8736343
Hadi Rahayu,19,Operations Manager,9997340
Qori Rahayu,51,Software Engineer,38454146
Nur Suryani,50,Customer Support,13552455
Qori Suryani,40,Sales Executive,44355491
Joko Wibowo,39,Software Engineer,23172332
Qori Santoso,56,QA Engineer,36800559
Joko Hidayat,40,Accountant,36141729
Kiki Rahayu,39,Data Analyst,32618684
Oki Wijaya,60,Software Engineer,42289886
Andi Rahayu,43,Accountant,38597675
Putri Gunawan,35,Software Engineer,43706608
Andi Suryani,22,Operations Manager,27166534
Joko Setiawan,30,HR Staff,24025944
Nur Nugroho,49,Product Manager,22921238
Vina Rahayu,48,Product Manager,16002637
Hadi Halim,38,Customer Support,32390843
Joko Firmansyah,57,Software Engineer,25682621
Yanto Setiawan,27,Customer Support,18871607
Budi Gunawan,39,Customer Support,44525784
Qori Wibowo,39,Accountant,26175852
Gita Pratama,20,Data Analyst,41641100
Fitri Rahayu,30,Marketing Specialist,33131006
Kiki Suryani,27,UI/UX Designer,38106166
Nur Wijaya,27,Product Manager,31087108
Citra Suryani,33,Product Manager,37571027
Gita Wibowo,34,Product Manager,34277425
Hadi Wibowo,25,Marketing Specialist,26665540
Zaki Wijaya,31,Sales Executive,20170553
Citra Wijaya,44,Accountant,37906752
Rina Gunawan,48,Operations Manager,44534569
Putri Wibowo,20,Sales Executive,18561781
Wati Rahayu,40,HR Staff,38698801
Budi Pratama,59,Accountant,36988260
Dewi Rahayu,31,HR Staff,37180089
Tono Hidayat,30,Product Manager,32777680
Siti Setiawan,29,Operations Manager,32908629
Lestari Suryani,54,Customer Support,28959852
Fitri Pratama,42,HR Staff,42358421
Wati Pratama,32,Sales Executive,5225399
Wati Setiawan,20,Software Engineer,25462812
Zaki Firmansyah,59,UI/UX Designer,31823370
Budi Nugroho,40,Software Engineer,9773693
Citra Santoso,32,Office Administrator,14790599
Siti Setiawan,58,Sales Executive,25889252
Tono Setiawan,20,Software Engineer,42454807
Wati Hidayat,53,Sales Executive,17653574
Lestari Nugroho,29,UI/UX Designer,34031140
Budi Rahayu,18,Accountant,43118799
Eka Halim,21,Marketing Specialist,11731944
Eka Santoso,30,Customer Support,26955907
Vina Halim,25,UI/UX Designer,17078323
Eka Pratama,58,Customer Support,8198022
Dewi Nugroho,25,QA Engineer,33133839
Andi Gunawan,19,Customer Support,4942167
Zaki Setiawan,32,Data Analyst,26073182
Gita Saputra,18,Office Administrator,31946597
Andi Santoso,34,UI/UX Designer,15098268
Indra Suryani,50,QA Engineer,27116899
Mega Rahayu,60,Software Engineer,9271763
Dewi Firmansyah,53,Operations Manager,33632605
Qori Halim,24,Accountant,11579222
Gita Suryani,53,Marketing Specialist,28964874
Qori Nugroho,58,Marketing Specialist,40213732
Tono Suryani,29,Software Engineer,27079244
Citra Wijaya,26,Data Analyst,18147420
Oki Setiawan,57,HR Staff,28382295
Tono Wibowo,50,QA Engineer,25889383
Budi Suryani,21,Marketing Specialist,42360064
Hadi Santoso,56,Customer Support,19859703
Kiki Rahayu,27,QA Engineer,27043503
Siti Halim,39,Product Manager,27710711
Vina Setiawan,31,Operations Manager,12003812
Andi Wibowo,56,Marketing Specialist,8123947
Eka Saputra,44,Software Engineer,32177765
Zaki Santoso,35,Customer Support,19454075
Rina Halim,56,Data Analyst,21278468
Qori Nugroho,20,Product Manager,43333584
Oki Halim,18,Customer Support,26658807
Yanto Gunawan,26,Customer Support,21676252
Kiki Kusuma,38,Data Analyst,14766825
Siti Halim,28,Operations Manager,39316245
Eka Santoso,58,Office Administrator,25182916
Fitri Setiawan,22,HR Staff,30747538
Umar Hidayat,57,Customer Support,11402798
Kiki Setiawan,57,Software Engineer,5608131
Umar Wibowo,49,Office Administrator,19581580
Vina Halim,23,UI/UX Designer,4887051
Putri Santoso,24,Software Engineer,31205661
Mega Santoso,47,Accountant,39403379
Qori Firmansyah,28,UI/UX Designer,38915756
Yanto Wibowo,60,Office Administrator,31866224
Umar Saputra,35,Customer Support,33553658
Wati Halim,60,Data Analyst,25301069
Joko Setiawan,39,Office Administrator,17568895
Gita Nugroho,38,Marketing Specialist,22816866
Indra Kusuma,39,Sales Executive,38025872
Kiki Nugroho,60,Office Administrator,30836186
Yanto Pratama,53,Data Analyst,23320916
Umar Halim,38,Software Engineer,31618038
Nur Suryani,31,Customer Support,39966654
Hadi Santoso,56,Product Manager,31399668
Zaki Wijaya,42,HR Staff,41358920
Joko Hidayat,18,UI/UX Designer,12499116
Dewi Halim,40,HR Staff,13772921
Putri Gunawan,39,Customer Support,33455511
Siti Suryani,28,QA Engineer,44554964
Qori Setiawan,55,Software Engineer,40622435
Citra Pratama,42,Product Manager,42915458
Yanto Setiawan,51,Software Engineer,24585779
Andi Wibowo,20,HR Staff,10216104
Joko Suryani,46,Accountant,11190837
Indra Wijaya,56,HR Staff,6649586
Fitri Pratama,54,Data Analyst,20195484
Dewi Gunawan,56,Customer Support,24003003
Andi Wibowo,20,Accountant,24381316
Indra Firmansyah,41,UI/UX Designer,7404236
Mega Halim,40,HR Staff,32978526
Rina Saputra,40,Data Analyst,6640990
Siti Wijaya,43,UI/UX Designer,20816020
Citra Wijaya,22,QA Engineer,36808050
Tono Kusuma,23,Sales Executive,21454715
Tono Pratama,56,Marketing Specialist,9494729
Nur Hidayat,53,Office Administrator,21235243
Citra Wibowo,25,UI/UX Designer,38291302
Indra Halim,26,Office Administrator,10436668
Zaki Wibowo,30,UI/UX Designer,6972688
Yanto Suryani,23,Customer Support,35135905
Dewi Santoso,40,QA Engineer,34865816
Andi Wijaya,45,Office Administrator,15982722
Gita Wijaya,28,Office Administrator,41335573
Joko Rahayu,23,Product Manager,19407113
Oki Halim,29,Office Administrator,43709279
Joko Halim,28,UI/UX Designer,7834125
Citra Pratama,39,Software Engineer,42315333
Mega Suryani,35,UI/UX Designer,15207750
Putri Gunawan,27,UI/UX Designer,21114733
Fitri Wibowo,28,Sales Executive,18549665
Oki Halim,52,UI/UX Designer,33820272
Putri Kusuma,21,Office Administrator,19731211
Nur Hidayat,48,Product Manager,35672196
Yanto Pratama,41,UI/UX Designer,35650838
Zaki Rahayu,51,Office Administrator,12339851
Citra Nugroho,56,Office Administrator,15597721
Putri Wijaya,59,UI/UX Designer,37043453
Budi Rahayu,41,UI/UX Designer,6626553
Rina Saputra,40,Software Engineer,31515493
Eka Halim,48,Marketing Specialist,23829642
Yanto Wibowo,48,QA Engineer,13575260
Joko Saputra,43,HR Staff,10939840
Putri Saputra,23,Operations Manager,38962236
Citra Pratama,57,Data Analyst,21064436
Budi Suryani,19,UI/UX Designer,43634103
Siti Saputra,41,Operations Manager,28293666
Vina Wijaya,49,Customer Support,16641914
Indra Saputra,46,Accountant,41315248
Kiki Firmansyah,52,Software Engineer,28393791
Eka Pratama,34,Operations Manager,21301146
Gita Halim,39,HR Staff,26573638
Joko Pratama,49,Marketing Specialist,19715526
Nur Saputra,53,Data Analyst,8434005
Eka Kusuma,30,Office Administrator,19022638
Vina Setiawan,25,Sales Executive,10739433
Eka Wibowo,28,QA Engineer,20131146
Eka Kusuma,43,Customer Support,42810720
Putri Kusuma,59,UI/UX Designer,27776867
Vina Saputra,21,Office Administrator,18273056
Tono Setiawan,19,QA Engineer,17773154
Nur Wibowo,28,Operations Manager,39300798
Gita Setiawan,29,QA Engineer,28250352
Yanto Saputra,60,Sales Executive,17098173
Rina Saputra,53,Office Administrator,32664131
Joko Santoso,30,Software Engineer,14213012
Mega Setiawan,49,Operations Manager,4150377
Fitri Kusuma,19,Office Administrator,18052757
Mega Halim,50,Customer Support,16614559
Mega Setiawan,44,Product Manager,38103024
Eka Suryani,53,Customer Support,31508271
Qori Hidayat,22,Product Manager,44095064
Kiki Wijaya,51,Accountant,44080624
Tono Setiawan,38,Customer Support,26634031
Indra Firmansyah,57,Sales Executive,19014110
Yanto Hidayat,33,Product Manager,22476095
Tono Firmansyah,52,UI/UX Designer,8834610
Qori Wijaya,18,Office Administrator,8220947
Oki Rahayu,39,Software Engineer,22794684
Indra Rahayu,54,Office Administrator,43511231
Wati Setiawan,20,Operations Manager,38448560
Nur Wibowo,45,Accountant,5678502
Rina Wijaya,38,Accountant,21558108
Andi Santoso,33,QA Engineer,42240918
Citra Wijaya,49,Sales Executive,40374164
Umar Pratama,40,HR Staff,19387022
Oki Firmansyah,34,UI/UX Designer,11111217
Zaki Wijaya,43,UI/UX Designer,13400159
Eka Saputra,57,Accountant,31232497
Joko Wibowo,35,Customer Support,9022032
Indra Halim,52,Accountant,27684318
Joko Halim,23,Accountant,24592228
Gita Saputra,18,Data Analyst,5559542
Gita Santoso,56,Marketing Specialist,24851100
Tono Suryani,60,Sales Executive,18832570
Mega Nugroho,23,Product Manager,20846706
Nur Saputra,26,QA Engineer,7847921
Fitri Gunawan,51,HR Staff,38481982
Andi Hidayat,18,Data Analyst,37899070
Putri Wijaya,30,Operations Manager,34168320
Zaki Wijaya,40,Accountant,44857416
Zaki Kusuma,46,Software Engineer,44830921
Indra Rahayu,53,HR Staff,40783406
Joko Suryani,23,QA Engineer,29863080
Zaki Wibowo,59,Sales Executive,43999119
Citra Gunawan,27,Product Manager,13684209
Dewi Santoso,20,Customer Support,35967805
Rina Setiawan,55,Office Administrator,40395262
Qori Halim,26,Product Manager,12352294
Lestari Wibowo,41,Software Engineer,37205811
Vina Pratama,23,Customer Support,16336101
Kiki Nugroho,40,Sales Executive,41682312
Citra Santoso,19,Accountant,10600015
Hadi Setiawan,22,Office Administrator,25549213
Hadi Wijaya,25,Operations Manager,23202072
Budi Wijaya,25,Data Analyst,31403865
Mega Suryani,39,Customer Support,21477915
Kiki Pratama,31,Office Administrator,43732372
Oki Pratama,29,Data Analyst,35611006
Tono Pratama,47,Customer Support,19233809
Dewi Wijaya,20,Office Administrator,11374809
Zaki Rahayu,58,UI/UX Designer,28120244
Gita Wijaya,19,UI/UX Designer,8275885
Yanto Gunawan,37,Sales Executive,24962412
Indra Setiawan,40,Operations Manager,13218507
Wati Halim,28,HR Staff,25092984
Yanto Suryani,24,HR Staff,44608185
Eka Gunawan,60,Accountant,13783766
Qori Wibowo,59,Data Analyst,8662153
Indra Saputra,27,Software Engineer,23979894
Nur Setiawan,40,QA Engineer,23561371
Gita Saputra,44,HR Staff,14066601
Mega Rahayu,24,Data Analyst,30678445
Indra Pratama,40,Sales Executive,8046002
Joko Pratama,42,Operations Manager,8467803
Andi Setiawan,39,HR Staff,43279483
Kiki Wijaya,20,Office Administrator,24914849
Gita Hidayat,32,QA Engineer,15761365
Dewi Pratama,47,UI/UX Designer,8289914
Nur Wibowo,43,Operations Manager,36864779
Qori Rahayu,20,Office Administrator,13196881
Citra Halim,40,Customer Support,4004185
Fitri Rahayu,55,Sales Executive,22381532
Lestari Hidayat,41,Product Manager,5148579
Lestari Pratama,25,HR Staff,9603817
Qori Santoso,28,HR Staff,24711957
Dewi Hidayat,25,Sales Executive,42039684
Indra Kusuma,26,Product Manager,28439521
Zaki Firmansyah,39,Customer Support,32093566
Fitri Halim,35,Sales Executive,6709328
Kiki Rahayu,47,QA Engineer,44275621
Wati Firmansyah,29,Software Engineer,33558427
Lestari Firmansyah,34,Marketing Specialist,22256695
Nur Suryani,27,Customer Support,7818808
Lestari Gunawan,41,Data Analyst,17695433
Gita Kusuma,34,Data Analyst,32847477
Dewi Santoso,18,QA Engineer,9270031
Hadi Halim,42,Accountant,25589121
Eka Saputra,48,QA Engineer,19678413
Joko Firmansyah,46,QA Engineer,36623815
Nur Gunawan,18,Office Administrator,22005383
Oki Gunawan,52,Sales Executive,35900920
Yanto Hidayat,50,Software Engineer,42742164
Putri Wibowo,36,Data Analyst,19943902
Dewi Wijaya,23,Software Engineer,9719418
Fitri Rahayu,25,Software Engineer,4200919
Siti Gunawan,25,Customer Support,18043563
Gita Wijaya,25,Software Engineer,22649006
Siti Suryani,26,Sales Executive,19228847
Siti Hidayat,34,Marketing Specialist,27064976
Citra Nugroho,55,Office Administrator,43386203
Citra Kusuma,49,Sales Executive,20687324
Siti Setiawan,21,Operations Manager,32156984
Andi Firmansyah,60,Data Analyst,12899851
Zaki Setiawan,50,Sales Executive,6072337
Hadi Nugroho,54,Sales Executive,42001222
Eka Nugroho,34,Accountant,16202585
Indra Rahayu,39,Accountant,16346848
Indra Firmansyah,26,Data Analyst,14799637
Eka Wijaya,36,Accountant,17829500
Yanto Suryani,28,Sales Executive,35155047
Eka Santoso,42,Accountant,5391596
Budi Wijaya,18,Product Manager,27054082
Eka Wibowo,34,UI/UX Designer,14533674
Joko Gunawan,39,Product Manager,30108514
Citra Hidayat,44,Product Manager,25855879
Rina Firmansyah,53,Customer Support,29040751
Indra Kusuma,26,Data Analyst,21768550
Andi Halim,18,Accountant,38232727
Yanto Nugroho,20,Marketing Specialist,36071268
Andi Halim,46,HR Staff,11120729
Dewi Saputra,57,Data Analyst,22386288
Eka Kusuma,27,Customer Support,20501986
Rina Santoso,38,Marketing Specialist,29081103
Dewi Saputra,45,UI/UX Designer,34778625
Putri Saputra,43,Customer Support,35096963
Eka Wibowo,40,Accountant,32771691
Putri Wijaya,36,Marketing Specialist,8453490
Andi Firmansyah,52,Operations Manager,30204915
Umar Rahayu,54,Product Manager,28578361
Oki Kusuma,43,Customer Support,43435855
Qori Suryani,49,Product Manager,35719151
Eka Wibowo,29,Office Administrator,18463465
Oki Halim,39,Office Administrator,12222503
Joko Saputra,33,Office Administrator,26389507
Gita Santoso,19,Sales Executive,12063533
Kiki Wijaya,43,HR Staff,31279534
Fitri Wibowo,27,Operations Manager,21373169
Citra Wibowo,56,Sales Executive,28597416
Dewi Suryani,37,Marketing Specialist,11324495
Dewi Gunawan,30,UI/UX Designer,8083020
Budi Pratama,49,Sales Executive,43788028
Fitri Hidayat,32,Software Engineer,44964090
Qori Suryani,47,Data Analyst,44245616
Budi Kusuma,32,Marketing Specialist,21908117
Zaki Wijaya,43,Sales Executive,34066341
Lestari Suryani,35,Data Analyst,17498568
Citra Santoso,30,Software Engineer,16608302
Wati Pratama,29,Accountant,15446696
Gita Wijaya,35,Software Engineer,5755376
Eka Wibowo,27,Operations Manager,38302959
Dewi Suryani,56,HR Staff,44758159
Vina Nugroho,43,Product Manager,8001612
Yanto Santoso,19,Data Analyst,34712817
Siti Suryani,19,Marketing Specialist,20882604
Vina Saputra,29,Sales Executive,28534686
Hadi Firmansyah,49,Marketing Specialist,37685418
Tono Santoso,26,Customer Support,19632950
Dewi Rahayu,55,Software Engineer,30827279
Indra Wibowo,29,Data Analyst,27146504
Tono Saputra,51,Operations Manager,30732333
Budi Nugroho,49,Software Engineer,9584122
Eka Wibowo,26,Operations Manager,33902427
Rina Wibowo,41,Customer Support,24766572
Gita Saputra,34,Data Analyst,28368098
Citra Nugroho,41,QA Engineer,27845582
Oki Gunawan,57,Sales Executive,34146804
Joko Wibowo,33,UI/UX Designer,37230547
Putri Firmansyah,25,Software Engineer,25546889
Dewi Kusuma,28,Office Administrator,22575730
Indra Halim,31,Sales Executive,37167193
Zaki Suryani,36,Product Manager,34840541
Putri Gunawan,27,QA Engineer,42139952
Nur Kusuma,43,Sales Executive,5024730
Dewi Pratama,27,QA Engineer,31203460
Wati Kusuma,18,UI/UX Designer,36472052
Citra Kusuma,42,Accountant,27066896
Qori Halim,48,Office Administrator,44948407
Wati Wijaya,34,Data Analyst,13447751
Rina Setiawan,38,Accountant,26512978
Andi Saputra,33,Customer Support,35084816
Budi Hidayat,19,Product Manager,11955032
Qori Pratama,54,Marketing Specialist,16417466
Budi Hidayat,33,Software Engineer,20404492
Dewi Santoso,58,Sales Executive,24168913
Tono Rahayu,19,Customer Support,43763697
Siti Rahayu,51,Sales Executive,43580795
Eka Hidayat,19,Sales Executive,43295519
Eka Gunawan,33,Office Administrator,42494270
Budi Kusuma,40,QA Engineer,14865109
Yanto Kusuma,20,HR Staff,37139792
Budi Wibowo,48,HR Staff,7931430
Qori Gunawan,23,Data Analyst,41277841
Citra Wibowo,32,Accountant,38063066
Wati Suryani,37,Software Engineer,34905209
Fitri Firmansyah,53,HR Staff,8041076
Citra Hidayat,42,Product Manager,41183505
Citra Firmansyah,49,Data Analyst,26132616
Lestari Suryani,34,HR Staff,22826649
Yanto Santoso,25,Office Administrator,16495104
Kiki Kusuma,28,Software Engineer,34865276
Umar Setiawan,40,Sales Executive,40148910
Wati Gunawan,48,Accountant,19879513
Mega Pratama,35,Data Analyst,23139701
Indra Gunawan,55,QA Engineer,25978532
Eka Rahayu,35,Accountant,12103731
Joko Firmansyah,22,Sales Executive,9489571
Wati Saputra,39,Sales Executive,42191436
Mega Kusuma,27,Customer Support,15824332
Siti Saputra,38,Sales Executive,20155632
Indra Halim,30,Accountant,42988678
Gita Hidayat,51,Software Engineer,24083557
Hadi Nugroho,21,QA Engineer,28009875
Rina Nugroho,39,Operations Manager,19862077
Lestari Firmansyah,25,Operations Manager,33087619
Indra Hidayat,22,Sales Executive,30041035
Budi Hidayat,39,Product Manager,18820684
Mega Santoso,39,Operations Manager,4650475
Kiki Halim,27,Data Analyst,41642483
Gita Halim,24,Software Engineer,16870840
Hadi Setiawan,57,Operations Manager,18802691
Hadi Kusuma,58,HR Staff,23368308
Mega Wibowo,24,Software Engineer,32892634
Lestari Santoso,30,Product Manager,11158167
Siti Santoso,38,Data Analyst,15655843
Yanto Santoso,52,UI/UX Designer,13919497
Putri Suryani,25,Office Administrator,43217800
Lestari Wijaya,29,Product Manager,10711731
Qori Rahayu,49,Customer Support,4051214
Mega Firmansyah,25,Sales Executive,30607995
Wati Kusuma,38,UI/UX Designer,8178332
Tono Pratama,42,Accountant,41931652
Putri Kusuma,38,Data Analyst,12757977
Zaki Gunawan,24,Customer Support,5428903
Hadi Rahayu,37,UI/UX Designer,29453701
Kiki Rahayu,27,Software Engineer,26416776
Hadi Santoso,40,Data Analyst,15162757
Siti Gunawan,43,Software Engineer,38757979
Dewi Santoso,39,HR Staff,27728447
Umar Pratama,54,Operations Manager,32413495
Hadi Kusuma,36,Customer Support,38852046
Tono Firmansyah,44,Product Manager,6668920
Eka Pratama,40,Office Administrator,34423464
Putri Hidayat,46,HR Staff,6634570
Vina Suryani,22,HR Staff,30086772
Qori Santoso,22,Sales Executive,8520725
Lestari Setiawan,35,HR Staff,9072518
Nur Halim,48,HR Staff,31205293
Umar Santoso,35,QA Engineer,23501938
Yanto Pratama,27,UI/UX Designer,36026583
Lestari Saputra,29,Accountant,28682071
Qori Suryani,50,UI/UX Designer,23800838
Qori Nugroho,57,Operations Manager,42588931
Hadi Wijaya,22,Office Administrator,6818979
Gita Setiawan,49,Sales Executive,37151694
Joko Firmansyah,26,Product Manager,40317135
Eka Setiawan,20,Accountant,24631964
Fitri Kusuma,39,Product Manager,5111594
Putri Rahayu,56,Customer Support,24262353
Eka Suryani,49,Sales Executive,34687563
Qori Wijaya,49,Accountant,23215825
Lestari Suryani,47,Customer Support,29999982
Yanto Hidayat,52,HR Staff,32838224
Joko Setiawan,28,HR Staff,9199111
Dewi Pratama,37,Data Analyst,29308790
Hadi Setiawan,49,Accountant,8977502
Umar Rahayu,41,Software Engineer,36875269
Indra Gunawan,29,Customer Support,13100469
Vina Wijaya,40,QA Engineer,16108460
Indra Suryani,34,Office Administrator,9811934
Joko Firmansyah,37,UI/UX Designer,5558725
Wati Firmansyah,47,Sales Executive,5510975
Citra Halim,57,Product Manager,39200930
Mega Rahayu,30,Customer Support,26306998
Putri Halim,34,HR Staff,23829503
Citra Nugroho,28,Office Administrator,37096500
Lestari Hidayat,47,QA Engineer,39148089
Wati Suryani,24,UI/UX Designer,44338545
Umar Suryani,57,QA Engineer,38976632
Gita Suryani,57,Software Engineer,44379478
Wati Wijaya,19,Operations Manager,32437883
Vina Suryani,35,Customer Support,44571307
Nur Rahayu,21,Operations Manager,16875338
Siti Suryani,25,Sales Executive,24071056
Kiki Pratama,43,Operations Manager,8395720
Rina Gunawan,43,Office Administrator,8655989
Dewi Setiawan,57,Software Engineer,8531603
Budi Kusuma,38,Operations Manager,17332210
Rina Nugroho,56,Sales Executive,30718602
Vina Setiawan,21,Product Manager,41209202
Lestari Gunawan,28,QA Engineer,32211738
Budi Suryani,24,Data Analyst,27766626
Fitri Setiawan,40,Marketing Specialist,41029658
Putri Kusuma,53,Marketing Specialist,39936063
Citra Suryani,36,Marketing Specialist,35083645
Gita Kusuma,37,Data Analyst,29899117
Rina Gunawan,22,Marketing Specialist,26006293
Gita Saputra,24,Accountant,36174294
Joko Suryani,18,Office Administrator,43608161
Eka Nugroho,47,HR Staff,43363988
Dewi Wibowo,24,Customer Support,4013352
Budi Gunawan,47,Accountant,14968434
Nur Pratama,36,QA Engineer,17927155
Budi Wibowo,58,Operations Manager,4017366
Indra Nugroho,60,Data Analyst,27250422
Hadi Kusuma,41,QA Engineer,13285729
Yanto Setiawan,30,Customer Support,13150053
Umar Wibowo,52,Operations Manager,20566510
Mega Wijaya,38,QA Engineer,18909959
Indra Setiawan,36,HR Staff,38461387
Andi Wibowo,44,Marketing Specialist,33256513
Tono Halim,27,Data Analyst,22899165
Kiki Saputra,52,Operations Manager,23926252
Tono Gunawan,58,Product Manager,23515932
Andi Gunawan,49,HR Staff,14181582
Vina Gunawan,56,Accountant,27843634
Eka Pratama,22,Software Engineer,23886073
Hadi Wijaya,59,UI/UX Designer,19338027
Siti Kusuma,60,Sales Executive,7408156
Lestari Halim,50,Software Engineer,34729631
Fitri Firmansyah,26,Office Administrator,37917091
Citra Gunawan,45,Accountant,29690134
Zaki Suryani,45,Marketing Specialist,23366823
Yanto Setiawan,46,HR Staff,36220298
Hadi Santoso,57,Customer Support,40297941
Mega Nugroho,44,Sales Executive,22669020
Wati Suryani,32,Software Engineer,43552395
Gita Nugroho,52,Operations Manager,28299281
Yanto Suryani,51,QA Engineer,13399993
Dewi Saputra,39,Sales Executive,27128403
Hadi Suryani,33,Software Engineer,22112432
Eka Kusuma,25,Data Analyst,22910812
Oki Kusuma,26,Operations Manager,19672251
Mega Gunawan,38,Software Engineer,5458896
Putri Firmansyah,34,Accountant,6390086
Andi Saputra,36,Sales Executive,28406031
Dewi Nugroho,27,Operations Manager,11727905
Dewi Halim,55,Software Engineer,12205802
Joko Suryani,25,Software Engineer,23314401
Nur Kusuma,32,Software Engineer,15220889
Siti Kusuma,44,Product Manager,9508600
Budi Kusuma,45,Accountant,9703327
Zaki Saputra,29,HR Staff,37155788
Kiki Gunawan,34,Operations Manager,25982634
Rina Halim,24,Accountant,33528588
Zaki Setiawan,40,Office Administrator,31398975
Mega Pratama,25,HR Staff,8681212
Hadi Rahayu,50,HR Staff,32350341
Dewi Nugroho,31,Marketing Specialist,21640889
Siti Hidayat,58,Product Manager,35051550
Rina Kusuma,23,Sales Executive,18554395
Andi Setiawan,41,Marketing Specialist,4886831
Oki Setiawan,60,Customer Support,16054766
Gita Wibowo,45,Software Engineer,11943236
Andi Nugroho,36,Accountant,42170222
Umar Rahayu,57,Accountant,39819661
Zaki Pratama,50,QA Engineer,35447608
Oki Kusuma,41,Customer Support,19338363
Qori Firmansyah,48,UI/UX Designer,24605444
Tono Saputra,43,Customer Support,33402846
Zaki Santoso,27,QA Engineer,20434670
Dewi Kusuma,56,Office Administrator,20140968
Budi Suryani,57,HR Staff,15592826
Yanto Saputra,48,HR Staff,31657022
Indra Wibowo,57,Accountant,4804758
Nur Hidayat,47,Product Manager,23916407
Vina Santoso,43,QA Engineer,11658150
Wati Firmansyah,39,Marketing Specialist,8576623
Tono Wijaya,59,Marketing Specialist,20232237
Dewi Saputra,49,Software Engineer,5378521
Budi Firmansyah,37,Customer Support,16950163
Lestari Wibowo,48,Data Analyst,34532491
Kiki Saputra,58,Customer Support,35004266
Umar Hidayat,45,Operations Manager,7298620
Umar Firmansyah,20,Software Engineer,42724142
Andi Saputra,22,Marketing Specialist,13174387
Andi Nugroho,41,Operations Manager,31249238
Qori Suryani,43,Sales Executive,21030720
Rina Gunawan,46,UI/UX Designer,14517419
Fitri Wijaya,53,Operations Manager,41106426
Gita Kusuma,46,Product Manager,26721499
Rina Suryani,46,Sales Executive,9740013
Gita Halim,53,Operations Manager,41348850
Joko Santoso,46,UI/UX Designer,36246600
Budi Firmansyah,53,Data Analyst,19469840
Budi Kusuma,42,Office Administrator,20869653
Kiki Rahayu,32,Operations Manager,31708005
Andi Kusuma,56,Sales Executive,12558284
Oki Setiawan,42,Customer Support,14542825
Kiki Nugroho,23,UI/UX Designer,9283436
Umar Saputra,57,Sales Executive,19117458
Fitri Halim,32,Customer Support,14609524
Tono Rahayu,56,Software Engineer,4041768
Vina Nugroho,52,Accountant,42359511
Fitri Halim,46,Sales Executive,36654120
Wati Rahayu,31,HR Staff,38735489
Mega Wijaya,27,Software Engineer,36781308
Umar Rahayu,38,QA Engineer,34521449
Hadi Wijaya,34,Sales Executive,31946296
Tono Hidayat,48,Customer Support,34472497
Dewi Saputra,35,Data Analyst,43420159
Fitri Gunawan,40,Sales Executive,39298570
Nur Santoso,24,Office Administrator,18486334
Eka Kusuma,30,Office Administrator,22656573
Eka Santoso,36,Marketing Specialist,31847914
Indra Saputra,18,Operations Manager,31608749
Umar Rahayu,33,Office Administrator,16832914
Lestari Saputra,29,Data Analyst,10076738
Rina Hidayat,44,Sales Executive,17420386
Andi Santoso,40,QA Engineer,13146531
Mega Gunawan,40,Office Administrator,44272664
Siti Santoso,34,Operations Manager,19132424
Gita Wibowo,35,Marketing Specialist,12338336
Zaki Saputra,18,Accountant,29598523
Dewi Santoso,30,Accountant,27566466
Vina Wijaya,29,Operations Manager,25761006
Rina Wijaya,18,Accountant,4797728
Citra Wijaya,45,UI/UX Designer,30124516
Andi Firmansyah,36,Operations Manager,5452445
Qori Hidayat,49,Office Administrator,42457789
Citra Wijaya,57,Office Administrator,39896177
Rina Saputra,29,QA Engineer,24408160
Oki Rahayu,30,Software Engineer,6570307
Dewi Wibowo,22,Operations Manager,9905189
Fitri Kusuma,45,Accountant,29763301
Gita Halim,37,Operations Manager,43659901
Gita Gunawan,32,Product Manager,18600866
Eka Suryani,34,Software Engineer,41480559
Umar Kusuma,26,Product Manager,26487978
Siti Wibowo,22,Product Manager,41221284
Gita Wibowo,39,HR Staff,39118601
Rina Santoso,50,Operations Manager,39090314
Qori Kusuma,40,QA Engineer,32442107
Dewi Rahayu,55,HR Staff,7618255
Siti Santoso,24,Product Manager,15873450
Hadi Santoso,45,HR Staff,38524363
Budi Kusuma,53,HR Staff,24333117
Zaki Pratama,30,UI/UX Designer,36748583
Joko Pratama,45,Sales Executive,27426930
Umar Kusuma,21,HR Staff,38083834
Dewi Setiawan,31,Accountant,22959155
Citra Halim,35,Marketing Specialist,27309824
Nur Hidayat,18,Office Administrator,11507938
Andi Saputra,30,QA Engineer,20133556
Tono Wibowo,59,Accountant,4779401
Mega Pratama,56,Product Manager,29997885
Siti Firmansyah,60,Data Analyst,43843035
Yanto Wijaya,44,Product Manager,44584260
Oki Hidayat,25,Office Administrator,34538496
Joko Santoso,52,Marketing Specialist,28971234
Nur Halim,21,Sales Executive,18571457
Mega Rahayu,32,Sales Executive,37017915
Rina Nugroho,53,QA Engineer,16899426
Wati Halim,25,Sales Executive,34003047
Hadi Santoso,56,Customer Support,16597756
Rina Nugroho,52,Software Engineer,34384079
Putri Wijaya,33,Marketing Specialist,15471789
Gita Kusuma,48,UI/UX Designer,16600844
Vina Wijaya,40,QA Engineer,16910542
Fitri Wijaya,56,HR Staff,21689889
Vina Suryani,28,Accountant,23778551
Siti Wijaya,52,Sales Executive,30311408
Oki Santoso,57,Software Engineer,11728687
Siti Santoso,36,Operations Manager,34302875
Qori Halim,53,HR Staff,28286186
Oki Halim,40,Sales Executive,31961124
Oki Saputra,41,QA Engineer,20948235
Umar Suryani,32,HR Staff,13061459
Joko Saputra,22,Marketing Specialist,19547634
Qori Rahayu,42,Software Engineer,41115969
Nur Setiawan,56,UI/UX Designer,24559631
Indra Hidayat,28,Product Manager,5038984
Umar Rahayu,30,Product Manager,30482223
Rina Firmansyah,42,Data Analyst,37666649
Rina Gunawan,59,HR Staff,4131758
Eka Rahayu,50,Sales Executive,37652434
Budi Wijaya,46,Marketing Specialist,13622512
Andi Suryani,25,UI/UX Designer,5527304
Andi Wibowo,34,Operations Manager,24584625
Rina Suryani,43,Accountant,9119813
Umar Suryani,55,Sales Executive,29681897
Fitri Saputra,25,Customer Support,28341724
Citra Wibowo,29,Customer Support,9494191
Vina Wijaya,53,QA Engineer,20370557
Nur Gunawan,60,Product Manager,15225540
Gita Gunawan,42,Office Administrator,8809185
Yanto Wibowo,33,HR Staff,10550601
Hadi Suryani,50,Product Manager,10181465
Indra Firmansyah,33,Operations Manager,19549892
Oki Setiawan,35,Operations Manager,16090960
Rina Firmansyah,45,Customer Support,23042680
Putri Wijaya,30,Product Manager,6962124
Zaki Nugroho,53,Office Administrator,36985461
Yanto Gunawan,54,Accountant,8834900
Vina Hidayat,31,Sales Executive,15534008
Nur Suryani,46,HR Staff,43456426
Indra Wibowo,48,Marketing Specialist,13923353
Citra Nugroho,34,HR Staff,32500027
Joko Santoso,18,Product Manager,33574824
Nur Firmansyah,53,HR Staff,27133597
Eka Setiawan,25,Data Analyst,14440713
Siti Wijaya,39,Sales Executive,16216927
Dewi Firmansyah,30,Customer Support,32338180
Zaki Wibowo,40,Office Administrator,20672077
Mega Nugroho,42,UI/UX Designer,9951788
Putri Pratama,56,UI/UX Designer,39023930
Siti Halim,49,Sales Executive,12409712
Nur Suryani,20,Product Manager,13609679
Oki Suryani,39,Office Administrator,11544387
Citra Kusuma,18,HR Staff,19214640
Wati Suryani,42,Data Analyst,42348365
Indra Pratama,56,Product Manager,32069633
Indra Hidayat,55,Marketing Specialist,5523564
Rina Pratama,20,Product Manager,12037392
Citra Setiawan,29,Sales Executive,22093264
Joko Saputra,56,Operations Manager,32923187
Rina Hidayat,37,HR Staff,28545362
Wati Pratama,46,Operations Manager,43030364
Fitri Firmansyah,20,UI/UX Designer,34856956
Budi Kusuma,24,QA Engineer,23635274
Citra Santoso,21,HR Staff,41400838
Vina Pratama,49,QA Engineer,4345621
Citra Pratama,20,UI/UX Designer,21318935
Joko Firmansyah,38,Sales Executive,13071433
Andi Santoso,53,Operations Manager,12228273
Tono Wibowo,31,Data Analyst,21456404
Zaki Suryani,40,Accountant,16464795
Joko Suryani,25,Software Engineer,7828286
Dewi Rahayu,51,QA Engineer,26723306
Joko Saputra,38,QA Engineer,16147088
Mega Wibowo,20,Office Administrator,27372647
Mega Pratama,34,Sales Executive,26220755
Umar Wibowo,34,Office Administrator,9181940
Citra Santoso,30,Data Analyst,15603775
Lestari Saputra,20,Operations Manager,27721831
Oki Nugroho,24,Operations Manager,11867367
Mega Santoso,19,HR Staff,42885114
Zaki Suryani,41,Software Engineer,39624782
Siti Santoso,23,Data Analyst,38434251
Oki Suryani,35,Marketing Specialist,43152270
Wati Pratama,45,Customer Support,4657894
Eka Saputra,29,Sales Executive,11847779
Rina Firmansyah,39,Data Analyst,41625346
Wati Santoso,52,HR Staff,30940821
Yanto Setiawan,58,Product Manager,16610783
Mega Nugroho,30,Marketing Specialist,36837554
Vina Santoso,60,Customer Support,43455397
Zaki Gunawan,55,Sales Executive,6125254
Umar Setiawan,52,Office Administrator,20550224
Lestari Rahayu,24,Data Analyst,43706176
Fitri Nugroho,34,Data Analyst,27856411
Siti Suryani,35,QA Engineer,29940466
Mega Pratama,20,Software Engineer,24950457
Oki Rahayu,47,HR Staff,36419253
Wati Kusuma,55,Software Engineer,10448239
Citra Wibowo,44,HR Staff,6474844
Putri Suryani,22,Product Manager,10934412
Hadi Setiawan,49,Marketing Specialist,18909778
Nur Nugroho,47,Software Engineer,37707321
Kiki Pratama,41,Operations Manager,43678084
Putri Firmansyah,35,Data Analyst,41875839
Indra Nugroho,26,Data Analyst,11500655
Zaki Pratama,42,Operations Manager,14063658
Rina Santoso,19,Marketing Specialist,35933272
Qori Firmansyah,19,Product Manager,29907824
Kiki Santoso,39,QA Engineer,40901485
Zaki Setiawan,59,Operations Manager,29824323
Zaki Pratama,56,Sales Executive,27761625
Siti Hidayat,20,Office Administrator,17108050
Zaki Rahayu,21,Data Analyst,12672996
Rina Rahayu,24,QA Engineer,25796627
Siti Firmansyah,39,Customer Support,16391063
Fitri Suryani,51,UI/UX Designer,14476873
Rina Hidayat,53,Data Analyst,20134732
Citra Kusuma,32,Data Analyst,29985197
Fitri Saputra,31,Customer Support,24606628
Hadi Santoso,26,UI/UX Designer,11275980
Mega Wibowo,33,Operations Manager,39045971
Yanto Firmansyah,20,HR Staff,36866631
Andi Rahayu,38,HR Staff,28162830
Wati Nugroho,39,Sales Executive,44971487
Joko Gunawan,53,Office Administrator,16894908
Kiki Hidayat,31,Software Engineer,35443228
Rina Santoso,18,Data Analyst,31008260
Hadi Pratama,20,Accountant,35367505
Umar Wibowo,37,Marketing Specialist,32696838
Zaki Firmansyah,58,Office Administrator,17543980
Mega Wibowo,31,Accountant,34306416
Zaki Saputra,55,Customer Support,42203287
Tono Firmansyah,58,Sales Executive,37664970
Andi Wibowo,50,QA Engineer,32344717
Siti Wibowo,35,HR Staff,29167776
Dewi Nugroho,36,Software Engineer,28636184
Joko Rahayu,20,Software Engineer,43352797
Tono Saputra,57,Customer Support,24560081
Andi Suryani,35,UI/UX Designer,30712161
Citra Pratama,21,UI/UX Designer,26456677
Yanto Hidayat,27,Accountant,26894353
Oki Firmansyah,27,Operations Manager,31430000
Oki Rahayu,18,QA Engineer,43434099
Kiki Setiawan,49,UI/UX Designer,30522306
Umar Rahayu,56,Accountant,6324722
Vina Halim,55,UI/UX Designer,39472855
Andi Suryani,42,Operations Manager,18340158
Hadi Gunawan,19,Office Administrator,15276993
Zaki Halim,45,QA Engineer,32321091
Eka Suryani,46,HR Staff,16237563
Fitri Hidayat,23,Sales Executive,31062803
Yanto Hidayat,33,Marketing Specialist,4952023
Budi Wibowo,40,Office Administrator,31893241
Mega Firmansyah,41,UI/UX Designer,18187832
Rina Hidayat,18,Software Engineer,43053252
Fitri Saputra,47,UI/UX Designer,9453354
Wati Pratama,51,Data Analyst,37684751
Tono Rahayu,21,HR Staff,41794548
Qori Setiawan,58,Software Engineer,15047666
Nur Setiawan,40,Office Administrator,24227098
Yanto Wibowo,40,QA Engineer,30223355
Citra Setiawan,35,Marketing Specialist,32257762
Siti Gunawan,18,Product Manager,38850367
Gita Setiawan,44,Data Analyst,39311941
Andi Saputra,29,Customer Support,41493158
Lestari Firmansyah,21,Product Manager,32381204
Fitri Wijaya,19,Data Analyst,17325372
Siti Suryani,44,QA Engineer,34321231
Wati Pratama,24,Product Manager,30619689
Vina Wijaya,24,QA Engineer,36528431
Siti Setiawan,44,Operations Manager,38105514
Andi Pratama,39,QA Engineer,20349186
Hadi Gunawan,34,UI/UX Designer,22863618
Joko Kusuma,31,Product Manager,30176534
Budi Santoso,56,Marketing Specialist,29395147
Zaki Firmansyah,22,Customer Support,40370705
Putri Setiawan,52,Software Engineer,15675475
Lestari Nugroho,37,Sales Executive,43316629
Oki Wibowo,54,UI/UX Designer,22087120
Putri Kusuma,29,HR Staff,16540908
Nur Firmansyah,34,Customer Support,10998285
Citra Santoso,52,Marketing Specialist,35981003
Andi Rahayu,38,Sales Executive,26576057
Eka Gunawan,46,Marketing Specialist,39516756
Putri Saputra,26,HR Staff,14851540
Lestari Setiawan,19,Operations Manager,19310487
Joko Gunawan,43,Accountant,32859154
Mega Suryani,50,Sales Executive,22563422
Vina Setiawan,40,Data Analyst,20479749
Putri Nugroho,35,Office Administrator,8956548
Eka Hidayat,22,QA Engineer,37161496
Putri Santoso,47,Operations Manager,44000572
Andi Hidayat,38,QA Engineer,33654822
Zaki Halim,44,Customer Support,24812829
Oki Saputra,59,Marketing Specialist,22957562
Joko Wijaya,51,Accountant,34508770
Dewi Suryani,26,Accountant,41121541
Indra Santoso,38,Customer Support,30482248
Yanto Firmansyah,59,Software Engineer,38394455
Lestari Halim,33,Software Engineer,38454506
Mega Halim,36,UI/UX Designer,10609371
Citra Rahayu,58,Product Manager,21888622
Indra Pratama,51,QA Engineer,33114273
Mega Pratama,31,Data Analyst,25052289
Siti Halim,57,Sales Executive,21489220
Umar Saputra,20,HR Staff,15372039
Mega Setiawan,48,Customer Support,5318720
Tono Suryani,21,Office Administrator,42915048
Oki Firmansyah,39,Accountant,40281189
Dewi Suryani,52,Sales Executive,26223416
Zaki Nugroho,47,Customer Support,14872723
Fitri Wijaya,20,Office Administrator,19151960
Dewi Rahayu,46,QA Engineer,11197032
Kiki Firmansyah,26,Operations Manager,7687497
Fitri Suryani,20,Office Administrator,24227126
Siti Nugroho,28,Data Analyst,38673058
Joko Gunawan,26,Marketing Specialist,5093558
Tono Hidayat,23,Accountant,9269453
Qori Halim,30,Accountant,22734168
Nur Gunawan,38,QA Engineer,12848041
Indra Rahayu,35,Office Administrator,40173696
Qori Wibowo,49,Product Manager,31772242
Zaki Pratama,59,HR Staff,23061603
Wati Nugroho,36,Marketing Specialist,30201191
Vina Halim,50,UI/UX Designer,39225287
Mega Kusuma,34,Software Engineer,10001623
Joko Kusuma,47,Operations Manager,31271640
Hadi Suryani,22,QA Engineer,34812431
Wati Gunawan,44,Data Analyst,26121859
Siti Wijaya,41,Product Manager,30524599
Vina Pratama,57,Office Administrator,10001184
Gita Halim,34,Software Engineer,39280611
Rina Wibowo,50,Operations Manager,29788776
Lestari Santoso,35,Data Analyst,9779983
Siti Kusuma,52,Marketing Specialist,28848785
Nur Santoso,50,UI/UX Designer,15106961
Qori Wibowo,45,Product Manager,22655812
Budi Wibowo,21,Data Analyst,42024751
Nur Suryani,24,Software Engineer,17381832
Dewi Pratama,51,Sales Executive,26709889
Lestari Pratama,24,Software Engineer,19916677
Kiki Setiawan,47,Office Administrator,20527327
Dewi Saputra,45,Product Manager,41752630
Nur Wibowo,36,Office Administrator,38956658
Lestari Suryani,48,Customer Support,36312915
Budi Hidayat,42,Software Engineer,28008775
Budi Pratama,26,QA Engineer,35574288
Andi Halim,49,HR Staff,7463748
Citra Gunawan,57,Office Administrator,10329150
Citra Wijaya,33,HR Staff,12430345
Qori Wibowo,44,Software Engineer,20943566
Indra Wijaya,37,UI/UX Designer,26461025
Fitri Wibowo,22,Operations Manager,10883548
Umar Gunawan,54,Data Analyst,22078219
Wati Nugroho,44,Operations Manager,34978811
Lestari Wijaya,39,Marketing Specialist,5008899
Vina Pratama,50,Data Analyst,18732752
Yanto Gunawan,45,Operations Manager,43789227
Tono Hidayat,35,Product Manager,22765252
Kiki Nugroho,47,QA Engineer,32982844
Gita Nugroho,46,Data Analyst,36301235
Yanto Wijaya,32,Software Engineer,16408869
Dewi Pratama,57,Sales Executive,42280586
Andi Hidayat,38,Product Manager,32535691
Fitri Wibowo,28,Accountant,18173751
Joko Nugroho,55,Operations Manager,16918166
Eka Gunawan,43,Product Manager,29824712
Lestari Gunawan,22,Accountant,8506243
Citra Wijaya,50,Accountant,24898633
Dewi Hidayat,29,UI/UX Designer,26049570
Andi Nugroho,51,Marketing Specialist,15588464
Rina Suryani,33,Marketing Specialist,24224894
Andi Firmansyah,28,Product Manager,5181246
Zaki Setiawan,28,Marketing Specialist,21223332
Zaki Kusuma,41,Data Analyst,43131439
Putri Setiawan,46,Software Engineer,16557856
Oki Halim,38,QA Engineer,10745242
Dewi Kusuma,22,HR Staff,38420085
Rina Wijaya,26,UI/UX Designer,34524812
Mega Kusuma,25,Office Administrator,4398731
Kiki Gunawan,28,Customer Support,21551037
Tono Firmansyah,35,Software Engineer,27534987
Siti Wijaya,54,Software Engineer,10048610
Siti Suryani,24,Data Analyst,18074151
Dewi Santoso,50,Sales Executive,26362565
Lestari Firmansyah,50,Accountant,6134379
Umar Setiawan,41,UI/UX Designer,4926853
Nur Rahayu,60,UI/UX Designer,8760675
Budi Halim,54,Customer Support,36462290
Rina Halim,42,Customer Support,12772364
Eka Nugroho,31,Marketing Specialist,9721564
Eka Nugroho,60,QA Engineer,5090147
Wati Wijaya,34,Marketing Specialist,31093516
Dewi Wibowo,33,Customer Support,37759969
Lestari Nugroho,43,QA Engineer,7241346
Umar Rahayu,51,Data Analyst,40482232
Putri Rahayu,18,Marketing Specialist,15682878
Budi Wijaya,52,Office Administrator,32615422
Joko Saputra,58,UI/UX Designer,7641443
Mega Saputra,27,Office Administrator,19816812
Oki Saputra,30,Customer Support,16243135
Vina Pratama,58,Customer Support,35360009
Eka Saputra,44,Sales Executive,29116205
Vina Wijaya,35,QA Engineer,41930530
Siti Kusuma,55,HR Staff,41933254
Gita Kusuma,53,HR Staff,24775100
Andi Wijaya,57,UI/UX Designer,39027576
Vina Saputra,21,UI/UX Designer,20048550
Indra Firmansyah,34,Customer Support,44830193
Siti Pratama,39,Customer Support,35178013
Tono Suryani,51,Marketing Specialist,12566319
Gita Suryani,59,Data Analyst,12661630
Wati Hidayat,18,Accountant,35454181
Mega Halim,20,Software Engineer,41225634
Yanto Rahayu,20,Marketing Specialist,23402689
Dewi Nugroho,60,UI/UX Designer,37811878
Wati Saputra,55,Office Administrator,7985010
Joko Nugroho,59,Marketing Specialist,19853210
Mega Suryani,34,Software Engineer,27323990
Fitri Gunawan,31,Accountant,6113253
Fitri Santoso,49,HR Staff,43267365
Kiki Setiawan,29,Office Administrator,5434534
Citra Hidayat,37,Marketing Specialist,26268955
Indra Suryani,26,Data Analyst,29512137
Wati Pratama,60,Accountant,18944804
Lestari Kusuma,47,Customer Support,10279643
Qori Setiawan,30,Accountant,6880359
Fitri Kusuma,28,Office Administrator,42828974
Siti Gunawan,35,Data Analyst,44137353
Nur Halim,27,Operations Manager,37076221
Andi Setiawan,27,Software Engineer,39163202
Citra Rahayu,28,Accountant,18538526
Umar Suryani,56,Product Manager,12392865
Budi Rahayu,54,Operations Manager,8267396
Budi Saputra,57,Software Engineer,31415762
Indra Gunawan,60,Sales Executive,29779595
Dewi Wijaya,35,Operations Manager,10241659
Zaki Firmansyah,22,Data Analyst,19248508
Indra Wijaya,37,Sales Executive,41792016
Fitri Wibowo,23,Accountant,43100821
Yanto Gunawan,18,Accountant,42300930
Siti Nugroho,34,Office Administrator,29531654
Kiki Rahayu,59,Customer Support,30129812
Mega Santoso,36,Customer Support,29478828
Tono Nugroho,56,Office Administrator,22594186
Putri Firmansyah,40,HR Staff,31025200
Siti Pratama,37,Product Manager,40052076
Joko Gunawan,19,Office Administrator,30399702
Rina Setiawan,60,Accountant,15301729
Citra Wijaya,23,Data Analyst,8612452
Fitri Firmansyah,38,Office Administrator,12685172
Dewi Setiawan,37,Office Administrator,40177015
Dewi Suryani,54,QA Engineer,43257445
Mega Wijaya,60,HR Staff,23113812
Nur Suryani,51,HR Staff,36132239
Umar Hidayat,34,Sales Executive,21746764
Joko Halim,18,Sales Executive,23236639
Vina Wibowo,25,Data Analyst,38151940
Qori Suryani,46,Data Analyst,8213667
Wati Kusuma,60,Customer Support,29466695
Eka Santoso,22,Marketing Specialist,29400855
Indra Hidayat,38,Operations Manager,44369676
Kiki Rahayu,52,QA Engineer,28358490
Eka Wijaya,59,QA Engineer,13838086
Gita Wibowo,24,UI/UX Designer,18654744
Fitri Pratama,32,UI/UX Designer,14123776
Mega Wibowo,32,QA Engineer,23734716
Umar Pratama,60,Product Manager,7934168
Oki Wibowo,34,Office Administrator,4722491
Siti Firmansyah,51,Operations Manager,5682193
Tono Kusuma,45,Data Analyst,28631520
Vina Setiawan,49,Data Analyst,32823729
Budi Santoso,27,Office Administrator,42438837
Oki Hidayat,31,HR Staff,18530529
Wati Hidayat,31,Customer Support,35051106
Umar Halim,18,Customer Support,14973384
Wati Wibowo,40,Product Manager,22072930
Zaki Nugroho,21,Marketing Specialist,33759815
Nur Nugroho,36,Accountant,23869381
Gita Firmansyah,51,Marketing Specialist,43744905
Tono Santoso,22,Data Analyst,22713564
Andi Wijaya,48,Office Administrator,44576379
Citra Wibowo,49,Operations Manager,6974803
Vina Wibowo,47,Marketing Specialist,43981229
Budi Wibowo,57,Accountant,31124755
Lestari Gunawan,29,Marketing Specialist,24906587
Andi Saputra,30,Customer Support,39180516
Tono Halim,25,Software Engineer,42340437
Mega Kusuma,32,Software Engineer,16488322
Budi Setiawan,24,Product Manager,20892292
Eka Santoso,49,QA Engineer,42148575
Citra Hidayat,24,Accountant,29704363
Mega Firmansyah,23,QA Engineer,22750026
Wati Hidayat,44,Operations Manager,43008456
Gita Pratama,41,QA Engineer,41397657
Mega Nugroho,56,Customer Support,29711552
Zaki Hidayat,34,Accountant,6391670
Indra Wijaya,35,Customer Support,24939834
Siti Hidayat,33,HR Staff,38736823
Qori Santoso,56,HR Staff,18207252
Gita Pratama,57,UI/UX Designer,25327416
Kiki Kusuma,44,Customer Support,7624743
Umar Firmansyah,48,Office Administrator,27827976
Andi Santoso,48,Accountant,25491262
Lestari Halim,51,QA Engineer,22674367
Budi Halim,42,Accountant,16485323
Dewi Gunawan,40,Operations Manager,44133045
Siti Wijaya,42,Accountant,34826667
Eka Setiawan,45,Data Analyst,39940376
Dewi Wibowo,38,Accountant,21489173
Mega Rahayu,19,Customer Support,21950006
Zaki Halim,44,Customer Support,11209525
Siti Setiawan,51,Office Administrator,10149067
Qori Halim,57,QA Engineer,9031165
Hadi Nugroho,54,HR Staff,13588001
Yanto Kusuma,44,UI/UX Designer,14136859
Dewi Halim,30,Sales Executive,4366031
Rina Hidayat,24,Sales Executive,39552887
Vina Santoso,56,Office Administrator,17114049
Nur Gunawan,49,Sales Executive,10475189
Yanto Wijaya,52,Office Administrator,36526825
Hadi Wijaya,18,Product Manager,15434463
Andi Saputra,32,Accountant,29410521
Siti Setiawan,36,Product Manager,28757654
Rina Pratama,46,Marketing Specialist,14557133
Gita Santoso,29,Accountant,6680178
Lestari Gunawan,36,Data Analyst,33018258
Rina Wibowo,36,Office Administrator,33508151
Dewi Saputra,53,Data Analyst,28889658
Oki Gunawan,32,Data Analyst,29162705
Nur Kusuma,25,Operations Manager,6906800
Andi Suryani,24,QA Engineer,40126021
Putri Wibowo,32,Accountant,38153266
Andi Santoso,25,Office Administrator,25201417
Gita Santoso,24,Accountant,27855652
Citra Kusuma,58,Customer Support,41603052
Wati Rahayu,19,Customer Support,15171135
Yanto Pratama,58,Operations Manager,32403212
Lestari Kusuma,45,Software Engineer,23695083
Indra Rahayu,18,Office Administrator,13195526
Citra Saputra,30,Data Analyst,23595248
Vina Gunawan,52,Software Engineer,30601717
Andi Kusuma,25,Customer Support,8698235
Wati Saputra,50,Product Manager,28486587
Andi Nugroho,22,QA Engineer,24005502
Budi Nugroho,21,Software Engineer,10509926
Citra Wibowo,23,Marketing Specialist,18978739
Zaki Wibowo,25,UI/UX Designer,21181194
Dewi Hidayat,46,HR Staff,22435451
Citra Nugroho,51,Marketing Specialist,13201978
Eka Hidayat,20,QA Engineer,31798235
Gita Wibowo,32,HR Staff,4387591
Kiki Halim,38,QA Engineer,15858208
Kiki Rahayu,58,Customer Support,27936481
Citra Nugroho,39,Customer Support,13413043
Indra Wijaya,36,Software Engineer,25200249
Umar Halim,50,Office Administrator,8608829
Yanto Rahayu,31,Accountant,41080375
Mega Suryani,44,Software Engineer,34831512
Putri Suryani,42,Software Engineer,9925237
Mega Rahayu,32,Sales Executive,42637119
Kiki Saputra,18,Accountant,28130215
Eka Hidayat,37,Customer Support,34176878
Mega Pratama,57,Sales Executive,6219184
Joko Pratama,37,Office Administrator,11759366
Yanto Gunawan,53,HR Staff,23392184
Dewi Gunawan,51,UI/UX Designer,26539063
Wati Wijaya,57,Data Analyst,28795333
Tono Gunawan,52,QA Engineer,28765054
Rina Hidayat,30,Office Administrator,43031576
Joko Suryani,37,Software Engineer,12552491
Andi Firmansyah,31,QA Engineer,22685626
Citra Saputra,44,Office Administrator,39906656
Hadi Wijaya,22,UI/UX Designer,11156096
Hadi Pratama,37,Sales Executive,12343580
Zaki Santoso,46,Sales Executive,30256570
Wati Saputra,39,Product Manager,35648331
Putri Nugroho,38,Data Analyst,13169076
Joko Hidayat,54,Sales Executive,42982478
Indra Wibowo,53,QA Engineer,31647652
Andi Halim,40,Product Manager,15132359
Eka Firmansyah,54,UI/UX Designer,43935455
Nur Kusuma,47,Accountant,29490535
Fitri Pratama,40,Data Analyst,20287142
Mega Setiawan,27,HR Staff,12181391
Gita Pratama,20,Operations Manager,7955303
Citra Gunawan,37,QA Engineer,27722497
Yanto Santoso,45,Software Engineer,6585010
Qori Wibowo,19,Operations Manager,32039173
Wati Wibowo,56,QA Engineer,43553598
Joko Pratama,32,QA Engineer,37619353
Qori Gunawan,57,Software Engineer,33387975
Gita Wibowo,60,Customer Support,21009008
Nur Pratama,30,Customer Support,18185215
Zaki Halim,23,Operations Manager,10007657
Vina Saputra,44,Customer Support,18098291
Putri Gunawan,20,HR Staff,9544526
Andi Suryani,20,Customer Support,13103549
Vina Kusuma,36,Marketing Specialist,28919622
Dewi Gunawan,44,Accountant,17689242
Tono Suryani,26,Software Engineer,11620105
Joko Kusuma,33,QA Engineer,35208973
Mega Rahayu,48,QA Engineer,9111110
Nur Kusuma,33,Operations Manager,11370974
Tono Santoso,33,Accountant,4367399
Dewi Hidayat,31,Operations Manager,30813177
Zaki Setiawan,56,Sales Executive,40346273
Tono Pratama,53,Accountant,7992995
Umar Suryani,46,Marketing Specialist,11425874
Yanto Saputra,56,QA Engineer,41052197
Kiki Firmansyah,55,Office Administrator,26266620
Siti Hidayat,50,Office Administrator,23146575
Lestari Saputra,44,Customer Support,34544521
Rina Setiawan,32,Customer Support,43348689
Hadi Saputra,28,Sales Executive,21070733
Umar Hidayat,51,QA Engineer,39265239
Oki Wibowo,36,Accountant,22511342
Indra Nugroho,60,Office Administrator,22417315
Joko Wibowo,46,Data Analyst,39199629
Tono Santoso,44,Customer Support,4715240
Hadi Halim,52,Office Administrator,7065096
Umar Setiawan,60,Customer Support,31660543
Kiki Halim,26,Operations Manager,40973114
Dewi Santoso,35,Accountant,14143603
Wati Kusuma,25,QA Engineer,19799251
Indra Halim,33,Marketing Specialist,30023233
Andi Kusuma,31,HR Staff,5051780
Yanto Santoso,28,QA Engineer,17179019
Fitri Suryani,54,Office Administrator,42008271
Yanto Halim,39,Data Analyst,38963257
Rina Pratama,54,Software Engineer,29762275
Qori Suryani,56,Data Analyst,4212690
Gita Gunawan,22,Office Administrator,13450316
Putri Rahayu,38,Sales Executive,34443391
Dewi Wibowo,41,Data Analyst,37758667
Yanto Rahayu,27,Office Administrator,10917983
Qori Halim,20,Sales Executive,26066582
Dewi Santoso,42,Customer Support,32689459
Rina Nugroho,27,Software Engineer,41055301
Andi Gunawan,41,Customer Support,5002131
Mega Santoso,24,Office Administrator,26906460
Hadi Wibowo,23,Software Engineer,24519612
Rina Nugroho,42,Customer Support,14327097
Joko Halim,40,UI/UX Designer,6105522
Joko Saputra,46,Operations Manager,23549747
Kiki Wibowo,44,Accountant,9668234
Siti Kusuma,51,Sales Executive,18882360
Siti Gunawan,28,Sales Executive,42723608
Putri Saputra,42,QA Engineer,7890900
Dewi Setiawan,26,Software Engineer,6161880
Rina Wijaya,31,Operations Manager,34543994
Oki Hidayat,41,Customer Support,21079632
Rina Pratama,27,Accountant,42750138
Oki Rahayu,30,Accountant,44847737
Zaki Kusuma,29,Software Engineer,27060857
Indra Gunawan,59,UI/UX Designer,10182996
Oki Pratama,36,Accountant,16111427
Tono Wijaya,50,Software Engineer,24738491
Joko Gunawan,52,UI/UX Designer,39933484
Tono Wibowo,40,HR Staff,40085414
Eka Saputra,24,Accountant,7645429
Andi Nugroho,41,Customer Support,12670351
Mega Firmansyah,18,Data Analyst,42049389
Lestari Halim,38,Software Engineer,38126017
Siti Rahayu,38,HR Staff,5240860
Lestari Firmansyah,57,Accountant,19121769
Andi Halim,23,Office Administrator,12646632
Qori Gunawan,33,UI/UX Designer,12531084
Nur Gunawan,21,Product Manager,44929033
Dewi Halim,52,Marketing Specialist,16424607
Citra Firmansyah,39,HR Staff,11056926
Yanto Santoso,35,QA Engineer,35110592
Fitri Wibowo,52,Data Analyst,27497937
Siti Saputra,36,Marketing Specialist,34761216
Lestari Pratama,40,Operations Manager,28677708
Putri Wijaya,35,QA Engineer,39121654
Citra Pratama,49,HR Staff,18279380
Putri Firmansyah,32,Customer Support,36714902
Mega Nugroho,19,Operations Manager,12393838
Lestari Hidayat,35,Sales Executive,11900423
Oki Nugroho,20,Marketing Specialist,42031809
Budi Saputra,53,UI/UX Designer,24563703
Tono Rahayu,39,Marketing Specialist,26000944
Citra Saputra,28,HR Staff,37359171
Oki Rahayu,41,Software Engineer,36927849
Putri Suryani,45,Accountant,37802657
Nur Santoso,38,Software Engineer,42818764
Andi Wijaya,52,UI/UX Designer,35601045
Kiki Wijaya,48,Data Analyst,30496561
Nur Hidayat,43,Office Administrator,19484043
Eka Rahayu,47,QA Engineer,23173546
Rina Nugroho,54,QA Engineer,9361849
Eka Kusuma,42,Marketing Specialist,42563058
Eka Kusuma,47,Product Manager,23167180
Citra Gunawan,47,Office Administrator,22771074
Budi Pratama,46,Data Analyst,22619827
Tono Nugroho,47,Customer Support,27178194
Joko Gunawan,47,Accountant,42105443
Kiki Wijaya,37,Office Administrator,28978541
Dewi Rahayu,56,Sales Executive,22265548
Dewi Hidayat,29,Customer Support,40430100
Hadi Firmansyah,55,Customer Support,11260721
Rina Santoso,50,Sales Executive,36053300
Yanto Saputra,24,Data Analyst,16838487
Zaki Firmansyah,31,UI/UX Designer,5314806
Tono Wijaya,26,HR Staff,5950408
Siti Setiawan,21,Software Engineer,7557494
Fitri Kusuma,37,UI/UX Designer,43786362
Vina Hidayat,37,Operations Manager,26141949
Dewi Halim,19,Marketing Specialist,22791874
Joko Saputra,23,Data Analyst,28494010
Hadi Suryani,31,Sales Executive,6682119
Dewi Setiawan,54,HR Staff,5319289
Nur Pratama,30,Office Administrator,25862244
Vina Wijaya,51,QA Engineer,4182328
Zaki Gunawan,38,Sales Executive,20624302
Qori Pratama,20,UI/UX Designer,17240973
Qori Wibowo,26,Customer Support,8854183
Eka Rahayu,37,Product Manager,36914630
Oki Saputra,59,QA Engineer,14793001
Andi Setiawan,51,Customer Support,20895196
Vina Santoso,51,QA Engineer,17542851
Putri Rahayu,27,Product Manager,23590188
Fitri Saputra,55,Office Administrator,34045854
Oki Halim,55,Marketing Specialist,13426128
Putri Kusuma,20,HR Staff,37528551
Kiki Halim,41,Customer Support,44992238
Wati Hidayat,45,UI/UX Designer,24407601
Umar Santoso,40,Data Analyst,44149370
Kiki Suryani,23,Product Manager,10337766
Eka Hidayat,23,Software Engineer,20882567
Fitri Setiawan,32,UI/UX Designer,32979079
Siti Suryani,40,Operations Manager,9179586
Gita Wibowo,56,Software Engineer,29634234
Oki Saputra,52,Data Analyst,20023944
Kiki Gunawan,26,Operations Manager,18004065
Zaki Setiawan,46,Marketing Specialist,22292318
Nur Santoso,29,HR Staff,44760580
Wati Saputra,55,Product Manager,7273285
Kiki Suryani,45,HR Staff,31472609
Budi Kusuma,48,Product Manager,13254686
Putri Setiawan,34,Office Administrator,20657675
Zaki Setiawan,29,HR Staff,35811009
Hadi Rahayu,50,Product Manager,9554559
Rina Suryani,50,Data Analyst,26186019
Gita Setiawan,34,Marketing Specialist,7722865
Budi Gunawan,59,Marketing Specialist,13387370
Andi Santoso,42,HR Staff,21297475
Wati Halim,43,Operations Manager,20362336
Lestari Santoso,39,Marketing Specialist,11934048
Wati Setiawan,26,Data Analyst,24903080
Rina Gunawan,47,Data Analyst,21214413
Gita Suryani,55,Data Analyst,10892028
Mega Santoso,37,Sales Executive,6627011
Oki Saputra,30,Sales Executive,15336990
Umar Hidayat,26,Data Analyst,41229400
Hadi Nugroho,33,Product Manager,44083470
Tono Santoso,23,HR Staff,22206578
Siti Saputra,39,Customer Support,15758014
Rina Setiawan,58,Software Engineer,22794740
Dewi Wijaya,23,Data Analyst,19718074
Fitri Hidayat,20,Sales Executive,13878560
Zaki Halim,18,Customer Support,25222161
Zaki Pratama,40,UI/UX Designer,35302691
Yanto Firmansyah,32,Product Manager,12347549
Nur Santoso,40,Office Administrator,25359230
Andi Hidayat,41,Product Manager,41842986
Hadi Setiawan,21,Software Engineer,7263159
Hadi Rahayu,38,Marketing Specialist,8575431
Kiki Hidayat,52,Accountant,23770865
Putri Halim,37,Accountant,34960010
Nur Kusuma,54,Software Engineer,9358494
Vina Firmansyah,43,Sales Executive,36433347
Rina Saputra,20,HR Staff,35001031
Eka Suryani,50,QA Engineer,5700145
Joko Wibowo,31,Operations Manager,34360949
Citra Setiawan,53,Office Administrator,11419065
Tono Hidayat,34,Data Analyst,19568355
Kiki Halim,20,Office Administrator,21485457
Siti Suryani,30,Product Manager,37419557
Lestari Halim,30,HR Staff,17999547
Citra Gunawan,46,Customer Support,40286122
Fitri Halim,42,Sales Executive,11112622
Umar Halim,39,Office Administrator,12178755
Siti Saputra,57,QA Engineer,4329644
Budi Pratama,41,Office Administrator,33803606
Dewi Wibowo,60,Software Engineer,39645989
Oki Setiawan,30,HR Staff,21096730
Rina Rahayu,38,Marketing Specialist,41871254
Joko Setiawan,20,Sales Executive,6214755
Kiki Wijaya,48,QA Engineer,24163091
Indra Firmansyah,49,Data Analyst,9848738
Oki Kusuma,55,Marketing Specialist,9798139
Zaki Rahayu,31,HR Staff,20611544
Rina Wijaya,42,Operations Manager,6480879
Zaki Hidayat,58,HR Staff,9854202
Oki Setiawan,47,QA Engineer,10757071
Budi Gunawan,18,Operations Manager,19269632
Lestari Wibowo,52,HR Staff,20241038
Nur Suryani,52,Accountant,25391632
Wati Setiawan,47,QA Engineer,37766904
Zaki Rahayu,53,Data Analyst,33524825
Eka Suryani,54,QA Engineer,27177729
Yanto Wijaya,50,Software Engineer,43742637
Lestari Saputra,38,HR Staff,7000194
Zaki Wibowo,60,Software Engineer,25194386
Wati Setiawan,57,Operations Manager,36647891
Nur Gunawan,51,HR Staff,41388939
Indra Rahayu,34,Product Manager,41141928
Oki Wijaya,20,Accountant,19640978
Mega Hidayat,52,HR Staff,26856427
Nur Gunawan,43,UI/UX Designer,28675954
Siti Kusuma,48,Data Analyst,17228782
Yanto Wibowo,49,Data Analyst,11964215
Indra Wibowo,36,Sales Executive,13717195
Siti Santoso,53,Marketing Specialist,20209803
Budi Santoso,20,Sales Executive,12139809
Budi Halim,26,Software Engineer,20880709
Dewi Firmansyah,58,Software Engineer,19194691
Tono Wibowo,42,QA Engineer,36362833
Qori Wibowo,49,Product Manager,14382111
Indra Firmansyah,18,Marketing Specialist,24094033
Indra Suryani,60,Operations Manager,12289865
Eka Saputra,55,UI/UX Designer,30921019
Eka Halim,39,Operations Manager,38908077
Dewi Nugroho,54,UI/UX Designer,5591812
Gita Firmansyah,44,UI/UX Designer,34016501
Indra Saputra,43,Operations Manager,43943030
Zaki Firmansyah,21,Software Engineer,19175662
Budi Wijaya,53,Marketing Specialist,33725798
Zaki Pratama,35,Accountant,19544126
Nur Gunawan,59,Customer Support,24424952
Gita Kusuma,35,UI/UX Designer,23263231
Umar Wijaya,28,Office Administrator,26219370
Gita Rahayu,28,Marketing Specialist,28548084
Zaki Firmansyah,37,Office Administrator,12032538
Citra Kusuma,55,Accountant,28834688
Budi Wijaya,32,QA Engineer,44011571
Putri Suryani,60,Data Analyst,10728968
Eka Santoso,19,Software Engineer,6195496
Siti Nugroho,46,Software Engineer,25634662
Fitri Suryani,30,Customer Support,33424778
Qori Suryani,44,Software Engineer,23525562
Oki Hidayat,45,Operations Manager,15402404
Dewi Suryani,35,Accountant,24411844
Oki Firmansyah,30,Data Analyst,27520913
Qori Suryani,21,Sales Executive,32360799
Tono Santoso,56,Product Manager,6177099
Citra Rahayu,29,Data Analyst,4153317
Tono Suryani,30,Accountant,5685536
Rina Halim,48,Office Administrator,17697178
Nur Halim,58,Data Analyst,9020457
Wati Halim,25,Office Administrator,37274706
Indra Halim,23,UI/UX Designer,30458081
Vina Saputra,21,UI/UX Designer,24647925
Fitri Suryani,51,Marketing Specialist,19817369
Siti Santoso,53,UI/UX Designer,39086628
Yanto Gunawan,57,Accountant,15735917
Yanto Firmansyah,55,Accountant,8480120
Indra Pratama,25,Customer Support,23929329
Mega Rahayu,47,HR Staff,38824871
Putri Nugroho,41,QA Engineer,6544900
Putri Saputra,19,Accountant,5120674
Eka Halim,18,Office Administrator,33071185
Citra Gunawan,38,Product Manager,19637040
Lestari Wijaya,55,Office Administrator,26079513
Siti Wijaya,48,Office Administrator,14929898
Dewi Setiawan,38,HR Staff,30320156
Nur Kusuma,47,Software Engineer,14722809
Joko Wijaya,29,Marketing Specialist,21567898
Zaki Nugroho,34,Sales Executive,34304418
Yanto Suryani,25,Software Engineer,34653762
Umar Halim,33,UI/UX Designer,22063428
Andi Hidayat,26,Software Engineer,27416907
Qori Nugroho,41,Office Administrator,22492608
Citra Wijaya,39,Marketing Specialist,18792399
Hadi Setiawan,51,Operations Manager,31488696
Oki Saputra,31,QA Engineer,17751427
Lestari Halim,43,Software Engineer,6586710
Putri Wijaya,44,HR Staff,12938255
Dewi Nugroho,22,Office Administrator,32522041
Qori Wibowo,18,Software Engineer,34423733
Vina Kusuma,32,QA Engineer,5204573
Oki Wijaya,19,Operations Manager,41878069
Siti Saputra,54,UI/UX Designer,12228140
Zaki Wijaya,50,Software Engineer,22329996
Hadi Wibowo,44,UI/UX Designer,38230748
Umar Santoso,60,Product Manager,44295950
Nur Nugroho,58,QA Engineer,7451591
Umar Saputra,50,Data Analyst,17470051
Citra Wijaya,25,Software Engineer,15070959
Vina Kusuma,39,Customer Support,25626950
Hadi Santoso,57,Product Manager,44589230
Wati Setiawan,24,Product Manager,40838601
Tono Setiawan,47,Sales Executive,24683507
Putri Setiawan,36,Operations Manager,5607860
Wati Pratama,39,Data Analyst,7902196
Putri Hidayat,50,Software Engineer,12786494
Umar Suryani,43,Marketing Specialist,29028058
Citra Hidayat,34,UI/UX Designer,4683623
Fitri Wijaya,46,Data Analyst,5114872
Joko Santoso,39,Operations Manager,23306643
Gita Rahayu,33,Office Administrator,41594095
Zaki Halim,37,Accountant,30524718
Wati Kusuma,19,Office Administrator,38760497
Nur Wijaya,44,Sales Executive,24843960
Dewi Hidayat,26,Operations Manager,20895491
Siti Nugroho,30,Data Analyst,38665955
Dewi Kusuma,51,Operations Manager,41361939
Qori Hidayat,30,Product Manager,24377097
Vina Santoso,36,Data Analyst,23222516
Eka Hidayat,23,Operations Manager,17964339
Gita Halim,26,Operations Manager,25344341
Qori Gunawan,57,QA Engineer,23133350
Siti Wijaya,53,HR Staff,25562982
Siti Saputra,40,Accountant,9208611
Siti Suryani,23,Product Manager,25841283
Kiki Kusuma,40,Sales Executive,14500335
Zaki Setiawan,23,Accountant,24415367
Vina Suryani,53,Software Engineer,30258076
Siti Rahayu,33,Data Analyst,35132840
Rina Firmansyah,27,QA Engineer,28119581
Oki Saputra,53,HR Staff,32637448
Indra Kusuma,34,Operations Manager,41606902
Joko Saputra,26,Sales Executive,39125146
Oki Halim,40,Accountant,32273392
Qori Santoso,49,Customer Support,29854564
Mega Firmansyah,52,UI/UX Designer,29076920
Lestari Kusuma,56,Office Administrator,5506750
Fitri Suryani,44,Accountant,14753985
Qori Hidayat,39,Data Analyst,14480555
Hadi Firmansyah,27,Software Engineer,8386868
Lestari Kusuma,52,Data Analyst,9932205
Lestari Nugroho,47,Customer Support,16415761
Wati Setiawan,32,Product Manager,41653550
Andi Suryani,38,Software Engineer,23243868
Zaki Wijaya,22,QA Engineer,30275763
Siti Santoso,36,Product Manager,41005389
Andi Wijaya,42,Data Analyst,14144830
Oki Suryani,49,QA Engineer,6005140
Joko Kusuma,27,Data Analyst,43856024
Vina Saputra,26,Accountant,26558312
Tono Halim,19,Sales Executive,8416038
Putri Pratama,58,Operations Manager,10663958
Nur Halim,58,UI/UX Designer,7064895
Qori Gunawan,43,Data Analyst,21260215
Gita Firmansyah,50,QA Engineer,31648506
Indra Setiawan,23,Data Analyst,34348110
Putri Rahayu,54,Operations Manager,35362325
Hadi Kusuma,32,Product Manager,30443010
Hadi Pratama,54,Software Engineer,30084317
Zaki Gunawan,34,QA Engineer,39999713
Mega Santoso,57,Marketing Specialist,15223522
Rina Firmansyah,53,Accountant,7210219
Tono Gunawan,30,HR Staff,10550381
Putri Nugroho,29,Product Manager,39945483
Lestari Santoso,40,Marketing Specialist,28138283
Joko Kusuma,24,Sales Executive,23491873
Nur Kusuma,29,Customer Support,29474634
Indra Firmansyah,31,UI/UX Designer,31533430
Joko Pratama,19,Operations Manager,15087451
Oki Santoso,60,Product Manager,24458981
Andi Halim,44,Software Engineer,35195031
Siti Kusuma,40,Office Administrator,35197438
Putri Halim,24,Product Manager,4544496
Kiki Halim,46,Customer Support,27137627
Umar Saputra,48,Software Engineer,6001893
Zaki Hidayat,56,UI/UX Designer,4634887
Budi Santoso,45,Sales Executive,13977194
Wati Gunawan,31,HR Staff,6868772
Wati Nugroho,60,Product Manager,16702640
Putri Pratama,52,Software Engineer,17281012
Eka Rahayu,31,HR Staff,27687641
Zaki Firmansyah,27,UI/UX Designer,16950870
Wati Rahayu,56,Customer Support,24322910
Gita Suryani,22,Customer Support,13248505
Zaki Kusuma,45,Product Manager,16505036
Tono Suryani,40,Software Engineer,28125012
Budi Rahayu,22,QA Engineer,26467653
Qori Wijaya,48,QA Engineer,17027805
Yanto Firmansyah,51,Customer Support,35500600
Gita Santoso,57,UI/UX Designer,30454377
Kiki Firmansyah,32,Marketing Specialist,23219651
Vina Halim,43,UI/UX Designer,28707039
Umar Wibowo,41,Accountant,22697679
Eka Wijaya,41,Marketing Specialist,44544639
Budi Halim,50,Product Manager,13686896
Hadi Wibowo,25,QA Engineer,28962069
Dewi Suryani,33,QA Engineer,12960313
Gita Hidayat,52,Customer Support,42311972
Joko Wijaya,33,Software Engineer,4084292
Zaki Gunawan,39,Product Manager,28837420
Wati Rahayu,34,Customer Support,27607487
Fitri Setiawan,46,Product Manager,25582365
Citra Nugroho,33,UI/UX Designer,43917540
Putri Pratama,38,Marketing Specialist,4228098
Indra Rahayu,26,Marketing Specialist,29222057
Citra Hidayat,45,Product Manager,39370144
Qori Pratama,41,Customer Support,21048855
Qori Rahayu,50,Sales Executive,27472178
Qori Saputra,52,Office Administrator,9185427
Wati Nugroho,31,Accountant,22144388
Kiki Saputra,40,Sales Executive,22731437
Yanto Suryani,28,Sales Executive,42957327
Dewi Wijaya,42,UI/UX Designer,25772330
Nur Santoso,56,Data Analyst,36961781
Hadi Santoso,59,Marketing Specialist,17571579
Rina Nugroho,37,Customer Support,34733783
Umar Setiawan,22,Marketing Specialist,32994537
Nur Santoso,57,Product Manager,26786563
Oki Saputra,48,Marketing Specialist,12835890
Joko Rahayu,43,HR Staff,6842869
Nur Santoso,41,Accountant,40563725
Citra Santoso,26,QA Engineer,29729014
Indra Saputra,37,Sales Executive,18039631
Fitri Hidayat,22,UI/UX Designer,16947220
Zaki Wijaya,31,QA Engineer,40267073
Zaki Hidayat,56,Accountant,6587254
Andi Wibowo,28,Customer Support,6313360
Yanto Santoso,45,QA Engineer,21931637
Kiki Wijaya,20,Accountant,19106203
Kiki Kusuma,51,Operations Manager,16404081
Zaki Pratama,56,Software Engineer,21698583
Siti Hidayat,55,UI/UX Designer,11073610
Citra Firmansyah,22,UI/UX Designer,17853201
Budi Santoso,33,Accountant,19764694
Citra Saputra,20,UI/UX Designer,24317759
Lestari Nugroho,59,QA Engineer,29003133
Fitri Suryani,19,Marketing Specialist,8876239
Kiki Firmansyah,58,Sales Executive,13457985
Fitri Rahayu,36,Product Manager,8493287
Hadi Saputra,39,Product Manager,19946640
Dewi Rahayu,58,UI/UX Designer,29257227
Zaki Wijaya,45,UI/UX Designer,38271290
Mega Pratama,19,QA Engineer,23483265
Wati Santoso,41,HR Staff,13823556
Nur Pratama,33,Accountant,35057277
Vina Pratama,19,Marketing Specialist,38745762
Vina Santoso,49,Data Analyst,29373371
Citra Firmansyah,38,Customer Support,10721545
Budi Santoso,28,Marketing Specialist,23050848
Indra Wijaya,35,Product Manager,34634355
Joko Rahayu,57,HR Staff,37130976
Qori Rahayu,39,Data Analyst,44565648
Lestari Gunawan,44,Data Analyst,20797230
Eka Saputra,36,Software Engineer,18851526
Kiki Halim,56,Sales Executive,16869865
Eka Pratama,22,UI/UX Designer,43902187
Lestari Hidayat,52,Accountant,16800578
Kiki Rahayu,59,UI/UX Designer,14291702
Nur Rahayu,21,Marketing Specialist,42964805
Gita Gunawan,27,Marketing Specialist,17894708
Siti Setiawan,48,UI/UX Designer,28993118
Kiki Santoso,21,HR Staff,15172171
Citra Wibowo,49,Software Engineer,34596613
Umar Setiawan,23,Operations Manager,26322439
Putri Wibowo,37,Accountant,37565426
Gita Rahayu,60,Data Analyst,37020207
Yanto Gunawan,50,Data Analyst,15148845
Qori Saputra,55,Marketing Specialist,28759865
Siti Nugroho,41,Sales Executive,12943984
Gita Hidayat,56,Software Engineer,17707664
Eka Wibowo,51,Operations Manager,5691235
Rina Rahayu,18,Accountant,13269280
Budi Saputra,59,Office Administrator,43967981
Mega Rahayu,23,HR Staff,25649430
Joko Kusuma,34,Sales Executive,42798785
Vina Saputra,42,UI/UX Designer,15798582
Andi Gunawan,25,UI/UX Designer,35130118
Hadi Rahayu,41,Customer Support,20956094
Siti Wibowo,55,Marketing Specialist,27837007
Zaki Firmansyah,23,HR Staff,13180710
Nur Nugroho,38,UI/UX Designer,19389970
Yanto Firmansyah,57,Operations Manager,32650626
Wati Halim,18,Office Administrator,36660191
Joko Rahayu,26,Product Manager,30584704
Eka Halim,44,Data Analyst,33452395
Qori Nugroho,48,Operations Manager,39564369
Indra Hidayat,49,Office Administrator,6507157
Wati Kusuma,21,Marketing Specialist,5304966
Andi Wijaya,59,UI/UX Designer,9851266
Wati Rahayu,38,UI/UX Designer,9317114
Fitri Gunawan,42,QA Engineer,10112448
Mega Nugroho,42,Sales Executive,29948300
Wati Rahayu,40,Accountant,38236933
Wati Wijaya,54,Data Analyst,31380331
Andi Wibowo,23,Office Administrator,29929771
Indra Hidayat,38,Office Administrator,43025267
Joko Firmansyah,32,Product Manager,35255844
Kiki Saputra,52,Software Engineer,14496200
Yanto Halim,29,Marketing Specialist,16907062
Eka Firmansyah,25,Customer Support,31397341
Oki Kusuma,27,Office Administrator,38723478
Tono Rahayu,59,Sales Executive,38733204
Indra Halim,38,QA Engineer,40167361
Gita Santoso,49,Office Administrator,30637173
Umar Hidayat,20,Sales Executive,25422423
Citra Firmansyah,58,Operations Manager,8961237
Citra Rahayu,22,QA Engineer,19946367
Yanto Gunawan,60,Operations Manager,37209641
Putri Kusuma,33,Customer Support,22325236
Dewi Firmansyah,48,Accountant,39634562
Yanto Halim,21,Product Manager,23867276
Lestari Nugroho,55,HR Staff,29508418
Rina Firmansyah,23,Office Administrator,24617224
Dewi Hidayat,56,Office Administrator,9024483
Budi Wijaya,37,HR Staff,20832727
Umar Suryani,37,Customer Support,22382078
Oki Setiawan,51,Operations Manager,43590627
Wati Suryani,48,QA Engineer,34356494
Gita Kusuma,40,Marketing Specialist,8342800
Putri Santoso,24,Operations Manager,5708101
Hadi Wijaya,36,Operations Manager,40543990
Nur Hidayat,60,Accountant,32018258
Nur Setiawan,32,Sales Executive,19895344
Oki Santoso,20,UI/UX Designer,41353714
Wati Wibowo,38,HR Staff,4347317
Citra Setiawan,22,Sales Executive,40402188
Nur Firmansyah,48,Marketing Specialist,25235915
Umar Wibowo,19,Software Engineer,20592278
Gita Nugroho,22,Operations Manager,41117883
Rina Setiawan,22,Sales Executive,4190621
Vina Gunawan,28,Product Manager,43909243
Nur Suryani,38,UI/UX Designer,38838014
Wati Setiawan,48,Data Analyst,6008855
Wati Rahayu,50,UI/UX Designer,15506760
Wati Pratama,48,Data Analyst,32871744
Eka Wijaya,52,Software Engineer,27895829
Putri Firmansyah,58,Office Administrator,5441026
Gita Saputra,32,Office Administrator,41946001
Rina Wijaya,36,HR Staff,20143123
Gita Wibowo,34,Sales Executive,8541013
Citra Firmansyah,60,HR Staff,4010952
Budi Halim,52,Sales Executive,21259338
Eka Hidayat,19,UI/UX Designer,14195727
Nur Kusuma,26,QA Engineer,36285387
Tono Setiawan,47,Customer Support,10523495
Kiki Halim,26,Accountant,35192819
Nur Santoso,20,Office Administrator,6554165
Andi Gunawan,43,Marketing Specialist,40407106
Dewi Saputra,49,QA Engineer,43147113
Vina Saputra,49,Operations Manager,17346595
Putri Rahayu,30,Customer Support,7250195
Dewi Rahayu,40,Office Administrator,26395143
Citra Firmansyah,26,Software Engineer,13557044
Andi Pratama,18,Accountant,13635565
Yanto Kusuma,48,Operations Manager,14326662
Tono Saputra,30,Data Analyst,17844354
Putri Halim,19,Data Analyst,14068796
Tono Wibowo,35,Customer Support,5077314
Tono Gunawan,33,Product Manager,25125635
Citra Suryani,53,Sales Executive,34789866
Putri Setiawan,41,Marketing Specialist,23759989
Oki Gunawan,47,Accountant,39604004
Nur Wibowo,35,Product Manager,44918962
Rina Suryani,18,QA Engineer,22820289
Zaki Setiawan,49,QA Engineer,15765025
Budi Nugroho,44,UI/UX Designer,9233589
Dewi Nugroho,56,Customer Support,44763363
Putri Saputra,21,Product Manager,33574696
Fitri Setiawan,19,Sales Executive,32131112
Budi Setiawan,21,HR Staff,10258845
Hadi Saputra,52,Customer Support,9883045
Fitri Setiawan,48,QA Engineer,21786886
Lestari Pratama,21,Office Administrator,10639864
Fitri Wijaya,29,Data Analyst,8194135
Yanto Pratama,37,Accountant,12485530
Rina Kusuma,55,Software Engineer,22563661
Oki Nugroho,59,QA Engineer,31714069
Zaki Kusuma,39,QA Engineer,24430526
Nur Firmansyah,45,Data Analyst,24965951
Kiki Halim,48,Product Manager,4401206
Mega Santoso,60,Office Administrator,40335907
Putri Gunawan,57,Product Manager,43446728
Citra Pratama,59,QA Engineer,31181821
Dewi Setiawan,29,Customer Support,14137501
Andi Kusuma,33,Office Administrator,11797323
Zaki Wijaya,21,Software Engineer,8042010
Siti Halim,51,Operations Manager,36355722
Vina Gunawan,44,UI/UX Designer,40827592
Kiki Setiawan,23,Customer Support,10729133
Fitri Santoso,60,UI/UX Designer,31125295
Kiki Hidayat,54,Office Administrator,35422549
Vina Rahayu,41,Office Administrator,15958588
Wati Halim,27,Operations Manager,4565813
Putri Saputra,32,Sales Executive,35762735
Indra Firmansyah,38,Marketing Specialist,17252931
Hadi Firmansyah,46,Operations Manager,15648591
Indra Kusuma,51,Operations Manager,42327720
Zaki Santoso,31,Customer Support,39156913
Oki Firmansyah,35,UI/UX Designer,20747433
Budi Nugroho,32,Data Analyst,39808452
Wati Santoso,42,Product Manager,21126782
Budi Hidayat,49,Customer Support,5604732
Yanto Saputra,55,Customer Support,33973210
Qori Pratama,49,Marketing Specialist,25101526
Budi Gunawan,55,UI/UX Designer,9837468
Tono Pratama,39,Office Administrator,21534806
Siti Gunawan,18,QA Engineer,41626945
Vina Kusuma,29,Operations Manager,4842440
Citra Pratama,36,HR Staff,16157032
Putri Wibowo,20,Operations Manager,15085383
Qori Firmansyah,30,Product Manager,18049263
Eka Wibowo,22,Data Analyst,28416033
Kiki Nugroho,55,Product Manager,41506847
Qori Suryani,23,HR Staff,26045016
Andi Setiawan,25,Marketing Specialist,34810770
Vina Nugroho,24,Accountant,31813423
Tono Hidayat,19,UI/UX Designer,25656003
Dewi Pratama,29,Customer Support,14714680
Kiki Halim,18,Marketing Specialist,18857973
Indra Firmansyah,52,UI/UX Designer,8952596
Oki Wijaya,50,Software Engineer,42444789
Zaki Wijaya,25,Customer Support,20806330
Kiki Firmansyah,37,Accountant,30899581
Fitri Kusuma,42,Data Analyst,8367914
Nur Saputra,45,QA Engineer,37547626
Zaki Halim,55,Accountant,13712144
Mega Pratama,27,UI/UX Designer,10520790
Citra Suryani,38,Product Manager,36818750
Indra Firmansyah,50,Customer Support,6593323
Eka Setiawan,21,Data Analyst,12949545
Qori Santoso,23,Data Analyst,21786947
Citra Pratama,24,Operations Manager,29279704
Yanto Kusuma,60,HR Staff,6433735
Mega Firmansyah,51,UI/UX Designer,16315782
Wati Firmansyah,48,Office Administrator,27483328
Indra Gunawan,52,Data Analyst,43791051
Indra Halim,33,Marketing Specialist,6378888
Umar Gunawan,49,Operations Manager,10038607
Eka Pratama,51,HR Staff,16820880
Vina Pratama,45,Product Manager,14259936
Dewi Nugroho,55,Customer Support,19100247
Nur Hidayat,18,Accountant,29082761
Wati Kusuma,21,Accountant,36409078
Zaki Rahayu,38,UI/UX Designer,44727242
Eka Gunawan,24,Software Engineer,17628078
Citra Setiawan,36,Operations Manager,17796320
Joko Saputra,24,Product Manager,7677357
Vina Saputra,41,QA Engineer,20338295
Vina Wijaya,28,Data Analyst,22316736
Kiki Kusuma,46,Sales Executive,20948223
Nur Hidayat,58,HR Staff,35889740
Eka Halim,26,QA Engineer,20376367
Hadi Kusuma,39,Office Administrator,38164146
Siti Kusuma,22,Customer Support,27700473
Lestari Wijaya,29,Sales Executive,35926758
Hadi Nugroho,55,Software Engineer,31996563
Eka Nugroho,24,Data Analyst,32215701
Andi Wibowo,58,Product Manager,44596918
Kiki Gunawan,54,Customer Support,25489156
Umar Suryani,26,Product Manager,28202287
Tono Hidayat,29,Software Engineer,6705526
Dewi Suryani,40,Data Analyst,8090040
Vina Setiawan,34,Marketing Specialist,6152618
Tono Kusuma,59,Marketing Specialist,12607781
Oki Firmansyah,42,HR Staff,8920697
Eka Wijaya,18,Software Engineer,21299780
Kiki Nugroho,42,Accountant,17593015
Joko Firmansyah,38,Office Administrator,7707762
Siti Firmansyah,39,Data Analyst,8479771
Indra Kusuma,54,Customer Support,34390864
Wati Wibowo,48,Product Manager,32764563
Qori Santoso,59,Operations Manager,14892025
Eka Wijaya,52,Office Administrator,19765987
Umar Pratama,23,Accountant,5982776
Gita Suryani,44,Office Administrator,26055349
Oki Pratama,45,Product Manager,41802606
Hadi Santoso,50,HR Staff,22158588
Qori Kusuma,37,QA Engineer,6210163
Nur Hidayat,52,QA Engineer,32957577
Rina Pratama,56,QA Engineer,29212982
Joko Rahayu,51,Sales Executive,5565221
Zaki Gunawan,51,UI/UX Designer,25524880
Vina Santoso,55,QA Engineer,35690428
Lestari Saputra,35,Product Manager,37604424
Gita Suryani,23,Data Analyst,12715737
Vina Santoso,27,Product Manager,15367024
Indra Saputra,33,HR Staff,17833995
Putri Pratama,52,Customer Support,27497996
Zaki Gunawan,57,UI/UX Designer,42577867
Yanto Wijaya,20,QA Engineer,25832820
Tono Halim,60,Operations Manager,44878289
Kiki Gunawan,46,Data Analyst,24852320
Rina Saputra,25,Operations Manager,42295312
Tono Saputra,33,UI/UX Designer,30350469
Oki Setiawan,38,Marketing Specialist,15594663
Nur Wibowo,49,Product Manager,7769300
Zaki Pratama,44,UI/UX Designer,19141169
Indra Pratama,39,QA Engineer,32527972
Lestari Santoso,49,Software Engineer,23942751
Fitri Wibowo,43,Accountant,41899120
Joko Firmansyah,19,Product Manager,15493725
Zaki Nugroho,27,QA Engineer,29928563
Umar Halim,38,Software Engineer,40505751
Zaki Gunawan,50,HR Staff,44723481
Putri Santoso,33,Product Manager,33759336
Dewi Hidayat,56,Accountant,11790240
Yanto Santoso,30,Customer Support,6250376
Siti Saputra,38,Product Manager,44689498
Wati Santoso,27,Software Engineer,12159279
Mega Wibowo,45,Office Administrator,19981639
Qori Setiawan,35,Customer Support,21569528
Kiki Wijaya,30,Marketing Specialist,17217883
Siti Santoso,41,Data Analyst,27313989
Mega Kusuma,31,Product Manager,33936819
Tono Rahayu,49,Sales Executive,18413748
Mega Gunawan,33,QA Engineer,43285872
Andi Halim,54,Sales Executive,24488260
Hadi Kusuma,36,Operations Manager,10031013
Indra Hidayat,27,HR Staff,22356124
Oki Kusuma,28,HR Staff,16342399
Citra Suryani,18,Sales Executive,33438102
Nur Nugroho,24,Office Administrator,40910959
Hadi Suryani,45,Product Manager,40464728
Lestari Wijaya,36,Operations Manager,28678242
Yanto Gunawan,50,Accountant,30609180
Citra Wijaya,43,Marketing Specialist,19558746
Lestari Nugroho,53,UI/UX Designer,34258332
Fitri Wijaya,33,HR Staff,12332208
Dewi Rahayu,44,HR Staff,37741744
Citra Firmansyah,55,Sales Executive,23820905
Citra Hidayat,44,UI/UX Designer,16040859
Umar Gunawan,48,HR Staff,28536522
Yanto Hidayat,31,Software Engineer,41164934
Putri Santoso,49,Accountant,11916966
Dewi Kusuma,44,Customer Support,32451190
Andi Nugroho,19,Software Engineer,41011827
Vina Rahayu,18,Data Analyst,26028562
Fitri Firmansyah,25,Customer Support,27548582
Mega Gunawan,33,Accountant,39811588
Mega Wijaya,46,Customer Support,32697045
Eka Kusuma,35,Marketing Specialist,17899817
Citra Wijaya,24,Product Manager,17110825
Oki Hidayat,37,UI/UX Designer,31695717
Indra Pratama,27,Software Engineer,43739942
Indra Hidayat,44,Software Engineer,25632238
Qori Hidayat,37,Office Administrator,15824986
Rina Saputra,44,Software Engineer,13269212
Oki Kusuma,48,Customer Support,12385878
Mega Firmansyah,46,Data Analyst,43015739
Yanto Firmansyah,47,UI/UX Designer,5211877
Wati Suryani,55,Data Analyst,17639621
Budi Wibowo,33,Marketing Specialist,27627801
Budi Wijaya,21,Office Administrator,21322548
Wati Firmansyah,58,Marketing Specialist,28445847
Kiki Halim,23,Operations Manager,37057281
Lestari Nugroho,29,Software Engineer,34128779
Fitri Setiawan,26,Office Administrator,23026497
Zaki Firmansyah,22,Data Analyst,30604277
Citra Nugroho,40,Marketing Specialist,25608198
Siti Wijaya,46,Marketing Specialist,15539532
Rina Kusuma,37,Product Manager,4176071
Nur Halim,45,Customer Support,15012253
Citra Kusuma,45,QA Engineer,26465353
Zaki Saputra,54,QA Engineer,5096539
Gita Wijaya,59,Software Engineer,30309253
Yanto Firmansyah,45,Operations Manager,26270135
Tono Kusuma,36,UI/UX Designer,6533040
Gita Gunawan,21,QA Engineer,40521395
Fitri Pratama,55,Accountant,12950903
Mega Saputra,20,Data Analyst,16115501
Joko Rahayu,40,Customer Support,28374820
Indra Setiawan,22,Customer Support,38461130
Qori Halim,33,Accountant,4168323
Vina Rahayu,32,Office Administrator,13108798
Qori Halim,43,Marketing Specialist,22116437
Fitri Setiawan,58,Software Engineer,10723526
Andi Setiawan,54,Sales Executive,19403553
Kiki Pratama,37,QA Engineer,30753388
Zaki Rahayu,52,Product Manager,4616245
Zaki Suryani,28,Sales Executive,13251937
Qori Santoso,26,Data Analyst,17958554
Qori Gunawan,44,Software Engineer,42605166
Nur Wibowo,26,Software Engineer,37613140
Zaki Rahayu,59,HR Staff,40314409
Putri Firmansyah,59,Product Manager,6405856
Putri Rahayu,23,Accountant,16752461
Wati Setiawan,24,Sales Executive,9410524
Vina Suryani,45,HR Staff,30228500
Tono Rahayu,20,Data Analyst,14443474
Umar Suryani,49,Data Analyst,14983936
Mega Santoso,56,UI/UX Designer,38272723
Citra Kusuma,52,Customer Support,39489320
Rina Suryani,51,Customer Support,24625232
Fitri Kusuma,38,Operations Manager,24721530
Umar Wibowo,36,QA Engineer,5442755
Joko Saputra,20,Product Manager,29697183
Qori Pratama,31,Operations Manager,21103903
Siti Setiawan,25,Product Manager,11399783
Hadi Setiawan,45,Accountant,20916057
Citra Pratama,53,UI/UX Designer,27176272
Vina Hidayat,51,Marketing Specialist,13480687
Wati Saputra,42,Data Analyst,7351468
Gita Halim,25,Office Administrator,29832484
Kiki Pratama,29,UI/UX Designer,30744056
Dewi Rahayu,33,QA Engineer,9987789
Budi Rahayu,24,Software Engineer,7144519
Hadi Hidayat,39,Accountant,10622716
Nur Nugroho,21,Office Administrator,26005249
Wati Kusuma,18,QA Engineer,31849040
Vina Halim,31,Marketing Specialist,29179877
Rina Nugroho,41,Customer Support,44443113
Siti Pratama,60,Customer Support,32110543
Mega Nugroho,47,UI/UX Designer,15640424
Mega Saputra,44,Software Engineer,8466225
Indra Hidayat,26,Sales Executive,38664960
Umar Wijaya,59,Operations Manager,32469409
Budi Hidayat,52,Sales Executive,8900222
Wati Suryani,50,HR Staff,31112283
Hadi Saputra,35,UI/UX Designer,7942315
Mega Pratama,53,HR Staff,25998417
Fitri Santoso,26,QA Engineer,37127321
Gita Gunawan,43,QA Engineer,29614339
Fitri Nugroho,48,Customer Support,26539988
Lestari Hidayat,48,QA Engineer,16767590
Zaki Gunawan,40,Product Manager,43934671
Wati Suryani,31,UI/UX Designer,37730054
Putri Suryani,36,HR Staff,24386878
Lestari Wijaya,20,Accountant,7706987
Hadi Pratama,43,UI/UX Designer,10152078
Yanto Saputra,18,Sales Executive,18972445
Andi Rahayu,40,Marketing Specialist,39627724
Vina Wibowo,22,Product Manager,41779725
Tono Santoso,26,QA Engineer,32377887
Kiki Nugroho,56,Marketing Specialist,5971848
Joko Kusuma,22,Operations Manager,7016658
Putri Rahayu,20,Product Manager,40353446
Zaki Nugroho,19,Marketing Specialist,19942795
Hadi Wibowo,43,Office Administrator,31108511
Mega Hidayat,60,Operations Manager,10507521
Zaki Rahayu,22,Product Manager,42923291
Tono Gunawan,26,HR Staff,5388718
Tono Setiawan,24,Software Engineer,40093142
Wati Saputra,39,Data Analyst,4932946
Wati Wijaya,30,UI/UX Designer,33005281
Umar Kusuma,18,QA Engineer,28063052
Tono Kusuma,57,Marketing Specialist,42125734
Fitri Pratama,33,Marketing Specialist,40406416
Umar Firmansyah,25,Operations Manager,11956668
Joko Santoso,51,Office Administrator,36159427
Qori Wijaya,37,Customer Support,12913757
Citra Setiawan,36,Accountant,23659836
Umar Wijaya,48,Sales Executive,33827153
Dewi Suryani,49,Accountant,32227673
Citra Suryani,25,UI/UX Designer,34329935
Oki Santoso,36,Sales Executive,4297829
Gita Halim,60,Product Manager,25654962
Fitri Hidayat,22,Data Analyst,36972971
Andi Kusuma,60,QA Engineer,28674408
Budi Saputra,50,Product Manager,12454664
Tono Wibowo,46,QA Engineer,18905530
Andi Firmansyah,29,Customer Support,29847445
Zaki Rahayu,39,Customer Support,41601742
Yanto Wijaya,35,QA Engineer,11243174
Oki Wijaya,56,Sales Executive,39037980
Kiki Setiawan,32,QA Engineer,43227198
Kiki Firmansyah,37,Office Administrator,35401315
Citra Pratama,36,UI/UX Designer,11131008
Vina Halim,57,Product Manager,13219159
Putri Hidayat,48,Office Administrator,11296548
Fitri Gunawan,49,UI/UX Designer,8183497
Rina Gunawan,28,Operations Manager,27112833
Vina Setiawan,57,Accountant,11557180
Mega Wijaya,54,Marketing Specialist,22143305
Wati Wibowo,41,HR Staff,33219542
Lestari Wijaya,46,Office Administrator,14820358
Andi Nugroho,30,Office Administrator,23901176
Hadi Saputra,22,Product Manager,37416542
Vina Wijaya,50,Software Engineer,5061723
Putri Rahayu,53,Accountant,13761451
Qori Suryani,18,Product Manager,8501946
Kiki Gunawan,29,Accountant,38461433
Oki Santoso,34,HR Staff,26438922
Putri Hidayat,53,Product Manager,7302376
Qori Pratama,51,Software Engineer,34919717
Umar Firmansyah,27,Operations Manager,23481588
Joko Wibowo,35,Software Engineer,22508526
Qori Pratama,38,Marketing Specialist,29832696
Citra Saputra,38,Customer Support,17423887
Fitri Rahayu,58,Sales Executive,14902784
Vina Wibowo,39,UI/UX Designer,27467876
Siti Firmansyah,31,Customer Support,29419756
Joko Gunawan,38,Product Manager,14139547
Indra Wibowo,37,Accountant,30718394
Fitri Rahayu,34,QA Engineer,11168423
Yanto Nugroho,58,Product Manager,9267501
Indra Wijaya,51,UI/UX Designer,18990012
Budi Wibowo,34,QA Engineer,41613015
Eka Kusuma,43,HR Staff,44507886
Lestari Wibowo,57,Office Administrator,9732225
Indra Nugroho,52,Data Analyst,24682406
Budi Saputra,23,Customer Support,33956660
Citra Rahayu,56,Marketing Specialist,43521812
Vina Wijaya,58,UI/UX Designer,36194147
Umar Halim,31,Data Analyst,16830650
Gita Gunawan,38,QA Engineer,15311219
Putri Halim,33,HR Staff,29833430
Qori Kusuma,51,Operations Manager,21646940
Fitri Suryani,42,Marketing Specialist,17278910
Qori Saputra,34,Product Manager,10558040
Lestari Halim,60,Office Administrator,5815923
Andi Firmansyah,58,Sales Executive,14292374
Fitri Saputra,29,Data Analyst,28767681
Kiki Wijaya,49,UI/UX Designer,35547928
Eka Kusuma,40,UI/UX Designer,41094274
Citra Gunawan,30,QA Engineer,11892533
Vina Hidayat,49,Product Manager,18505532
Indra Firmansyah,50,Data Analyst,35551967
Siti Nugroho,28,Office Administrator,9813067
Mega Wibowo,38,Marketing Specialist,33273314
Umar Santoso,52,QA Engineer,12482764
Vina Kusuma,54,Office Administrator,18747357
Rina Firmansyah,20,Product Manager,39434951
Hadi Gunawan,29,UI/UX Designer,40541756
Citra Gunawan,33,Office Administrator,14418967
Budi Hidayat,35,Data Analyst,44746511
Indra Wibowo,25,Sales Executive,5452228
Vina Hidayat,30,Accountant,39436788
Wati Pratama,26,Product Manager,5710942
Gita Saputra,36,Office Administrator,12067348
Indra Wijaya,20,Data Analyst,31879764
Oki Rahayu,30,Customer Support,29663276
Citra Rahayu,33,HR Staff,23481785
Rina Suryani,29,Software Engineer,44846554
Dewi Halim,30,HR Staff,21984045
Umar Setiawan,23,UI/UX Designer,42185742
Citra Suryani,36,Product Manager,26073933
Yanto Hidayat,44,Accountant,8616011
Fitri Rahayu,26,UI/UX Designer,14328956
Andi Wibowo,44,QA Engineer,29553537
Qori Wijaya,36,QA Engineer,11950177
Gita Nugroho,37,Customer Support,19927877
Vina Hidayat,23,Marketing Specialist,37307278
Dewi Wibowo,34,Sales Executive,42461660
Lestari Setiawan,34,Software Engineer,8536919
Rina Hidayat,21,Operations Manager,23379833
Siti Setiawan,34,HR Staff,40112848
Kiki Santoso,43,Product Manager,36120171
Oki Suryani,25,QA Engineer,42230846
Yanto Wijaya,58,Data Analyst,30789788
Andi Wijaya,29,Product Manager,30675355
Citra Santoso,22,Office Administrator,14937658
Umar Wijaya,31,Marketing Specialist,38130828
Dewi Wijaya,56,HR Staff,7895137
Eka Hidayat,27,Accountant,24102919
Tono Setiawan,59,Sales Executive,14884715
Eka Rahayu,53,QA Engineer,40131582
Hadi Kusuma,29,Customer Support,36943230
Nur Suryani,52,Marketing Specialist,12271681
Tono Santoso,41,Marketing Specialist,18806871
Dewi Hidayat,34,Accountant,31628095
Budi Wijaya,37,Data Analyst,11773515
Kiki Saputra,24,QA Engineer,23924315
Wati Nugroho,30,HR Staff,8891976
Citra Halim,21,Office Administrator,30187303
Nur Hidayat,21,Office Administrator,29984067
Oki Kusuma,20,Operations Manager,29273145
Kiki Rahayu,49,Data Analyst,39421110
Kiki Suryani,39,Product Manager,35732133
Hadi Setiawan,59,Software Engineer,12323505
Umar Hidayat,32,UI/UX Designer,7352536
Budi Santoso,60,Marketing Specialist,23114595
Indra Gunawan,54,QA Engineer,31315765
Tono Wibowo,44,Accountant,31031418
Gita Setiawan,56,HR Staff,31854277
Fitri Hidayat,45,Accountant,39978353
Dewi Pratama,54,Data Analyst,34523490
Nur Pratama,33,Data Analyst,29332820
Joko Hidayat,42,Accountant,39673026
Dewi Rahayu,33,Accountant,4730865
Eka Hidayat,40,HR Staff,4182271
Qori Saputra,27,Product Manager,13188569
Dewi Rahayu,25,Operations Manager,13936574
Tono Wijaya,28,Marketing Specialist,17722407
Zaki Wibowo,41,Office Administrator,22118796
Putri Firmansyah,32,Software Engineer,16304744
Joko Pratama,40,Software Engineer,29182098
Joko Saputra,41,Software Engineer,7710996
Vina Hidayat,29,Office Administrator,8755302
Joko Wijaya,20,Office Administrator,27995667
Umar Santoso,33,QA Engineer,5243527
Zaki Pratama,33,Customer Support,29700832
Hadi Halim,27,Accountant,30700829
Zaki Setiawan,18,Operations Manager,8464501
Citra Pratama,41,HR Staff,17480226
Joko Setiawan,56,Operations Manager,38051243
Kiki Setiawan,46,Operations Manager,9529165
Qori Santoso,45,Operations Manager,41378072
Fitri Santoso,57,Data Analyst,29697888
Putri Kusuma,39,UI/UX Designer,38460044
Andi Santoso,30,Sales Executive,14208011
Andi Pratama,48,HR Staff,26555649
Budi Suryani,50,UI/UX Designer,15137081
Wati Santoso,46,Software Engineer,7446373
Mega Firmansyah,57,Product Manager,17820200
Joko Firmansyah,54,Accountant,16374963
Rina Suryani,33,Marketing Specialist,42103463
Dewi Gunawan,30,UI/UX Designer,26469447
Putri Wijaya,41,Product Manager,41887165
Oki Gunawan,27,Sales Executive,19303100
Dewi Wibowo,47,HR Staff,19835014
Mega Wibowo,40,Marketing Specialist,28423967
Joko Rahayu,31,Customer Support,37698792
Vina Wijaya,30,Customer Support,6934775
Oki Setiawan,46,Operations Manager,26951248
Indra Wijaya,46,Office Administrator,44183701
Qori Wibowo,57,Software Engineer,4533161
Gita Saputra,19,Operations Manager,38477695
Budi Setiawan,28,Data Analyst,7656828
Tono Wijaya,38,Sales Executive,28861514
Umar Suryani,38,Data Analyst,16460118
Citra Rahayu,36,Operations Manager,9375525
Lestari Gunawan,18,HR Staff,20705997
Andi Suryani,58,Customer Support,26269992
Fitri Pratama,51,Software Engineer,29288189
Budi Suryani,35,Product Manager,19643989
Zaki Wibowo,42,Data Analyst,29201841
Lestari Hidayat,39,Software Engineer,29735597
Kiki Saputra,22,Office Administrator,34526897
Lestari Kusuma,18,UI/UX Designer,31889227
Wati Gunawan,54,QA Engineer,43714315
Hadi Hidayat,21,Marketing Specialist,11713630
Yanto Setiawan,37,QA Engineer,39672401
Mega Gunawan,22,Data Analyst,17257816
Citra Santoso,34,Software Engineer,29953445
Rina Hidayat,38,QA Engineer,27681231
Nur Firmansyah,42,UI/UX Designer,41592020
Siti Rahayu,35,Sales Executive,20690773
Hadi Rahayu,31,Sales Executive,14479904
Gita Rahayu,32,Data Analyst,20511141
Vina Gunawan,47,Operations Manager,44483846
Gita Gunawan,55,Operations Manager,13052370
Citra Pratama,54,QA Engineer,32825128
Nur Wibowo,31,Office Administrator,34936184
Mega Nugroho,54,HR Staff,20271077
Joko Rahayu,44,Software Engineer,16591976
Yanto Saputra,60,Accountant,31762818
Putri Wijaya,43,Marketing Specialist,41840033
Lestari Wijaya,46,Product Manager,40808477
Gita Setiawan,35,Office Administrator,39051741
Tono Saputra,29,Operations Manager,16573589
Yanto Saputra,34,UI/UX Designer,31448563
Yanto Wijaya,60,Marketing Specialist,22573887
Indra Nugroho,22,Software Engineer,23483532
Putri Rahayu,58,Accountant,34755393
Umar Santoso,37,Marketing Specialist,11744724
Umar Suryani,58,Sales Executive,22995958
Yanto Saputra,29,Operations Manager,8308385
Qori Pratama,56,Customer Support,30253966
Andi Saputra,52,Accountant,40781585
Vina Pratama,45,Data Analyst,25882773
Tono Santoso,43,Customer Support,5897688
Qori Hidayat,57,QA Engineer,20965004
Dewi Saputra,48,Product Manager,36327791
Kiki Setiawan,30,Office Administrator,11255447
Dewi Setiawan,24,QA Engineer,41260299
Vina Hidayat,30,Data Analyst,44207685
Kiki Wibowo,36,UI/UX Designer,15168048
Rina Pratama,59,Data Analyst,33539815
Hadi Kusuma,39,QA Engineer,35668552
Indra Hidayat,59,QA Engineer,26124656
Wati Wibowo,48,HR Staff,21891937
Siti Kusuma,22,Customer Support,43210081
Wati Gunawan,57,HR Staff,16752087
Tono Wibowo,58,Product Manager,39007451
Tono Firmansyah,42,Product Manager,7110918
Joko Santoso,54,Customer Support,40745004
Vina Firmansyah,44,Product Manager,18692898
Tono Suryani,44,Accountant,44751678
Gita Saputra,25,Customer Support,13617424
Yanto Wijaya,37,Software Engineer,32681238
Budi Suryani,33,Sales Executive,27419482
Putri Nugroho,27,Sales Executive,19880269
Vina Nugroho,23,UI/UX Designer,19942251
Fitri Suryani,38,Data Analyst,7255846
Oki Pratama,50,Office Administrator,39913368
Joko Hidayat,29,Product Manager,21501552
Vina Hidayat,46,Data Analyst,12303311
Nur Santoso,58,Operations Manager,6527750
Tono Rahayu,42,Data Analyst,32068383
Nur Wibowo,57,Sales Executive,12986192
Umar Setiawan,32,QA Engineer,22026834
Nur Pratama,24,Accountant,26695660
Vina Kusuma,20,HR Staff,35146764
Tono Santoso,51,Office Administrator,26071215
Hadi Suryani,45,Data Analyst,8133296
Rina Rahayu,59,QA Engineer,33107723
Putri Gunawan,31,HR Staff,28828143
Wati Santoso,20,Data Analyst,5329786
Hadi Pratama,48,QA Engineer,22742149
Siti Wijaya,53,Data Analyst,34829822
Oki Santoso,53,UI/UX Designer,14428706
Tono Halim,26,UI/UX Designer,14305232
Zaki Suryani,32,Customer Support,17515431
Lestari Rahayu,54,Sales Executive,16561531
Umar Gunawan,27,UI/UX Designer,4098888
Yanto Wijaya,59,HR Staff,39497679
Putri Kusuma,31,Data Analyst,24961565
Wati Kusuma,26,Marketing Specialist,19777434
Citra Suryani,45,Sales Executive,29071082
Fitri Halim,33,UI/UX Designer,5696423
Gita Hidayat,51,QA Engineer,36641483
Lestari Wibowo,21,UI/UX Designer,42800770
Umar Pratama,38,UI/UX Designer,5039375
Putri Setiawan,36,QA Engineer,19319265
Kiki Wijaya,19,Data Analyst,31678846
Andi Suryani,38,HR Staff,4511926
Kiki Rahayu,37,Customer Support,41594238
Wati Saputra,44,Product Manager,44573008
Kiki Suryani,42,Sales Executive,44113727
Gita Kusuma,23,Office Administrator,6033843
Mega Pratama,59,Data Analyst,36477485
Qori Saputra,31,Data Analyst,20322793
Joko Gunawan,35,Software Engineer,22173233
Budi Firmansyah,52,QA Engineer,7208629
Dewi Halim,51,Sales Executive,7674353
Eka Rahayu,33,Marketing Specialist,28271309
Citra Gunawan,33,Customer Support,43976465
Gita Suryani,52,UI/UX Designer,39440176
Budi Firmansyah,49,Product Manager,38396060
Yanto Suryani,37,QA Engineer,35768363
Indra Gunawan,45,Product Manager,31077722
Putri Gunawan,49,Accountant,27193445
Lestari Suryani,42,Accountant,18008425
Zaki Hidayat,40,Data Analyst,44938436
Lestari Nugroho,30,Operations Manager,36141242
Gita Rahayu,50,Office Administrator,35794871
Fitri Wibowo,20,Marketing Specialist,41202817
Oki Saputra,36,QA Engineer,23437717
Tono Gunawan,57,HR Staff,12670729
Eka Halim,35,HR Staff,42044420
Oki Nugroho,51,Sales Executive,12057708
Fitri Wibowo,50,QA Engineer,43930099
Putri Firmansyah,32,Office Administrator,31941070
Putri Pratama,20,QA Engineer,31319335
Rina Nugroho,31,Operations Manager,36708617
Hadi Firmansyah,60,Software Engineer,29611444
Citra Gunawan,18,Sales Executive,23625002
Vina Rahayu,19,Sales Executive,4092000
Joko Setiawan,32,Customer Support,33401131
Dewi Suryani,20,UI/UX Designer,40231980
Zaki Hidayat,19,Data Analyst,37120523
Oki Setiawan,34,Product Manager,32676550
Tono Hidayat,50,UI/UX Designer,10905130
Zaki Hidayat,39,QA Engineer,12518315
Andi Halim,45,Marketing Specialist,8640566
Rina Hidayat,22,HR Staff,11215475
Qori Suryani,29,Sales Executive,16576588
Vina Wibowo,56,Marketing Specialist,42516114
Zaki Saputra,39,HR Staff,43162702
Hadi Nugroho,27,QA Engineer,5098462
Lestari Halim,19,Accountant,37871735
Umar Nugroho,22,Sales Executive,31045839
Oki Halim,33,Product Manager,7533908
Andi Saputra,45,Accountant,11740221
Citra Santoso,51,Customer Support,25574215
Hadi Santoso,50,Product Manager,41066784
Hadi Setiawan,35,Operations Manager,36786711
Citra Rahayu,34,Product Manager,30948762
Kiki Firmansyah,50,Data Analyst,24446285
Oki Firmansyah,35,Operations Manager,19859710
Indra Gunawan,55,HR Staff,34123433
Indra Setiawan,57,Sales Executive,41067753
Kiki Gunawan,40,QA Engineer,26981657
Qori Saputra,25,HR Staff,27530884
Kiki Kusuma,38,HR Staff,12901508
Nur Hidayat,49,QA Engineer,29195464
Hadi Wibowo,44,UI/UX Designer,8653277
Joko Saputra,21,Sales Executive,15401533
Yanto Gunawan,56,HR Staff,22278837
Umar Gunawan,47,UI/UX Designer,32389308
Budi Santoso,59,QA Engineer,26182422
Qori Santoso,44,UI/UX Designer,21187056
Indra Hidayat,50,UI/UX Designer,34989931
Fitri Pratama,35,Marketing Specialist,9956862
Andi Saputra,56,Product Manager,25253452
Zaki Hidayat,26,Software Engineer,31873539
Indra Nugroho,29,Office Administrator,18163308
Eka Setiawan,47,Operations Manager,20830663
Vina Saputra,48,Marketing Specialist,29028819
Wati Halim,30,Accountant,30163141
Gita Gunawan,52,Marketing Specialist,5381091
Lestari Santoso,47,Product Manager,42774511
Budi Firmansyah,29,Office Administrator,14835242
Siti Wibowo,23,Software Engineer,15157566
Andi Hidayat,29,Data Analyst,31819082
Umar Gunawan,19,Marketing Specialist,10094306
Zaki Kusuma,33,Customer Support,32832559
Oki Rahayu,59,Office Administrator,34817012
Qori Kusuma,59,Data Analyst,23065950
Fitri Rahayu,21,Customer Support,31183031
Vina Wijaya,31,QA Engineer,22095250
Tono Suryani,52,Customer Support,4716998
Umar Kusuma,43,Customer Support,16983463
Citra Wibowo,27,HR Staff,7824820
Mega Santoso,22,HR Staff,10933351
Andi Pratama,19,UI/UX Designer,26165465
Fitri Halim,52,Marketing Specialist,33335994
Qori Wibowo,32,Marketing Specialist,41800535
Andi Pratama,18,Sales Executive,32091420
Mega Hidayat,33,Software Engineer,33482714
Indra Gunawan,21,Sales Executive,21002027
Wati Santoso,23,Accountant,6373059
Qori Santoso,38,Customer Support,22116213
Fitri Setiawan,48,Product Manager,44585961
Eka Nugroho,32,Customer Support,40335452
Fitri Pratama,51,Product Manager,13182869
Lestari Halim,31,UI/UX Designer,32640599
Dewi Halim,38,Operations Manager,8683831
Andi Saputra,32,UI/UX Designer,14943640
Putri Wijaya,21,Software Engineer,43596454
Yanto Firmansyah,50,Customer Support,4986164
Zaki Gunawan,56,Sales Executive,25526960
Budi Pratama,31,Product Manager,9358174
Rina Gunawan,22,UI/UX Designer,13201872
Citra Pratama,43,Sales Executive,11133159
Siti Saputra,52,Data Analyst,6771660
Fitri Gunawan,26,Sales Executive,29479207
Putri Halim,55,Office Administrator,25902378
Lestari Kusuma,22,Data Analyst,11754590
Yanto Pratama,51,Data Analyst,34984133
Tono Suryani,19,Sales Executive,36109318
Putri Rahayu,45,Product Manager,18592449
Siti Santoso,30,Marketing Specialist,33466181
Joko Saputra,25,Operations Manager,44138721
Rina Wijaya,23,Office Administrator,33292417
Dewi Pratama,57,Accountant,20719230
Andi Halim,41,UI/UX Designer,34676290
Vina Wijaya,38,Operations Manager,23281897
Gita Santoso,25,Accountant,40134582
Tono Kusuma,40,UI/UX Designer,35860526
Nur Firmansyah,55,QA Engineer,10011545
Tono Kusuma,28,Operations Manager,34510739
Wati Firmansyah,18,Product Manager,5981758
Vina Suryani,57,Office Administrator,12212721
Siti Rahayu,49,UI/UX Designer,24350602
Eka Suryani,26,Customer Support,27713440
Citra Halim,30,Marketing Specialist,7948873
Rina Kusuma,54,Sales Executive,35130950
Eka Hidayat,37,Sales Executive,9714336
Joko Nugroho,34,Accountant,27894941
Hadi Saputra,51,Software Engineer,15630710
Kiki Halim,40,UI/UX Designer,37354684
Eka Santoso,29,Operations Manager,43390537
Siti Kusuma,41,Software Engineer,6558685
Gita Firmansyah,41,Data Analyst,41409422
Siti Wijaya,56,Software Engineer,30918099
Zaki Setiawan,25,Operations Manager,12037254
Vina Firmansyah,59,Accountant,15826738
Nur Suryani,25,Operations Manager,23337589
Lestari Santoso,35,Accountant,18112129
Vina Setiawan,53,Accountant,25073191
Gita Kusuma,33,Office Administrator,29917895
Kiki Setiawan,56,Accountant,33375217
Fitri Firmansyah,50,Accountant,25270781
Vina Rahayu,39,Sales Executive,38909454
Qori Pratama,22,Software Engineer,20795729
Mega Pratama,25,HR Staff,29014104
Nur Rahayu,43,UI/UX Designer,42113549
Vina Halim,58,Accountant,35593394
Fitri Setiawan,39,Operations Manager,9734201
Fitri Setiawan,39,Operations Manager,14233907
Tono Santoso,30,Customer Support,22904185
Yanto Saputra,46,Office Administrator,31506952
Yanto Wibowo,31,UI/UX Designer,13323801
Andi Nugroho,57,Accountant,39464289
Nur Halim,30,Customer Support,38954001
Budi Saputra,20,Operations Manager,10572035
Hadi Firmansyah,36,Accountant,24549842
Kiki Wibowo,25,Operations Manager,7035798
Kiki Suryani,21,HR Staff,7177920
Nur Wijaya,58,Customer Support,17027072
Hadi Wibowo,33,QA Engineer,19959631
Mega Wibowo,34,Office Administrator,6219039
Dewi Kusuma,46,HR Staff,4770755
Nur Saputra,44,Office Administrator,42034666
Fitri Setiawan,20,Operations Manager,6609454
Lestari Rahayu,51,Data Analyst,39533557
Wati Saputra,30,Customer Support,23108168
Siti Firmansyah,42,Accountant,43461831
Oki Saputra,18,Accountant,44001740
Gita Suryani,34,Data Analyst,42168547
Indra Firmansyah,36,Operations Manager,8723102
Nur Wijaya,27,Software Engineer,41613014
Vina Gunawan,21,Operations Manager,43652852
Putri Rahayu,42,QA Engineer,29110195
Putri Firmansyah,55,Marketing Specialist,26733816
Joko Gunawan,52,Sales Executive,8085680
Tono Wijaya,43,HR Staff,39757085
Kiki Wijaya,20,Sales Executive,13089236
Qori Halim,31,HR Staff,15891373
Budi Nugroho,36,Office Administrator,5461801
Eka Wibowo,25,Office Administrator,4325183
Hadi Saputra,50,Data Analyst,11066481
Joko Hidayat,19,Customer Support,21997762
Putri Nugroho,23,Data Analyst,14486436
Siti Hidayat,24,Customer Support,10881635
Eka Setiawan,19,UI/UX Designer,42336445
Qori Suryani,38,Customer Support,11391794
Gita Kusuma,24,Operations Manager,18030874
Kiki Gunawan,47,QA Engineer,23035433
Siti Kusuma,58,Data Analyst,22729029
Fitri Firmansyah,25,Sales Executive,30255752
Tono Nugroho,29,Office Administrator,21101731
Dewi Setiawan,46,HR Staff,19523656
Vina Suryani,20,Sales Executive,42212118
Fitri Wibowo,25,Operations Manager,29249050
Joko Suryani,54,Office Administrator,21649538
Vina Rahayu,60,Sales Executive,10702597
Fitri Setiawan,52,Data Analyst,35171830
Hadi Saputra,30,Product Manager,36728653
Umar Firmansyah,18,Software Engineer,5653166
Lestari Saputra,32,Software Engineer,4769301
Kiki Wibowo,59,Product Manager,25812537
Nur Nugroho,34,Office Administrator,9381045
Rina Pratama,29,Marketing Specialist,24858654
Hadi Setiawan,21,Marketing Specialist,15487140
Mega Santoso,23,HR Staff,30315164
Lestari Firmansyah,39,Product Manager,40546527
Dewi Santoso,60,Sales Executive,34744620
Mega Pratama,54,QA Engineer,29142214
Vina Saputra,32,QA Engineer,30715182
Rina Nugroho,27,Accountant,19003041
Lestari Halim,25,Software Engineer,12570266
Lestari Wibowo,50,Accountant,17280485
Gita Santoso,45,QA Engineer,14650466
Budi Rahayu,47,Operations Manager,15389510
Oki Nugroho,54,Accountant,31265420
Nur Suryani,32,QA Engineer,38966356
Yanto Nugroho,18,HR Staff,22750673
Joko Kusuma,32,QA Engineer,8042009
Zaki Saputra,42,Marketing Specialist,31864623
Rina Wibowo,50,Product Manager,24439822
Nur Pratama,45,Operations Manager,31003982
Oki Nugroho,47,Accountant,28900741
Vina Saputra,21,Office Administrator,40267778
Qori Firmansyah,37,QA Engineer,41021700
Rina Wijaya,31,Software Engineer,15462399
Wati Nugroho,23,Software Engineer,40760556
Oki Suryani,30,HR Staff,11061226
Dewi Rahayu,44,Product Manager,27785159
Zaki Wijaya,21,HR Staff,24666978
Dewi Setiawan,29,Office Administrator,30808075
Oki Rahayu,21,Operations Manager,38545628
Joko Saputra,36,HR Staff,43322205
Tono Setiawan,34,Software Engineer,9633285
Dewi Hidayat,45,Customer Support,31693179
Eka Hidayat,44,Product Manager,29089312
Citra Saputra,55,Product Manager,41215195
Tono Halim,39,Customer Support,9756399
Wati Kusuma,54,Product Manager,25164180
Kiki Santoso,28,Customer Support,43133893
Budi Halim,37,Product Manager,34802442
Eka Rahayu,58,Office Administrator,10680122
Umar Rahayu,55,Marketing Specialist,41070797
Mega Wijaya,59,HR Staff,35338929
Joko Hidayat,31,Customer Support,35357440
Yanto Rahayu,30,Marketing Specialist,16766778
Joko Wibowo,32,Customer Support,20872916
Kiki Wijaya,34,Data Analyst,22742727
Hadi Halim,33,Customer Support,12899335
Qori Pratama,19,Customer Support,32010748
Lestari Wijaya,57,Marketing Specialist,10737734
Putri Firmansyah,39,Sales Executive,27805186
Kiki Santoso,19,Sales Executive,4095094
Oki Rahayu,51,Marketing Specialist,41584052
Zaki Suryani,56,Marketing Specialist,37399369
Gita Halim,23,Sales Executive,41041004
Siti Halim,50,QA Engineer,25505443
Budi Hidayat,22,Operations Manager,40280314
Tono Santoso,25,Marketing Specialist,36314234
Fitri Gunawan,28,Data Analyst,16967937
Zaki Suryani,56,Accountant,24269613
Citra Halim,39,Product Manager,33793495
Nur Gunawan,34,HR Staff,42778354
Rina Wibowo,30,HR Staff,37275686
Citra Santoso,37,Sales Executive,33966568
Andi Saputra,34,Product Manager,39308919
Rina Kusuma,38,UI/UX Designer,26241694
Zaki Setiawan,31,UI/UX Designer,40077514
Mega Firmansyah,55,Data Analyst,25692726
Andi Santoso,23,Product Manager,41012941
Lestari Nugroho,54,Sales Executive,34898696
Siti Kusuma,45,HR Staff,10581786
Eka Wijaya,24,UI/UX Designer,20464948
Budi Santoso,41,Marketing Specialist,27052038
Budi Hidayat,31,Operations Manager,20266694
Eka Setiawan,40,Data Analyst,33779462
Gita Firmansyah,36,QA Engineer,32268484
Mega Saputra,31,Marketing Specialist,5552785
Vina Wijaya,57,Data Analyst,17708458
Eka Hidayat,34,Product Manager,24986451
Zaki Rahayu,26,QA Engineer,34131214
Andi Santoso,49,Product Manager,10481810
Oki Firmansyah,60,Product Manager,15991995
Citra Wibowo,56,HR Staff,42879402
Siti Pratama,24,UI/UX Designer,18650937
Umar Nugroho,41,Data Analyst,40159785
Umar Nugroho,27,QA Engineer,18334741
Umar Firmansyah,41,Operations Manager,11580404
Putri Suryani,27,QA Engineer,31294755
Fitri Suryani,56,QA Engineer,20694295
Fitri Gunawan,39,HR Staff,32347193
Eka Setiawan,27,Product Manager,22715624
Wati Pratama,40,Sales Executive,5858018
Indra Firmansyah,52,Customer Support,15531251
Umar Rahayu,57,Marketing Specialist,11780631
Tono Pratama,53,Accountant,25315669
Fitri Pratama,29,Customer Support,42790240
Qori Suryani,46,Software Engineer,23243099
Oki Wibowo,59,HR Staff,16403910
Rina Suryani,53,Data Analyst,39959271
Tono Wibowo,28,Accountant,33579253
Fitri Saputra,60,Customer Support,15754116
Putri Santoso,22,Operations Manager,18630233
Dewi Gunawan,47,Accountant,29597769
Lestari Gunawan,51,Operations Manager,34063181
Fitri Nugroho,51,Office Administrator,39808557
Hadi Suryani,52,QA Engineer,37076502
Gita Setiawan,52,Sales Executive,31457403
Eka Rahayu,41,Product Manager,33337167
Qori Santoso,59,Accountant,15570766
Dewi Hidayat,47,Marketing Specialist,5689713
Andi Santoso,48,Product Manager,12608509
Citra Kusuma,55,Product Manager,24128624
Nur Suryani,34,Operations Manager,25241295
Kiki Pratama,45,QA Engineer,37218619
Zaki Setiawan,35,QA Engineer,30097382
Fitri Gunawan,24,UI/UX Designer,24624435
Umar Kusuma,41,UI/UX Designer,13344332
Zaki Firmansyah,20,Customer Support,22866843
Andi Gunawan,41,Operations Manager,5043529
Budi Saputra,59,UI/UX Designer,31300740
Gita Suryani,53,Product Manager,14179710
Andi Nugroho,33,UI/UX Designer,9077916
Oki Kusuma,51,UI/UX Designer,21922717
Gita Santoso,49,Operations Manager,20231862
Eka Kusuma,31,Accountant,43863232
Eka Suryani,19,Marketing Specialist,19490298
Wati Rahayu,27,Office Administrator,17605587
Rina Firmansyah,57,Data Analyst,12265297
Hadi Santoso,53,Data Analyst,34993419
Dewi Halim,48,Product Manager,28406024
Andi Hidayat,26,UI/UX Designer,15648794
Andi Halim,23,Operations Manager,36259036
Qori Halim,52,Office Administrator,35709040
Budi Pratama,60,Data Analyst,32853916
Kiki Setiawan,36,Product Manager,42620152
Yanto Gunawan,53,Marketing Specialist,29449933
Oki Wijaya,33,Software Engineer,40719353
Kiki Pratama,31,Accountant,40237717
Nur Saputra,47,Data Analyst,18594440
Vina Saputra,20,Office Administrator,19158348
Putri Kusuma,21,HR Staff,32527982
Yanto Firmansyah,31,Accountant,8850435
Vina Rahayu,52,Sales Executive,40710456
Zaki Rahayu,56,UI/UX Designer,9399394
Hadi Wijaya,22,QA Engineer,21163238
Nur Nugroho,48,Product Manager,38211988
Putri Saputra,21,QA Engineer,44176933
Putri Nugroho,48,Product Manager,13511729
Eka Suryani,30,HR Staff,26901811
Indra Halim,34,UI/UX Designer,44598727
Andi Saputra,26,Product Manager,44346618
Tono Suryani,20,Data Analyst,22999962
Citra Saputra,29,Sales Executive,42615842
Lestari Halim,40,Sales Executive,14910151
Eka Kusuma,24,Product Manager,17208557
Fitri Firmansyah,19,Accountant,6883366
Putri Suryani,20,HR Staff,42625715
Lestari Nugroho,52,QA Engineer,19376682
Siti Wijaya,49,Office Administrator,30971073
Citra Wibowo,41,QA Engineer,7924297
Vina Pratama,29,Operations Manager,24179902
Umar Nugroho,51,Product Manager,11440480
Budi Suryani,34,Product Manager,44524995
Hadi Rahayu,51,Sales Executive,41893460
Oki Setiawan,35,Marketing Specialist,6294998
Gita Saputra,39,Software Engineer,20306049
Putri Wijaya,55,Sales Executive,35671138
Lestari Wijaya,48,Marketing Specialist,21197240
Andi Santoso,24,Operations Manager,11366214
Andi Halim,39,Marketing Specialist,16166837
Fitri Firmansyah,41,Customer Support,36005461
Budi Kusuma,21,Marketing Specialist,21147877
Gita Santoso,41,Operations Manager,12840765
Vina Suryani,19,Software Engineer,14973759
Tono Wibowo,48,UI/UX Designer,4637591
Yanto Pratama,33,Customer Support,44603683
Indra Wibowo,41,HR Staff,35996917
Qori Nugroho,44,Customer Support,22202163
Hadi Suryani,26,Product Manager,34010087
Wati Halim,48,Product Manager,29816100
Oki Pratama,36,Accountant,37422031
Citra Firmansyah,24,Customer Support,40846691
Oki Hidayat,59,HR Staff,17051271
Rina Wijaya,40,Software Engineer,32183058
Budi Wijaya,36,Customer Support,34907642
Fitri Pratama,44,Marketing Specialist,20324963
Qori Hidayat,25,Software Engineer,21889750
Dewi Halim,54,Accountant,31892223
Wati Rahayu,57,UI/UX Designer,29452344
Rina Wijaya,57,Product Manager,8975923
Budi Rahayu,20,Software Engineer,12615364
Siti Wijaya,35,Accountant,18575301
Hadi Pratama,57,Customer Support,24921777
Citra Suryani,35,Customer Support,30438142
Kiki Suryani,53,Software Engineer,21862435
Hadi Wijaya,51,HR Staff,20897015
Zaki Rahayu,28,Data Analyst,32614064
Yanto Nugroho,34,HR Staff,37627034
Qori Wijaya,38,Office Administrator,21849625
Oki Halim,50,HR Staff,17226804
Putri Pratama,39,Data Analyst,26015808
Hadi Gunawan,58,Operations Manager,31346746
Eka Wibowo,45,Accountant,37819055
Vina Rahayu,27,Office Administrator,43728831
Hadi Saputra,47,UI/UX Designer,5226212
Mega Setiawan,57,Office Administrator,24992037
Zaki Gunawan,58,Data Analyst,21167951
Mega Rahayu,44,Software Engineer,38581894
Gita Suryani,22,Marketing Specialist,14255748
Citra Suryani,20,HR Staff,30254958
Andi Halim,55,Operations Manager,5353533
Fitri Suryani,42,Software Engineer,18599609
Mega Suryani,44,Operations Manager,28664502
Lestari Saputra,37,Product Manager,25878615
Siti Firmansyah,27,Software Engineer,24543855
Yanto Wibowo,45,Accountant,33548537
Mega Wijaya,58,UI/UX Designer,31575217
Oki Gunawan,56,Sales Executive,6345459
Joko Wijaya,34,Accountant,37460691
Gita Rahayu,59,HR Staff,8089917
Citra Suryani,30,UI/UX Designer,34181629
Rina Gunawan,36,Office Administrator,8826382
Kiki Nugroho,49,Customer Support,44495082
Mega Suryani,32,Sales Executive,25164578
Nur Pratama,42,Marketing Specialist,5509905
Nur Gunawan,43,Product Manager,19548963
Lestari Kusuma,56,HR Staff,41770498
Joko Wibowo,54,Customer Support,44548857
Gita Gunawan,38,Operations Manager,13906792
Yanto Rahayu,59,Data Analyst,10614844
Siti Halim,28,Marketing Specialist,8296982
Putri Firmansyah,39,Office Administrator,33798322
Umar Santoso,21,Marketing Specialist,21797319
Putri Halim,38,QA Engineer,44730974
Oki Rahayu,42,Marketing Specialist,10841180
Putri Wibowo,26,QA Engineer,27385076
Putri Setiawan,19,Product Manager,13635050
Dewi Pratama,50,Product Manager,15435461
Andi Gunawan,47,Accountant,43026943
Citra Hidayat,27,Data Analyst,42941055
Qori Setiawan,42,UI/UX Designer,13608849
Kiki Halim,35,HR Staff,25944240
Fitri Suryani,34,UI/UX Designer,12461197
Yanto Halim,48,Product Manager,8658581
Kiki Hidayat,28,Office Administrator,29836341
Lestari Gunawan,24,Sales Executive,10087640
Umar Nugroho,29,Accountant,16848259
Mega Wibowo,50,Marketing Specialist,29616771
Indra Santoso,22,HR Staff,31703379
Lestari Hidayat,36,Product Manager,18765857
Wati Rahayu,19,Office Administrator,10430759
Zaki Rahayu,50,Customer Support,21566593
Fitri Kusuma,41,UI/UX Designer,17839983
Kiki Nugroho,50,Marketing Specialist,13781440
Citra Halim,26,Product Manager,39683919
Joko Santoso,30,QA Engineer,28049905
Citra Gunawan,30,Customer Support,31535806
Vina Saputra,44,UI/UX Designer,24498192
Vina Santoso,60,Data Analyst,16151274
Oki Santoso,21,Office Administrator,13796885
Fitri Suryani,46,Office Administrator,5444329
Tono Nugroho,20,Accountant,29219296
Vina Wibowo,20,UI/UX Designer,10134939
Lestari Gunawan,31,Data Analyst,44028824
Eka Firmansyah,43,Accountant,7343822
Siti Santoso,49,Operations Manager,11401148
Zaki Pratama,41,Product Manager,16745847
Oki Santoso,36,Data Analyst,29434050
Putri Halim,27,Data Analyst,35015222
Nur Wibowo,48,Data Analyst,20724306
Putri Halim,53,Customer Support,18155115
Indra Saputra,21,Accountant,28004922
Budi Kusuma,21,Accountant,18882542
Siti Saputra,50,Software Engineer,13798033
Yanto Gunawan,44,Marketing Specialist,26517742
Mega Santoso,35,Customer Support,33988422
Hadi Hidayat,60,Customer Support,41970540
Qori Santoso,59,HR Staff,9562374
Oki Firmansyah,27,QA Engineer,14851382
Dewi Halim,31,Accountant,12495980
Siti Wijaya,29,QA Engineer,12995797
Wati Gunawan,59,UI/UX Designer,28272091
Hadi Suryani,28,Marketing Specialist,24310119
Fitri Setiawan,24,QA Engineer,25388906
Putri Santoso,57,Operations Manager,34616866
Yanto Setiawan,20,Office Administrator,20822784
Lestari Wijaya,55,Marketing Specialist,26704553
Hadi Wibowo,37,Data Analyst,41034540
Budi Halim,34,UI/UX Designer,40080828
Siti Wijaya,50,Office Administrator,31831825
Dewi Pratama,27,Accountant,37687884
Tono Nugroho,55,QA Engineer,33945842
Qori Wibowo,44,Customer Support,36717049
Dewi Santoso,41,Data Analyst,6663795
Andi Rahayu,56,Sales Executive,23262117
Budi Santoso,47,Customer Support,31594533
Gita Pratama,35,Office Administrator,22271105
Kiki Wijaya,44,Product Manager,35511770
Andi Halim,50,Marketing Specialist,35229152
Vina Gunawan,55,Accountant,31281758
Umar Kusuma,38,Operations Manager,17708643
Mega Halim,57,Office Administrator,17577885
Eka Rahayu,52,Sales Executive,16551800
Yanto Pratama,28,Customer Support,5304456
Indra Setiawan,21,Office Administrator,10420631
Zaki Wijaya,20,HR Staff,12256072
Dewi Gunawan,40,HR Staff,23144830
Kiki Hidayat,52,Data Analyst,15023640
Siti Nugroho,24,Operations Manager,31566295
Citra Santoso,45,Product Manager,8873849
Zaki Setiawan,34,Customer Support,44539397
Fitri Hidayat,36,Customer Support,19378826
Wati Saputra,52,Sales Executive,39239246
Joko Saputra,49,UI/UX Designer,22474020
Lestari Saputra,59,Sales Executive,39577886
Oki Suryani,60,Software Engineer,42332872
Lestari Wibowo,27,Data Analyst,29199048
Wati Halim,33,Marketing Specialist,24576518
Eka Gunawan,49,Software Engineer,19441157
Fitri Suryani,18,HR Staff,38851150
Yanto Pratama,51,Accountant,7661490
Dewi Pratama,54,Customer Support,20771096
Kiki Kusuma,48,QA Engineer,34495160
Dewi Santoso,36,Data Analyst,31324878
Tono Nugroho,44,HR Staff,20726582
Citra Nugroho,60,UI/UX Designer,4388650
Joko Gunawan,19,Office Administrator,15133591
Nur Saputra,37,Accountant,35863401
Kiki Rahayu,47,UI/UX Designer,10648529
Umar Saputra,44,Sales Executive,5215701
Gita Gunawan,43,Operations Manager,32140437
Eka Pratama,59,Office Administrator,21411670
Hadi Rahayu,37,Sales Executive,34899139
Rina Suryani,46,Accountant,31759173
Putri Gunawan,45,UI/UX Designer,14668539
Indra Kusuma,43,Accountant,41377933
Gita Rahayu,26,Software Engineer,19551668
Budi Hidayat,21,Customer Support,35919990
Nur Saputra,52,HR Staff,22013050
Indra Rahayu,39,Sales Executive,8027997
Fitri Nugroho,46,Marketing Specialist,40724018
Siti Gunawan,21,Accountant,7851395
Putri Hidayat,41,Customer Support,20613235
Qori Setiawan,37,Marketing Specialist,14786629
Vina Rahayu,60,Office Administrator,38343856
Budi Wijaya,33,Accountant,19659979
Qori Hidayat,40,Marketing Specialist,14624230
Fitri Suryani,24,Accountant,28146981
Oki Kusuma,45,Customer Support,22997162
Nur Pratama,33,HR Staff,42580231
Zaki Halim,36,HR Staff,8324811
Umar Santoso,45,Sales Executive,15374464
Indra Pratama,59,Operations Manager,22508156
Budi Halim,35,Sales Executive,4780870
Vina Hidayat,37,Accountant,31959106
Yanto Halim,30,UI/UX Designer,27707109
Oki Setiawan,23,Operations Manager,36181255
Rina Halim,49,QA Engineer,8381214
Hadi Setiawan,38,Product Manager,35239960
Kiki Setiawan,49,Marketing Specialist,29265574
Kiki Saputra,44,Customer Support,16803590
Qori Hidayat,38,Data Analyst,18267512
Dewi Suryani,43,QA Engineer,29630580
Dewi Wijaya,43,Operations Manager,18010315
Rina Setiawan,21,Sales Executive,39658063
Umar Kusuma,48,Office Administrator,5541812
Andi Wijaya,44,Office Administrator,41731425
Fitri Firmansyah,32,HR Staff,11493757
Lestari Gunawan,24,Software Engineer,18784054
Fitri Saputra,33,Operations Manager,8721416
Vina Setiawan,57,Accountant,28968682
Joko Rahayu,26,HR Staff,8576413
Citra Setiawan,25,Sales Executive,36810451
Rina Suryani,35,UI/UX Designer,19832692
Siti Setiawan,54,Operations Manager,40920986
Siti Gunawan,29,Customer Support,6422869
Tono Firmansyah,53,Software Engineer,4905921
Tono Suryani,32,Sales Executive,37994742
Putri Halim,48,Product Manager,22487665
Andi Setiawan,22,HR Staff,17643811
Nur Hidayat,37,Sales Executive,26413173
Dewi Wijaya,39,Marketing Specialist,14459216
Wati Suryani,39,HR Staff,14204069
Zaki Rahayu,18,Customer Support,26627908
Eka Wijaya,38,Accountant,21603797
Mega Wijaya,35,Operations Manager,12732957
Wati Saputra,47,Accountant,26962365
Andi Hidayat,38,UI/UX Designer,39037212
Fitri Gunawan,36,HR Staff,21092081
Mega Wibowo,57,Marketing Specialist,30097484
Citra Pratama,21,Customer Support,36609945
Nur Setiawan,60,Sales Executive,22744684
Vina Santoso,36,Software Engineer,40063297
Vina Firmansyah,40,Customer Support,23354113
Vina Rahayu,53,UI/UX Designer,34086275
Eka Suryani,56,Operations Manager,18067872
Wati Pratama,58,Accountant,20406352
Mega Firmansyah,60,Marketing Specialist,44436113
Lestari Hidayat,18,Accountant,26920412
Gita Santoso,37,Marketing Specialist,44939272
Gita Halim,54,Office Administrator,26302525
Nur Rahayu,19,Product Manager,21066769
Tono Nugroho,44,QA Engineer,6812608
Yanto Pratama,18,Customer Support,13127748
Qori Kusuma,29,Software Engineer,32523995
Zaki Wibowo,30,Customer Support,28553990
Joko Kusuma,40,HR Staff,20290199
Zaki Pratama,47,Data Analyst,14060157
Oki Hidayat,52,Operations Manager,28485083
Eka Pratama,37,Data Analyst,34971783
Vina Halim,49,HR Staff,5301389
Tono Nugroho,31,Customer Support,9811205
Wati Rahayu,46,Customer Support,29242859
Budi Hidayat,52,Operations Manager,9864741
Siti Halim,38,Product Manager,35833512
Citra Rahayu,60,Customer Support,31397377
Putri Setiawan,38,Operations Manager,20481708
Gita Hidayat,50,Operations Manager,36268708
Nur Rahayu,56,UI/UX Designer,23017711
Eka Firmansyah,51,Software Engineer,15971662
Oki Saputra,36,Product Manager,39871020
Budi Kusuma,45,UI/UX Designer,6990545
Wati Wibowo,39,UI/UX Designer,8003145
Zaki Saputra,38,Accountant,25175770
Nur Firmansyah,44,Operations Manager,17460466
Lestari Nugroho,20,QA Engineer,42655097
Kiki Firmansyah,28,QA Engineer,17892435
Gita Wibowo,38,HR Staff,35728360
Hadi Gunawan,48,Product Manager,5701135
Wati Hidayat,41,Software Engineer,24915523
Kiki Suryani,49,HR Staff,17660778
Nur Rahayu,20,Sales Executive,44827150
Joko Rahayu,53,Data Analyst,10723256
Joko Pratama,33,QA Engineer,43778066
Qori Pratama,52,Data Analyst,24817765
Rina Wibowo,57,HR Staff,4210399
Mega Halim,50,Customer Support,13782543
Budi Firmansyah,41,Sales Executive,8806754
Nur Saputra,30,UI/UX Designer,39030971
Mega Hidayat,32,UI/UX Designer,23832131
Zaki Nugroho,20,Sales Executive,43988753
Fitri Gunawan,31,QA Engineer,27418357
Zaki Halim,27,Marketing Specialist,34592018
Lestari Firmansyah,34,Marketing Specialist,39665518
Putri Saputra,53,Office Administrator,29784281
Yanto Saputra,41,UI/UX Designer,23085275
Rina Kusuma,46,Sales Executive,4954852
Eka Wijaya,29,Sales Executive,25164328
Qori Pratama,58,HR Staff,28774343
Joko Wijaya,53,Sales Executive,32163337
Joko Pratama,59,HR Staff,4034392
Budi Saputra,55,UI/UX Designer,22383205
Andi Kusuma,45,UI/UX Designer,41412246
Citra Hidayat,43,HR Staff,21319870
Budi Kusuma,30,Product Manager,30685727
Oki Setiawan,21,Accountant,34515777
Fitri Saputra,28,Accountant,44532848
Siti Kusuma,18,UI/UX Designer,26235382
Nur Hidayat,47,Sales Executive,16941731
Eka Wibowo,33,Office Administrator,21618085
Fitri Pratama,38,Accountant,5760097
Qori Setiawan,50,Accountant,19309417
Gita Nugroho,46,Office Administrator,31621664
Vina Hidayat,29,Software Engineer,39386666
Wati Santoso,22,HR Staff,20225929
Oki Nugroho,48,Operations Manager,40670848
Kiki Rahayu,18,QA Engineer,26331817
Vina Saputra,47,Accountant,35173716
Umar Pratama,48,Sales Executive,16541042
Fitri Nugroho,28,Marketing Specialist,34384309
Hadi Saputra,24,Software Engineer,34505033
Yanto Halim,54,Sales Executive,9375657
Tono Firmansyah,27,Office Administrator,17968837
Hadi Nugroho,30,Accountant,11726026
Yanto Gunawan,39,Operations Manager,31446351
Kiki Gunawan,50,Data Analyst,42362069
Zaki Wijaya,48,Accountant,21493969
Eka Gunawan,30,Customer Support,25598161
Putri Hidayat,26,Operations Manager,35576427
Eka Halim,31,Marketing Specialist,35248953
Siti Setiawan,56,Software Engineer,28780868
Citra Saputra,42,HR Staff,25743401
Nur Hidayat,48,Data Analyst,27481902
Joko Setiawan,25,Operations Manager,18070625
Hadi Pratama,26,HR Staff,20445763
Dewi Nugroho,34,Marketing Specialist,43958994
Budi Santoso,19,Customer Support,39337409
Joko Suryani,57,Accountant,21910661
Gita Firmansyah,34,Office Administrator,7045710
Dewi Firmansyah,40,Data Analyst,26387469
Hadi Firmansyah,47,Marketing Specialist,38152744
Fitri Gunawan,19,Operations Manager,4348845
Tono Saputra,34,Customer Support,26993386
Indra Hidayat,35,Accountant,23221083
Hadi Hidayat,42,Accountant,41097600
Wati Halim,42,QA Engineer,13431785
Hadi Saputra,60,Marketing Specialist,34483691
Dewi Gunawan,52,Product Manager,17359047
Indra Rahayu,54,Operations Manager,4285454
Tono Setiawan,28,Marketing Specialist,9988735
Budi Kusuma,24,HR Staff,42420917
Zaki Setiawan,43,QA Engineer,22067742
Indra Wijaya,27,Data Analyst,16105008
Wati Firmansyah,19,Operations Manager,27347824
Oki Wijaya,46,Accountant,4664739
Dewi Wibowo,50,Software Engineer,25350880
Indra Hidayat,38,Operations Manager,43421509
Indra Pratama,31,HR Staff,29895908
Citra Saputra,39,Product Manager,7043552
Citra Gunawan,25,Marketing Specialist,7725897
Rina Nugroho,56,Operations Manager,9450704
Hadi Pratama,50,Accountant,27427862
Umar Nugroho,38,Software Engineer,44223616
Dewi Wibowo,18,Data Analyst,23373060
Wati Gunawan,53,Software Engineer,39005774
Joko Wibowo,31,UI/UX Designer,4718892
Rina Setiawan,26,HR Staff,5263112
Joko Gunawan,55,Data Analyst,31475683
Rina Hidayat,24,Sales Executive,38724985
Lestari Firmansyah,50,UI/UX Designer,33801281
Andi Firmansyah,60,Operations Manager,39994247
Budi Rahayu,59,Data Analyst,30465966
Indra Setiawan,41,Product Manager,7381988
Tono Santoso,53,Customer Support,35665194
Lestari Hidayat,32,QA Engineer,18573474
Hadi Firmansyah,38,Office Administrator,41268338
Putri Rahayu,46,Office Administrator,34237883
Eka Wibowo,54,Marketing Specialist,17778442
Yanto Halim,45,Sales Executive,22257376
Indra Suryani,49,Accountant,44794517
Umar Saputra,48,Data Analyst,44660391
Zaki Nugroho,26,Operations Manager,24598868
Putri Santoso,44,Product Manager,26335659
Umar Santoso,31,UI/UX Designer,9008283
Dewi Hidayat,18,Software Engineer,41859935
Andi Wijaya,26,Software Engineer,26722279
Joko Firmansyah,59,Accountant,15071245
Mega Saputra,37,Accountant,35128066
Qori Setiawan,50,HR Staff,38138982
Fitri Santoso,41,Marketing Specialist,34483648
Tono Gunawan,45,Marketing Specialist,31954770
Nur Gunawan,36,QA Engineer,43382887
Rina Halim,19,Accountant,22892138
Mega Suryani,41,Product Manager,17153593
Vina Rahayu,43,Office Administrator,24741367
Gita Saputra,21,Office Administrator,26039892
Tono Hidayat,53,Marketing Specialist,22000911
Qori Saputra,38,Product Manager,32549938
Kiki Hidayat,56,QA Engineer,28563959
Indra Gunawan,19,UI/UX Designer,35785387
Mega Suryani,44,Operations Manager,28045359
Siti Wijaya,45,Product Manager,42243539
Siti Rahayu,25,Office Administrator,39477382
Lestari Rahayu,50,Marketing Specialist,22362386
Hadi Hidayat,27,Product Manager,14765114
Zaki Suryani,37,Sales Executive,27129195
Budi Setiawan,51,Software Engineer,14696849
Eka Wibowo,22,Accountant,5088524
Lestari Kusuma,20,UI/UX Designer,13892008
Eka Halim,31,Product Manager,34434218
Wati Firmansyah,58,Marketing Specialist,20871215
Qori Suryani,33,Software Engineer,16994997
Eka Saputra,28,Marketing Specialist,34003451
Qori Saputra,22,HR Staff,36546460
Hadi Gunawan,43,Sales Executive,32573606
Yanto Pratama,18,Marketing Specialist,18741996
Gita Suryani,54,Operations Manager,20149708
Hadi Halim,28,UI/UX Designer,33328244
Oki Wibowo,51,Marketing Specialist,30464120
Zaki Wibowo,41,Office Administrator,43992884
Wati Gunawan,60,Data Analyst,28195788
Indra Gunawan,18,Office Administrator,7254946
Mega Hidayat,58,Office Administrator,12780986
Dewi Nugroho,31,HR Staff,23188638
Fitri Halim,59,QA Engineer,16579241
Joko Kusuma,28,QA Engineer,38863600
Gita Kusuma,60,Product Manager,31267885
Rina Santoso,22,Software Engineer,32136922
Tono Setiawan,24,UI/UX Designer,44141845
Budi Nugroho,39,Software Engineer,13982480
Dewi Hidayat,26,Sales Executive,11678923
Fitri Rahayu,27,Data Analyst,9941219
Qori Nugroho,51,Accountant,21923018
Lestari Suryani,36,Sales Executive,8290979
Joko Pratama,54,Product Manager,19003092
Rina Pratama,39,Accountant,36852784
Eka Saputra,48,Software Engineer,34451638
Siti Kusuma,23,Customer Support,31538768
Vina Wibowo,55,QA Engineer,23452274
Yanto Setiawan,24,QA Engineer,41900719
Qori Firmansyah,32,Software Engineer,39581001
Tono Firmansyah,48,Software Engineer,8800419
Qori Halim,43,Marketing Specialist,36802653
Vina Rahayu,57,Software Engineer,4771039
Oki Suryani,21,Data Analyst,9347975
Mega Nugroho,41,Customer Support,16807099
Putri Wijaya,30,Accountant,9085738
Citra Wijaya,52,Office Administrator,6441950
Qori Gunawan,21,UI/UX Designer,12968671
Hadi Setiawan,25,Data Analyst,21572890
Eka Wibowo,40,Operations Manager,29882742
Rina Santoso,25,Product Manager,38849408
Hadi Rahayu,28,Office Administrator,31890571
Joko Nugroho,46,Marketing Specialist,28795032
Andi Gunawan,46,Software Engineer,33923648
Hadi Gunawan,26,Marketing Specialist,24166649
Rina Kusuma,46,Sales Executive,32827789
Siti Wijaya,34,HR Staff,22319456
Budi Nugroho,25,Customer Support,16444190
Dewi Wijaya,36,HR Staff,11747331
Indra Nugroho,49,Sales Executive,30317924
Lestari Firmansyah,43,Customer Support,14451760
Hadi Kusuma,29,Data Analyst,22878489
Zaki Rahayu,35,Data Analyst,24570144
Tono Pratama,42,Data Analyst,26727627
Joko Wibowo,26,Marketing Specialist,37839126
Yanto Pratama,42,Data Analyst,26810015
Vina Setiawan,40,QA Engineer,13347772
Lestari Santoso,58,Operations Manager,9455064
Lestari Nugroho,25,Sales Executive,9659332
Yanto Santoso,21,QA Engineer,32654832
Vina Nugroho,36,QA Engineer,19452515
Mega Pratama,22,Operations Manager,28239226
Umar Rahayu,45,Office Administrator,19006918
Kiki Rahayu,21,QA Engineer,12133236
Qori Saputra,43,Sales Executive,38049699
Lestari Halim,28,Sales Executive,26533077
Yanto Halim,48,Sales Executive,15612245
Dewi Pratama,40,Sales Executive,31479722
Gita Suryani,18,Product Manager,33111212
Fitri Hidayat,23,QA Engineer,29749566
Umar Setiawan,20,QA Engineer,11535192
Putri Setiawan,47,HR Staff,11824316
Vina Suryani,44,Customer Support,32252363
Andi Gunawan,54,Customer Support,25538878
Dewi Setiawan,46,Software Engineer,16620847
Indra Setiawan,43,Customer Support,15491954
Kiki Wijaya,52,Customer Support,38524419
Tono Pratama,22,UI/UX Designer,37835130
Indra Wibowo,31,Office Administrator,9387487
Budi Hidayat,34,Software Engineer,12586611
Nur Wibowo,50,Operations Manager,19147153
Joko Halim,21,QA Engineer,24043353
Umar Rahayu,19,QA Engineer,33636659
Rina Kusuma,25,Operations Manager,43633718
Gita Hidayat,47,Customer Support,33677391
Gita Wijaya,47,Data Analyst,42694044
Eka Gunawan,36,HR Staff,24808395
Citra Nugroho,40,Office Administrator,18643023
Rina Saputra,55,UI/UX Designer,24508620
Nur Pratama,46,Product Manager,41987263
Joko Hidayat,60,Marketing Specialist,19124100
Siti Rahayu,21,HR Staff,7047412
Yanto Gunawan,39,Software Engineer,12126905
Fitri Setiawan,22,UI/UX Designer,36210635
Indra Hidayat,44,Product Manager,32057872
Qori Wijaya,31,QA Engineer,15849010
Vina Santoso,29,Marketing Specialist,16579330
Joko Suryani,33,HR Staff,10595957
Vina Firmansyah,54,HR Staff,14789944
Hadi Halim,31,Accountant,29270638
Hadi Firmansyah,40,Product Manager,42415860
Joko Hidayat,59,HR Staff,20217651
Tono Gunawan,41,Software Engineer,6443524
Umar Gunawan,18,Customer Support,17277923
Siti Wijaya,49,Software Engineer,22362458
Putri Wibowo,59,QA Engineer,27251942
Mega Hidayat,20,Sales Executive,16240565
Mega Gunawan,45,Software Engineer,29447812
Wati Suryani,53,Product Manager,35661691
Umar Kusuma,20,Data Analyst,10309196
Lestari Firmansyah,53,Office Administrator,10138558
Gita Wibowo,24,Sales Executive,15499031
Hadi Nugroho,40,Accountant,29859675
Zaki Saputra,38,Accountant,36994006
Vina Halim,41,UI/UX Designer,8440208
Siti Pratama,49,Marketing Specialist,44590451
Nur Wijaya,41,Accountant,34290008
Vina Firmansyah,28,Software Engineer,8835446
Siti Hidayat,35,Accountant,19929742
Yanto Setiawan,52,Customer Support,36301787
Umar Suryani,34,Software Engineer,17731102
Oki Wijaya,28,UI/UX Designer,5261659
Qori Halim,49,QA Engineer,19281834
Budi Wijaya,56,Accountant,15818585
Zaki Saputra,22,Operations Manager,29889596
Gita Gunawan,45,Product Manager,9729264
Siti Nugroho,41,UI/UX Designer,34648719
Lestari Rahayu,18,Marketing Specialist,40540022
Nur Nugroho,44,Sales Executive,12927581
Dewi Wijaya,19,Customer Support,11468937
Joko Gunawan,54,Marketing Specialist,25377136
Rina Wijaya,59,Sales Executive,17469180
Citra Nugroho,43,UI/UX Designer,39188924
Vina Pratama,39,Customer Support,24671186
Mega Gunawan,49,Sales Executive,29471023
Fitri Wibowo,40,Data Analyst,42397138
Yanto Suryani,21,Marketing Specialist,27669772
Joko Nugroho,34,Accountant,5756128
Putri Nugroho,43,Customer Support,13392246
Nur Wibowo,59,Data Analyst,26034333
Lestari Wibowo,40,Accountant,6971927
Kiki Hidayat,31,QA Engineer,11937538
Zaki Firmansyah,42,Operations Manager,31991967
Fitri Kusuma,36,Marketing Specialist,21420450
Citra Gunawan,41,Software Engineer,15486796
Joko Santoso,22,Software Engineer,41069916
Lestari Firmansyah,30,Data Analyst,5649146
Joko Suryani,54,UI/UX Designer,18675101
Wati Kusuma,50,Sales Executive,19203581
Budi Gunawan,37,Marketing Specialist,43501575
Putri Rahayu,59,Sales Executive,40511990
Vina Rahayu,40,Product Manager,25260230
Dewi Suryani,32,Product Manager,44812032
Yanto Nugroho,43,Product Manager,18032610
Mega Santoso,58,QA Engineer,5369111
Oki Halim,52,Office Administrator,37359801
Vina Wibowo,38,HR Staff,38834862
Fitri Santoso,36,Operations Manager,19102796
Eka Santoso,54,HR Staff,23373923
Fitri Halim,27,Customer Support,15102891
Fitri Hidayat,52,Product Manager,26435322
Qori Hidayat,57,Sales Executive,19364755
Rina Santoso,50,Customer Support,29282560
Fitri Kusuma,54,Software Engineer,5184797
Rina Gunawan,33,QA Engineer,21885167
Nur Saputra,58,Accountant,5931858
Budi Firmansyah,53,UI/UX Designer,37118996
Tono Kusuma,32,Marketing Specialist,19748618
Dewi Hidayat,37,Product Manager,10546331
Andi Wibowo,28,QA Engineer,5077241
Putri Pratama,31,UI/UX Designer,43796474
Kiki Wijaya,31,Accountant,7564513
Hadi Nugroho,20,HR Staff,19829986
Wati Hidayat,57,UI/UX Designer,4851568
Siti Pratama,48,Office Administrator,25268531
Putri Halim,52,Marketing Specialist,6419302
Mega Kusuma,26,Accountant,44576905
Oki Kusuma,43,Accountant,9850903
Eka Hidayat,30,QA Engineer,5803321
Mega Hidayat,49,HR Staff,24647478
Tono Suryani,41,HR Staff,9717880
Vina Wijaya,60,QA Engineer,4939407
Eka Firmansyah,21,HR Staff,39251492
Indra Gunawan,60,Customer Support,11644157
Nur Santoso,32,Operations Manager,32373205
Hadi Nugroho,43,Data Analyst,16703122
Nur Kusuma,46,Sales Executive,43443786
Lestari Gunawan,32,Customer Support,16212764
Putri Halim,47,QA Engineer,39114541
Wati Setiawan,57,Sales Executive,27337129
Kiki Wijaya,33,Sales Executive,16110792
Yanto Rahayu,25,Sales Executive,6451979
Fitri Setiawan,27,Office Administrator,32735726
Qori Firmansyah,33,Product Manager,30844597
Mega Saputra,38,UI/UX Designer,29745885
Mega Firmansyah,28,Product Manager,5898694
Zaki Saputra,43,Software Engineer,25421261
Nur Santoso,53,QA Engineer,27682611
Mega Wibowo,48,Operations Manager,22719596
Wati Santoso,38,QA Engineer,44140500
Hadi Halim,22,Marketing Specialist,21475971
Hadi Halim,41,Product Manager,40188139
Putri Setiawan,59,QA Engineer,12010712
Dewi Santoso,33,Sales Executive,14158421
Mega Rahayu,22,Operations Manager,33271719
Rina Wijaya,19,Accountant,37662087
Mega Setiawan,31,Product Manager,30893312
Indra Wibowo,34,Office Administrator,26956935
Hadi Nugroho,51,UI/UX Designer,38844996
Rina Santoso,18,Sales Executive,12999827
Eka Pratama,50,QA Engineer,4705620
Lestari Suryani,53,Product Manager,22221697
Zaki Saputra,35,Software Engineer,7820360
Wati Kusuma,21,Accountant,11739926
Budi Wijaya,26,HR Staff,17369681
Zaki Saputra,20,Software Engineer,33416095
Hadi Setiawan,35,Data Analyst,19968951
Andi Saputra,28,UI/UX Designer,30129325
Rina Firmansyah,24,Data Analyst,38422946
Budi Rahayu,44,Marketing Specialist,9738292
Hadi Santoso,31,Operations Manager,35231141
Mega Firmansyah,60,Data Analyst,41373638
Putri Hidayat,22,Software Engineer,35724989
Nur Wibowo,45,Marketing Specialist,5564963
Lestari Saputra,19,Customer Support,12285681
Indra Firmansyah,56,Product Manager,5340150
Vina Gunawan,28,Product Manager,29149931
Lestari Saputra,24,HR Staff,30820740
Tono Setiawan,54,Marketing Specialist,40385906
Vina Wijaya,30,QA Engineer,36447336
Rina Pratama,57,UI/UX Designer,18044963
Siti Firmansyah,21,UI/UX Designer,16068335
Citra Nugroho,55,UI/UX Designer,27793812
Mega Rahayu,57,Operations Manager,13180842
Siti Santoso,30,QA Engineer,34819228
Citra Rahayu,40,Office Administrator,17866147
Vina Hidayat,18,UI/UX Designer,22583831
Citra Firmansyah,28,Operations Manager,11458084
Putri Setiawan,45,Marketing Specialist,13948147
Rina Rahayu,50,Accountant,21722412
Tono Rahayu,52,Marketing Specialist,7993499
Fitri Saputra,51,Sales Executive,4442817
Joko Pratama,58,Operations Manager,14559190
Eka Gunawan,24,Marketing Specialist,39925463
Wati Hidayat,51,QA Engineer,30803967
Joko Santoso,19,Software Engineer,28779284
Fitri Santoso,53,Customer Support,42288850
Kiki Kusuma,36,Accountant,37772636
Yanto Kusuma,50,Software Engineer,42114232
Citra Suryani,48,Product Manager,28214205
Nur Santoso,35,Office Administrator,39143667
Citra Wibowo,30,QA Engineer,5623653
Tono Santoso,30,Software Engineer,27702689
Vina Wijaya,33,HR Staff,39485356
Lestari Saputra,54,Accountant,16130676
Hadi Firmansyah,56,Marketing Specialist,26223914
Siti Santoso,39,UI/UX Designer,29666744
Nur Santoso,25,Operations Manager,19785002
Joko Hidayat,19,Sales Executive,40733967
Yanto Suryani,42,Product Manager,16270755
Tono Halim,41,Accountant,21473545
Citra Setiawan,32,Product Manager,22278727
Yanto Kusuma,29,Customer Support,37358616
Gita Setiawan,60,HR Staff,16283495
Siti Firmansyah,58,Office Administrator,11623841
Citra Suryani,32,Marketing Specialist,7558956
Vina Firmansyah,51,UI/UX Designer,6251382
Mega Suryani,50,Marketing Specialist,13522129
Zaki Wijaya,27,Operations Manager,12779956
Indra Nugroho,57,Operations Manager,8132259
Rina Hidayat,38,Product Manager,26564924
Yanto Firmansyah,47,QA Engineer,32574330
Andi Hidayat,20,Marketing Specialist,22143253
Zaki Santoso,29,Sales Executive,17634280
Wati Suryani,27,Operations Manager,5579753
Kiki Hidayat,37,Sales Executive,39952527
Kiki Hidayat,54,QA Engineer,35281929
Wati Saputra,39,Customer Support,43077479
Oki Setiawan,35,Accountant,9501006
Rina Nugroho,55,Office Administrator,35302305
Andi Firmansyah,18,Sales Executive,23896536
Gita Gunawan,57,Marketing Specialist,27682050
Gita Setiawan,33,HR Staff,30415898
Andi Gunawan,53,Software Engineer,38484098
Indra Gunawan,40,Office Administrator,40233562
Putri Suryani,54,Customer Support,28368821
Joko Setiawan,49,Data Analyst,21771563
Tono Setiawan,33,Product Manager,6657032
Zaki Rahayu,56,Accountant,12425165
Nur Firmansyah,53,Product Manager,22826026
Dewi Pratama,44,Customer Support,17558179
Mega Nugroho,22,Marketing Specialist,8740486
Rina Kusuma,43,Office Administrator,26072954
Rina Gunawan,36,Sales Executive,34523909
Eka Kusuma,37,Marketing Specialist,24465066
Oki Saputra,37,UI/UX Designer,42311926
Gita Saputra,32,Product Manager,18025628
Joko Kusuma,60,UI/UX Designer,22395938
Citra Firmansyah,18,Product Manager,26917200
Nur Rahayu,20,Office Administrator,23137811
Oki Pratama,44,Accountant,18310322
Kiki Nugroho,25,QA Engineer,22106272
Andi Wibowo,48,Sales Executive,16618481
Joko Setiawan,42,HR Staff,9302984
Oki Rahayu,46,Marketing Specialist,4825096
Yanto Santoso,35,Office Administrator,17712067
Eka Suryani,19,Sales Executive,42095343
Siti Suryani,26,Marketing Specialist,14321638
Citra Setiawan,21,Product Manager,36654587
Umar Saputra,20,HR Staff,35551130
Budi Firmansyah,51,Operations Manager,41780424
Gita Gunawan,24,HR Staff,14730411
Eka Saputra,25,Software Engineer,32188700
Joko Rahayu,53,Accountant,4423370
Oki Santoso,60,Office Administrator,35369264
Siti Halim,30,Accountant,18946116
Citra Gunawan,18,Customer Support,18191006
Andi Firmansyah,40,QA Engineer,28986255
Eka Suryani,40,Product Manager,5196023
Citra Santoso,37,HR Staff,26763320
Zaki Setiawan,44,Marketing Specialist,21249551
Kiki Kusuma,58,Accountant,30359506
Yanto Setiawan,22,HR Staff,19723613
Citra Wibowo,57,UI/UX Designer,42050981
Lestari Hidayat,50,QA Engineer,27699401
Siti Nugroho,43,Office Administrator,19345090
Mega Halim,37,Sales Executive,34200043
Rina Suryani,44,Sales Executive,17012200
Lestari Halim,36,Customer Support,9475046
Mega Setiawan,30,QA Engineer,4684407
Mega Hidayat,37,HR Staff,25404285
Vina Pratama,20,Office Administrator,12658645
Oki Suryani,32,Software Engineer,23351150
Mega Rahayu,18,Customer Support,32734242
Kiki Firmansyah,24,Sales Executive,8317378
Siti Setiawan,51,HR Staff,27822995
Vina Kusuma,29,Office Administrator,23316162
Umar Wijaya,55,Office Administrator,32262382
Eka Saputra,30,Software Engineer,23725735
Nur Santoso,28,QA Engineer,28822731
Wati Kusuma,55,Marketing Specialist,19629754
Yanto Kusuma,38,Product Manager,26012158
Zaki Wibowo,59,QA Engineer,34999319
Nur Halim,48,Marketing Specialist,6102602
Joko Hidayat,53,QA Engineer,22310383
Qori Rahayu,39,Operations Manager,25710898
Mega Setiawan,58,Operations Manager,26149992
Mega Setiawan,58,UI/UX Designer,36579699
Nur Halim,29,Accountant,42156713
Nur Setiawan,45,HR Staff,8343752
Budi Wijaya,40,Accountant,12340255
Siti Santoso,23,Sales Executive,6264203
Gita Rahayu,47,QA Engineer,39935517
Indra Santoso,29,Marketing Specialist,26844341
Indra Suryani,32,Software Engineer,29771867
Wati Pratama,32,Sales Executive,15138368
Vina Gunawan,60,Sales Executive,5820069
Putri Kusuma,21,Product Manager,36214348
Citra Firmansyah,58,Software Engineer,42728287
Vina Wijaya,26,HR Staff,18353570
Siti Wibowo,58,QA Engineer,21873991
Siti Hidayat,41,Marketing Specialist,34582455
Vina Setiawan,57,QA Engineer,16470022
Joko Hidayat,47,Office Administrator,33290909
Mega Pratama,50,Office Administrator,37417982
Oki Kusuma,27,Data Analyst,9253531
Zaki Saputra,41,Software Engineer,12162459
Joko Gunawan,20,Software Engineer,5187076
Gita Suryani,55,Product Manager,6693980
Wati Setiawan,23,Operations Manager,39212709
Nur Nugroho,34,UI/UX Designer,39950052
Eka Firmansyah,36,Accountant,6436899
Tono Pratama,20,QA Engineer,35943305
Andi Santoso,59,Office Administrator,20044196
Wati Nugroho,35,Office Administrator,12885323
Nur Firmansyah,46,Customer Support,24222825
Eka Nugroho,51,Data Analyst,7136611
Budi Gunawan,19,Data Analyst,16485021
Qori Rahayu,36,Software Engineer,21565736
Qori Suryani,33,Accountant,16486984
Dewi Gunawan,58,Sales Executive,4872627
Budi Nugroho,18,Operations Manager,31769125
Rina Rahayu,20,Software Engineer,38913651
Qori Suryani,26,HR Staff,41772241
Citra Gunawan,49,UI/UX Designer,35140613
Yanto Wibowo,27,Software Engineer,37766185
Yanto Nugroho,31,Marketing Specialist,18623448
Budi Firmansyah,59,Accountant,42181539
Qori Nugroho,29,Operations Manager,17156454
Rina Suryani,47,Customer Support,12354294
Nur Wibowo,55,QA Engineer,43562527
Vina Kusuma,48,QA Engineer,22053044
Nur Setiawan,34,HR Staff,16937252
Dewi Kusuma,35,Accountant,11715653
Rina Halim,43,Customer Support,27062142
Hadi Suryani,21,Accountant,28203446
Oki Pratama,22,Operations Manager,4016484
Qori Hidayat,38,Marketing Specialist,4090263
Hadi Suryani,34,Marketing Specialist,38597102
Lestari Rahayu,49,Product Manager,19345561
Joko Rahayu,35,Data Analyst,27269320
Hadi Gunawan,23,Customer Support,16636633
Dewi Nugroho,58,Sales Executive,41531838
Qori Firmansyah,44,UI/UX Designer,12037007
Siti Saputra,39,Customer Support,38306549
Zaki Nugroho,36,Customer Support,43136152
Yanto Suryani,42,Operations Manager,26092798
Fitri Firmansyah,23,Operations Manager,36141931
Fitri Setiawan,29,Marketing Specialist,28708162
Qori Setiawan,58,Product Manager,14042668
Yanto Halim,44,Data Analyst,31125949
Kiki Halim,48,Accountant,31992746
Hadi Firmansyah,33,Office Administrator,12029253
Oki Setiawan,35,Office Administrator,13434326
Kiki Suryani,23,Operations Manager,24222990
Vina Firmansyah,21,Sales Executive,39577291
Dewi Wibowo,23,Accountant,38562453
Gita Hidayat,41,Office Administrator,6904382
Umar Wibowo,49,QA Engineer,12204450
Zaki Nugroho,40,Product Manager,36717229
Gita Wijaya,35,Accountant,44133212
Lestari Suryani,20,Product Manager,12875036
Rina Firmansyah,37,Office Administrator,5523741
Putri Halim,19,Product Manager,12758785
Siti Pratama,18,QA Engineer,21832114
Eka Wijaya,34,Data Analyst,6150378
Indra Rahayu,46,Operations Manager,34322170
Budi Pratama,55,Office Administrator,13810017
Mega Firmansyah,33,Office Administrator,28083670
Kiki Nugroho,41,Product Manager,19121750
Mega Firmansyah,50,Sales Executive,4108263
Budi Setiawan,35,Product Manager,21984871
Nur Nugroho,40,Accountant,13772375
Joko Firmansyah,19,Office Administrator,6732512
Dewi Hidayat,30,HR Staff,19699814
Oki Suryani,50,Operations Manager,4843812
Siti Wijaya,53,Customer Support,6310966
Tono Santoso,30,Data Analyst,31865035
Umar Wibowo,21,Software Engineer,26360221
Tono Saputra,33,Software Engineer,36385334
Indra Kusuma,18,Accountant,33467284
Dewi Wijaya,29,UI/UX Designer,38130727
Putri Santoso,47,Customer Support,34057928
Yanto Kusuma,39,Accountant,23781713
Rina Gunawan,19,Operations Manager,33037198
Kiki Santoso,23,Sales Executive,29269350
Wati Rahayu,38,Customer Support,5869552
Vina Nugroho,47,UI/UX Designer,5491563
Hadi Setiawan,60,Accountant,38960160
Qori Firmansyah,31,Data Analyst,14747685
Budi Hidayat,49,Product Manager,9947724
Citra Santoso,44,Accountant,23242589
Hadi Setiawan,41,Data Analyst,34337986
Wati Halim,58,HR Staff,7104815
Citra Gunawan,59,Software Engineer,39972616
Kiki Gunawan,38,Office Administrator,30021234
Indra Halim,33,Operations Manager,23578979
Hadi Gunawan,60,Accountant,7428826
Lestari Pratama,25,Product Manager,30656679
Gita Pratama,54,Software Engineer,12203652
Zaki Santoso,43,Product Manager,41935034
Wati Nugroho,59,UI/UX Designer,42177681
Siti Kusuma,48,QA Engineer,8455553
Indra Nugroho,33,Office Administrator,27966622
Lestari Nugroho,50,Software Engineer,5873012
Citra Rahayu,39,Product Manager,27011752
Siti Hidayat,19,Accountant,29131574
Eka Wibowo,23,Customer Support,10064915
Fitri Firmansyah,24,Office Administrator,37938019
Yanto Saputra,40,Customer Support,6060429
Eka Halim,47,HR Staff,22242201
Lestari Saputra,37,Sales Executive,25604191
Wati Wijaya,54,QA Engineer,29863289
Budi Pratama,32,Operations Manager,22570168
Siti Pratama,27,QA Engineer,43786181
Joko Santoso,55,Data Analyst,15097473
Umar Kusuma,18,HR Staff,35126446
Nur Hidayat,53,Data Analyst,44757414
Dewi Nugroho,18,Accountant,16044861
Joko Wibowo,45,UI/UX Designer,29109115
Wati Wijaya,28,HR Staff,15127977
Fitri Setiawan,22,Product Manager,38813334
Qori Firmansyah,60,QA Engineer,7070531
Fitri Pratama,20,Operations Manager,35822101
Nur Halim,40,Marketing Specialist,25961731
Wati Hidayat,30,Software Engineer,17411204
Andi Setiawan,33,Product Manager,41122065
Vina Suryani,36,UI/UX Designer,32138430
Indra Setiawan,49,Customer Support,4722538
Zaki Rahayu,59,Customer Support,36914451
Citra Pratama,56,Accountant,26663229
Qori Saputra,56,Software Engineer,30347176
Umar Halim,18,Sales Executive,25691025
Vina Santoso,19,Data Analyst,13653068
Budi Rahayu,54,Office Administrator,23354684
Kiki Hidayat,35,Customer Support,21792978
Fitri Hidayat,38,Customer Support,27547041
Lestari Kusuma,58,Accountant,27641044
Nur Halim,21,Accountant,34129619
Yanto Saputra,30,Product Manager,4599658
Eka Wibowo,31,HR Staff,22058805
Rina Nugroho,47,Software Engineer,6250476
Lestari Kusuma,36,Data Analyst,24512451
Mega Saputra,37,Product Manager,39865703
Andi Kusuma,39,Data Analyst,39015520
Dewi Wibowo,28,Office Administrator,8187175
Hadi Suryani,52,Operations Manager,26555475
Tono Halim,24,Operations Manager,14066265
Mega Suryani,50,Office Administrator,17651548
Zaki Nugroho,55,HR Staff,38386411
Andi Setiawan,33,HR Staff,29378221
Rina Suryani,35,Operations Manager,13945893
Eka Suryani,48,Operations Manager,22617045
Nur Halim,37,UI/UX Designer,20039388
Andi Nugroho,41,QA Engineer,35410463
Eka Suryani,47,Operations Manager,34025733
Fitri Rahayu,27,Customer Support,7381208
Siti Gunawan,47,Customer Support,38141628
Putri Suryani,55,Software Engineer,19176983
Tono Santoso,31,Customer Support,35036972
Budi Kusuma,36,UI/UX Designer,20980433
Hadi Santoso,24,Software Engineer,33500420
Fitri Nugroho,41,UI/UX Designer,37522078
Budi Pratama,39,Operations Manager,7365072
Fitri Firmansyah,57,Product Manager,34812968
Indra Wijaya,43,Accountant,7139262
Lestari Pratama,29,Software Engineer,31599685
Vina Rahayu,42,Data Analyst,20703427
Mega Halim,19,UI/UX Designer,23058416
Zaki Santoso,58,Office Administrator,22791400
Dewi Wibowo,40,Operations Manager,37167547
Qori Halim,45,Software Engineer,39346474
Lestari Wijaya,34,Product Manager,14733471
Gita Setiawan,53,Operations Manager,4118647
Kiki Kusuma,59,Software Engineer,30128985
Andi Rahayu,20,Marketing Specialist,15981695
Hadi Setiawan,44,UI/UX Designer,8643692
Tono Wibowo,18,Customer Support,38764010
Wati Setiawan,57,Office Administrator,9755993
Indra Firmansyah,38,HR Staff,43269409
Umar Saputra,44,Office Administrator,8425466
Rina Rahayu,54,UI/UX Designer,27322039
Zaki Rahayu,58,UI/UX Designer,30053195
Putri Kusuma,50,UI/UX Designer,22130336
Putri Setiawan,32,HR Staff,20227648
Indra Rahayu,35,Customer Support,21357578
Mega Wibowo,55,Customer Support,42273737
Umar Gunawan,50,Software Engineer,40223501
Tono Nugroho,37,UI/UX Designer,21241137
Gita Kusuma,47,Customer Support,37103677
Dewi Kusuma,29,QA Engineer,39774454
Qori Firmansyah,40,Software Engineer,31890101
Gita Wijaya,60,QA Engineer,32494832
Citra Nugroho,53,Sales Executive,35069293
Indra Wibowo,27,HR Staff,34788044
Zaki Gunawan,50,Sales Executive,6161130
Hadi Santoso,55,Sales Executive,39256572
Budi Santoso,50,Operations Manager,23971332
Mega Kusuma,18,Software Engineer,25376918
Fitri Pratama,49,QA Engineer,4627746
Yanto Suryani,45,QA Engineer,31424244
Oki Saputra,55,HR Staff,17130362
Umar Setiawan,48,Marketing Specialist,39173066
Oki Suryani,58,Customer Support,4201965
Kiki Suryani,30,Product Manager,33034488
Putri Setiawan,39,Product Manager,13327529
Wati Hidayat,41,Customer Support,18790793
Qori Saputra,36,Sales Executive,5400679
Eka Santoso,49,Product Manager,13136016
Hadi Halim,46,Customer Support,15491231
Nur Santoso,31,Product Manager,10410900
Nur Suryani,23,Data Analyst,18767508
Dewi Nugroho,42,Operations Manager,36044680
Kiki Saputra,60,Data Analyst,14212240
Lestari Santoso,42,Marketing Specialist,31834061
Joko Wijaya,34,Product Manager,8339875
Joko Hidayat,19,UI/UX Designer,32639915
Hadi Gunawan,54,Marketing Specialist,10849458
Eka Halim,37,Software Engineer,20803239
Fitri Firmansyah,54,Operations Manager,38550725
Wati Firmansyah,43,Operations Manager,21781714
Wati Rahayu,58,Marketing Specialist,5028056
Siti Setiawan,55,Marketing Specialist,42812292
Andi Firmansyah,30,Product Manager,37617033
Budi Wibowo,26,Customer Support,36308788
Qori Hidayat,35,Operations Manager,37121001
Citra Rahayu,49,Operations Manager,22778404
Oki Hidayat,56,Product Manager,30378516
Kiki Kusuma,44,Operations Manager,39931416
Lestari Santoso,28,Software Engineer,28919257
Fitri Santoso,35,Operations Manager,6120934
Citra Rahayu,24,Data Analyst,8448713
Joko Nugroho,48,Accountant,39069743
Indra Saputra,28,Accountant,12087300
Putri Santoso,53,QA Engineer,6484246
Qori Saputra,26,Operations Manager,37961923
Vina Suryani,28,Data Analyst,37712497
Budi Nugroho,25,Data Analyst,27785531
Putri Kusuma,28,Accountant,32561145
Mega Saputra,22,HR Staff,22457902
Qori Hidayat,26,Product Manager,14819527
Umar Gunawan,53,UI/UX Designer,14282895
Citra Kusuma,30,HR Staff,41184113
Indra Santoso,60,Software Engineer,15239743
Vina Wijaya,35,Customer Support,26372272
Putri Gunawan,24,Data Analyst,8562545
Indra Firmansyah,41,Data Analyst,33496188
Mega Setiawan,22,Product Manager,16598142
Yanto Wijaya,54,Software Engineer,37568996
Eka Hidayat,26,Product Manager,28997467
Zaki Nugroho,39,Sales Executive,7558467
Dewi Saputra,36,Data Analyst,4964466
Rina Saputra,45,Marketing Specialist,34625418
Lestari Suryani,59,Customer Support,29915442
Vina Hidayat,28,Customer Support,4044794
Yanto Nugroho,58,Software Engineer,8813005
Mega Wijaya,58,Data Analyst,22926185
Budi Gunawan,55,UI/UX Designer,28230327
Citra Halim,26,HR Staff,26032714
Vina Suryani,32,Marketing Specialist,44754804
Indra Nugroho,36,Software Engineer,36626986
Qori Wijaya,57,QA Engineer,34400591
Siti Wibowo,55,Software Engineer,9259681
Yanto Suryani,39,Product Manager,20636866
Zaki Setiawan,30,Office Administrator,42227115
Qori Wibowo,38,Accountant,9676417
Yanto Wibowo,18,Software Engineer,5636255
Hadi Nugroho,18,Sales Executive,27815441
Yanto Gunawan,22,Product Manager,8175231
Hadi Suryani,59,Operations Manager,23367680
Citra Wibowo,55,HR Staff,24650930
Wati Kusuma,50,Sales Executive,12448075
Andi Nugroho,30,Customer Support,26927143
Hadi Wijaya,45,HR Staff,42208074
Fitri Rahayu,43,Product Manager,4613257
Umar Firmansyah,29,Product Manager,14177143
Indra Wibowo,24,Customer Support,5528649
Fitri Suryani,40,Sales Executive,20576697
Budi Nugroho,54,Office Administrator,9824663
Hadi Rahayu,19,HR Staff,39517879
Kiki Gunawan,50,Marketing Specialist,18070343
Vina Hidayat,60,Office Administrator,5298876
Zaki Gunawan,44,Marketing Specialist,41292497
Lestari Suryani,22,Operations Manager,13678284
Yanto Pratama,48,Sales Executive,39685387
Andi Santoso,40,Operations Manager,43396271
Nur Pratama,31,Operations Manager,21832040
Dewi Hidayat,48,Software Engineer,34543094
Oki Firmansyah,34,Marketing Specialist,37088604
Wati Firmansyah,32,Sales Executive,5792569
Siti Gunawan,57,Software Engineer,10611639
Vina Nugroho,60,Accountant,4415809
Qori Kusuma,35,Software Engineer,20349515
Wati Halim,30,Sales Executive,43855675
Nur Nugroho,42,Sales Executive,5405853
Oki Halim,26,QA Engineer,43011602
Gita Firmansyah,38,Accountant,7517592
Rina Halim,51,Operations Manager,18683233
Nur Gunawan,49,Marketing Specialist,44270784
Yanto Pratama,25,Marketing Specialist,16968018
Mega Halim,57,Product Manager,39695905
Indra Saputra,47,Software Engineer,39650037
Mega Kusuma,35,Customer Support,8766920
Tono Wijaya,36,Data Analyst,28603801
Putri Halim,43,Data Analyst,28740830
Fitri Gunawan,58,Customer Support,23566366
Indra Gunawan,19,Data Analyst,5499351
Rina Setiawan,50,Customer Support,15789609
Gita Hidayat,28,Accountant,9228431
Rina Halim,27,Product Manager,6152388
Umar Setiawan,50,Sales Executive,9828987
Joko Saputra,37,Accountant,38226209
Indra Hidayat,30,Software Engineer,41783580
Oki Halim,31,Office Administrator,23996245
Lestari Wibowo,49,Marketing Specialist,30212411
Eka Suryani,36,Customer Support,6383676
Zaki Pratama,53,Customer Support,10814187
Umar Suryani,27,UI/UX Designer,12730573
Yanto Firmansyah,37,Marketing Specialist,18970407
Oki Kusuma,51,Software Engineer,4132589
Fitri Suryani,42,Customer Support,29309602
Joko Wibowo,33,HR Staff,25510307
Rina Suryani,27,Office Administrator,42726740
Budi Setiawan,49,Accountant,22568558
Wati Wijaya,46,Office Administrator,27660479
Siti Wijaya,19,HR Staff,14626879
Yanto Rahayu,60,Product Manager,19503997
Zaki Gunawan,51,Marketing Specialist,12797174
Siti Santoso,21,Office Administrator,35496971
Tono Gunawan,18,UI/UX Designer,38450271
Hadi Hidayat,52,Operations Manager,40549037
Mega Firmansyah,19,Accountant,28444087
Dewi Santoso,23,Data Analyst,11418579
Qori Santoso,23,Product Manager,11284646
Lestari Saputra,26,QA Engineer,14900941
Citra Setiawan,48,Software Engineer,30762253
Zaki Hidayat,26,Product Manager,28204306
Dewi Kusuma,23,Data Analyst,37175239
Fitri Santoso,18,Accountant,40682046
Rina Rahayu,55,Product Manager,32277472
Indra Gunawan,32,Marketing Specialist,4696603
Dewi Wibowo,33,Operations Manager,36374096
Citra Wibowo,33,QA Engineer,44337055
Eka Hidayat,27,Product Manager,11461753
Lestari Saputra,34,Accountant,32114350
Eka Kusuma,35,UI/UX Designer,33638091
Dewi Suryani,40,Office Administrator,18482554
Tono Saputra,33,HR Staff,43551813
Zaki Pratama,33,Marketing Specialist,39662532
Budi Gunawan,40,QA Engineer,40189071
Fitri Nugroho,60,HR Staff,25100035
Mega Halim,18,Marketing Specialist,30842672
Tono Hidayat,26,Operations Manager,10942173
Budi Nugroho,47,Customer Support,4342675
Lestari Wijaya,36,Operations Manager,17796140
Oki Nugroho,20,UI/UX Designer,35504375
Rina Wijaya,54,QA Engineer,38993733
Budi Firmansyah,55,Marketing Specialist,9789582
Qori Suryani,57,HR Staff,27525116
Eka Kusuma,19,Product Manager,15185084
Wati Suryani,33,Data Analyst,13677971
Citra Nugroho,59,Office Administrator,6451240
Zaki Firmansyah,40,Product Manager,16556864
Kiki Halim,43,Office Administrator,18185057
Wati Halim,44,Data Analyst,27538368
Fitri Firmansyah,18,Software Engineer,12265785
Wati Setiawan,55,Accountant,17899306
Wati Setiawan,54,HR Staff,30960122
Lestari Kusuma,59,Marketing Specialist,19198034
Citra Rahayu,18,Data Analyst,40486869
Yanto Hidayat,41,Sales Executive,27046080
Andi Suryani,38,QA Engineer,20238135
Andi Setiawan,44,Accountant,28994587
Siti Santoso,35,QA Engineer,31737312
Mega Nugroho,41,Data Analyst,8510734
Eka Halim,34,HR Staff,4368398
Rina Pratama,30,UI/UX Designer,37094766
Nur Hidayat,31,Office Administrator,28674764
Citra Kusuma,24,Operations Manager,17579619
Joko Halim,20,Software Engineer,16646930
Putri Firmansyah,45,QA Engineer,10697374
Gita Halim,38,Software Engineer,24917546
Qori Wibowo,60,Operations Manager,5026803
Dewi Pratama,43,Operations Manager,20714134
Yanto Firmansyah,31,Sales Executive,43929570
Wati Pratama,59,UI/UX Designer,32052054
Qori Firmansyah,34,Sales Executive,39898876
Vina Hidayat,39,Operations Manager,18934586
Budi Pratama,39,Accountant,28735697
Yanto Firmansyah,22,Product Manager,26575651
Fitri Halim,37,HR Staff,31146611
Andi Suryani,25,Product Manager,6047545
Eka Santoso,36,Operations Manager,26296514
Putri Wijaya,36,Product Manager,22749656
Gita Firmansyah,35,Sales Executive,11242017
Zaki Rahayu,31,Accountant,14668305
Lestari Rahayu,29,Customer Support,19378450
Lestari Gunawan,18,Office Administrator,20806066
Rina Halim,31,Customer Support,12971090
Kiki Setiawan,60,Sales Executive,22494332
Wati Wijaya,56,Sales Executive,20372075
Tono Hidayat,51,UI/UX Designer,24471028
Vina Nugroho,46,HR Staff,33107178
Nur Kusuma,47,Software Engineer,34300328
Kiki Kusuma,52,Product Manager,42391896
Yanto Nugroho,45,Marketing Specialist,5472685
Eka Halim,24,Accountant,22572583
Citra Halim,59,QA Engineer,14270435
Qori Firmansyah,41,QA Engineer,21169965
Fitri Halim,34,Product Manager,19456579
Gita Saputra,23,Data Analyst,12267306
Oki Firmansyah,60,Accountant,38711030
Budi Firmansyah,34,Software Engineer,19392713
Qori Firmansyah,48,Customer Support,44009261
Hadi Kusuma,24,Marketing Specialist,11857966
Oki Pratama,36,Software Engineer,8166924
Zaki Setiawan,44,HR Staff,40654693
Tono Nugroho,32,Customer Support,20837843
Hadi Wijaya,26,Sales Executive,15002287
Gita Pratama,48,QA Engineer,16484335
Budi Halim,53,Marketing Specialist,12791304
Fitri Gunawan,47,Customer Support,18095931
Oki Gunawan,36,Product Manager,20987057
Oki Kusuma,21,Operations Manager,24925681
Andi Rahayu,57,UI/UX Designer,14005245
Kiki Kusuma,30,Office Administrator,14444979
Mega Kusuma,23,Data Analyst,28910579
Qori Nugroho,57,Office Administrator,37970181
Qori Kusuma,20,Accountant,23749850
Siti Nugroho,28,Office Administrator,27006787
Eka Saputra,33,Marketing Specialist,7511752
Lestari Wijaya,28,HR Staff,17659255
Citra Setiawan,43,QA Engineer,11169456
Rina Santoso,53,QA Engineer,35020315
Eka Wibowo,51,Customer Support,31871932
Nur Wibowo,42,Office Administrator,26399366
Budi Gunawan,38,Operations Manager,8357189
Wati Gunawan,51,QA Engineer,24879281
Fitri Santoso,23,Marketing Specialist,44709784
Vina Santoso,33,UI/UX Designer,4753981
Wati Rahayu,54,Software Engineer,42248069
Eka Halim,38,HR Staff,18361844
Lestari Wijaya,37,Customer Support,23831710
Nur Suryani,41,Product Manager,19721001
Lestari Kusuma,37,Data Analyst,44450950
Hadi Pratama,55,QA Engineer,35246284
Siti Wibowo,54,Sales Executive,24628808
Siti Santoso,40,Office Administrator,4443270
Gita Setiawan,56,Customer Support,13069178
Putri Firmansyah,58,Data Analyst,4545348
Gita Santoso,58,Software Engineer,15183814
Nur Santoso,18,Marketing Specialist,6562336
Lestari Wijaya,60,QA Engineer,5569721
Zaki Rahayu,24,Marketing Specialist,13582080
Budi Suryani,48,Sales Executive,5325012
Umar Nugroho,47,Marketing Specialist,25931325
Andi Wijaya,23,Product Manager,18931942
Yanto Saputra,42,Customer Support,16190952
Indra Halim,18,HR Staff,12854659
Hadi Nugroho,44,Product Manager,37096022
Oki Santoso,18,Customer Support,7198535
Qori Suryani,25,Customer Support,41588127
Joko Wibowo,43,Software Engineer,42491999
Budi Halim,60,Accountant,18785112
Tono Halim,21,HR Staff,15122836
Fitri Gunawan,39,Customer Support,13084984
Yanto Halim,53,QA Engineer,11722951
Kiki Suryani,48,UI/UX Designer,12980360
Indra Suryani,34,Operations Manager,28346933
Eka Santoso,26,Marketing Specialist,31325682
Oki Suryani,22,Customer Support,8796944
Mega Hidayat,31,Marketing Specialist,22728816
Umar Rahayu,55,Marketing Specialist,14219289
Mega Wibowo,53,Accountant,43586734
Gita Rahayu,58,QA Engineer,39859105
Zaki Saputra,34,Software Engineer,19909369
Putri Halim,44,Data Analyst,10769696
Joko Pratama,56,UI/UX Designer,27097214
Hadi Wibowo,36,Product Manager,18861780
Putri Nugroho,41,Sales Executive,9340131
Mega Wibowo,27,Office Administrator,34156419
Rina Hidayat,24,Marketing Specialist,6985766
Fitri Saputra,33,Marketing Specialist,9112860
Zaki Saputra,50,QA Engineer,18670236
Fitri Wijaya,43,UI/UX Designer,14244425
Umar Santoso,34,Software Engineer,14362390
Vina Pratama,58,Marketing Specialist,32347369
Vina Nugroho,38,Marketing Specialist,25828804
Eka Gunawan,20,Sales Executive,42447836
Wati Firmansyah,51,UI/UX Designer,29422012
Rina Kusuma,31,Data Analyst,8649329
Zaki Saputra,24,HR Staff,40693196
Kiki Wibowo,56,Data Analyst,8956297
Indra Halim,59,Sales Executive,41612683
Wati Kusuma,40,Accountant,20366820
Andi Firmansyah,21,Accountant,22144461
Vina Halim,19,Office Administrator,41261760
Citra Hidayat,53,Operations Manager,13201849
Yanto Suryani,53,Operations Manager,37701776
Nur Halim,48,Accountant,15556195
Nur Gunawan,18,Operations Manager,20982489
Rina Kusuma,50,Office Administrator,6889733
Siti Santoso,39,Software Engineer,6580088
Oki Nugroho,43,Office Administrator,39932414
Lestari Firmansyah,36,Customer Support,42394398
Dewi Saputra,47,Office Administrator,37535559
Rina Setiawan,49,Sales Executive,25076814
Qori Rahayu,52,Office Administrator,35897520
Umar Kusuma,29,UI/UX Designer,13325047
Yanto Setiawan,31,Marketing Specialist,34764677
Budi Nugroho,20,Customer Support,19918595
Yanto Gunawan,36,Data Analyst,6563726
Vina Hidayat,19,Software Engineer,20275894
Yanto Halim,19,Product Manager,21327243
Joko Setiawan,38,Sales Executive,38174274
Tono Kusuma,42,Customer Support,17619425
Nur Setiawan,44,Customer Support,17099064
Citra Firmansyah,40,Operations Manager,26833570
Kiki Santoso,29,Operations Manager,42927482
Indra Gunawan,57,Data Analyst,9967683
Qori Hidayat,32,Operations Manager,13643767
Indra Suryani,47,Office Administrator,9133373
Andi Setiawan,21,Marketing Specialist,8772240
Gita Saputra,33,Data Analyst,31796784
Eka Nugroho,30,Operations Manager,40828579
Rina Kusuma,47,Software Engineer,7044424
Nur Halim,29,Customer Support,22766087
Joko Saputra,18,Data Analyst,8452882
Eka Setiawan,42,Sales Executive,34132613
Budi Wibowo,33,UI/UX Designer,8159681
Budi Pratama,51,Accountant,11614360
Eka Halim,47,Product Manager,28582108
Citra Nugroho,20,Accountant,33390627
Kiki Hidayat,57,Office Administrator,6377140
Budi Kusuma,24,Accountant,40306005
Zaki Rahayu,42,HR Staff,18465846
Dewi Wijaya,58,Customer Support,40656939
Fitri Halim,54,UI/UX Designer,7672050
Budi Nugroho,60,Marketing Specialist,15008453
Rina Pratama,24,Office Administrator,20141441
Tono Gunawan,23,Accountant,39005698
Mega Gunawan,47,Product Manager,24456021
Oki Santoso,19,UI/UX Designer,44567479
Putri Kusuma,27,Accountant,17156537
Kiki Saputra,42,HR Staff,22971291
Putri Suryani,37,Marketing Specialist,7472489
Fitri Kusuma,45,UI/UX Designer,14366735
Lestari Halim,35,Sales Executive,22342155
Budi Santoso,26,Sales Executive,36082392
Qori Setiawan,60,Product Manager,32827829
Lestari Santoso,18,Product Manager,10308020
Umar Firmansyah,46,HR Staff,17528334
Fitri Rahayu,20,HR Staff,10878947
Indra Nugroho,24,Data Analyst,32080023
Joko Pratama,55,UI/UX Designer,11855980
Budi Wijaya,24,Data Analyst,21061786
Citra Hidayat,54,Data Analyst,29429721
Yanto Firmansyah,40,HR Staff,32732896
Zaki Santoso,55,UI/UX Designer,7966340
Nur Suryani,37,Customer Support,11871182
Citra Hidayat,19,UI/UX Designer,19196807
Joko Suryani,58,HR Staff,35281833
Putri Setiawan,24,Sales Executive,34606299
Andi Hidayat,54,Accountant,42878074
Andi Wijaya,31,Data Analyst,10866909
Indra Pratama,35,Product Manager,18903002
Putri Kusuma,59,HR Staff,4935653
Citra Saputra,45,Marketing Specialist,21025041
Wati Santoso,41,Software Engineer,20692491
Gita Nugroho,26,Sales Executive,10154879
Indra Nugroho,33,Accountant,12117651
Joko Wibowo,27,QA Engineer,19373034
Gita Pratama,54,Accountant,39439352
Fitri Suryani,25,Office Administrator,32093210
Hadi Halim,21,HR Staff,12811644
Umar Wijaya,30,Accountant,25699596
Qori Firmansyah,56,Office Administrator,25905807
Gita Rahayu,25,Accountant,37443672
Umar Kusuma,40,Product Manager,24525670
Hadi Santoso,20,Data Analyst,6987438
Indra Setiawan,57,Software Engineer,25051355
Mega Wibowo,59,Software Engineer,8450601
Hadi Suryani,44,Operations Manager,22649753
Indra Firmansyah,38,UI/UX Designer,44463640
Lestari Rahayu,19,UI/UX Designer,30554351
Rina Nugroho,41,QA Engineer,11104504
Gita Wijaya,32,Data Analyst,16431711
Yanto Rahayu,19,Sales Executive,35329934
Yanto Gunawan,21,Office Administrator,38011984
Fitri Nugroho,30,Product Manager,40676226
Kiki Setiawan,53,Office Administrator,40151185
Oki Firmansyah,60,Operations Manager,10097908
Kiki Wibowo,47,QA Engineer,34440751
Vina Gunawan,33,Operations Manager,42561965
Zaki Wibowo,41,QA Engineer,37476512
Nur Halim,34,HR Staff,33776139
Wati Saputra,30,QA Engineer,33206343
Vina Saputra,59,QA Engineer,18687562
Lestari Santoso,20,Accountant,29356471
Umar Santoso,55,Software Engineer,17777834
Eka Gunawan,23,Accountant,31348683
Gita Saputra,56,QA Engineer,30440688
Nur Santoso,46,Sales Executive,32164354
Nur Gunawan,45,Office Administrator,26527576
Kiki Kusuma,26,Sales Executive,38652878
Eka Setiawan,37,HR Staff,9199308
Lestari Wijaya,31,Customer Support,34716096
Nur Saputra,18,Accountant,44276266
Mega Halim,30,UI/UX Designer,35365740
Gita Halim,28,Accountant,20413587
Gita Halim,35,UI/UX Designer,34603530
Siti Nugroho,35,Data Analyst,17160240
Wati Setiawan,52,Software Engineer,26254765
Qori Saputra,18,Office Administrator,10228384
Budi Hidayat,43,Accountant,25983803
Fitri Wijaya,28,Sales Executive,30129285
Lestari Pratama,34,Product Manager,21825649
Zaki Suryani,40,Office Administrator,10505131
Lestari Firmansyah,22,Software Engineer,8316423
Andi Wibowo,18,Office Administrator,12016656
Dewi Firmansyah,44,Sales Executive,30996481
Budi Nugroho,54,Software Engineer,31074517
Yanto Halim,28,UI/UX Designer,38585385
Hadi Wijaya,33,Office Administrator,5810276
Oki Wijaya,36,Customer Support,15766988
Hadi Wibowo,37,UI/UX Designer,18781608
Kiki Wibowo,52,Software Engineer,40898827
Yanto Kusuma,29,UI/UX Designer,43254177
Yanto Suryani,19,Office Administrator,24759957
Yanto Saputra,26,Sales Executive,22373487
Citra Suryani,25,Sales Executive,40390966
Eka Saputra,31,Customer Support,39679396
Lestari Firmansyah,24,UI/UX Designer,7893533
Joko Kusuma,33,QA Engineer,38076313
Eka Saputra,41,QA Engineer,16249648
Joko Hidayat,57,QA Engineer,21945663
Zaki Nugroho,25,Sales Executive,22709190
Fitri Suryani,21,Operations Manager,5307998
Hadi Halim,30,Data Analyst,4378722
Yanto Firmansyah,25,HR Staff,6281757
Umar Hidayat,22,Data Analyst,19262010
Joko Halim,29,Software Engineer,17112289
Kiki Kusuma,45,QA Engineer,42571341
Lestari Suryani,52,Sales Executive,33491444
Wati Suryani,51,UI/UX Designer,16975375
Nur Hidayat,47,Accountant,6964190
Rina Setiawan,24,Sales Executive,26229597
Tono Setiawan,37,Customer Support,8278918
Dewi Nugroho,29,Accountant,14086482
Yanto Nugroho,35,UI/UX Designer,30731070
Gita Wibowo,52,Customer Support,4209032
Eka Gunawan,43,Data Analyst,4866534
Eka Santoso,47,Software Engineer,5704791
Budi Halim,45,Accountant,34952689
Siti Gunawan,58,Data Analyst,21321880
Oki Saputra,55,Operations Manager,22459379
Vina Saputra,18,Product Manager,17526832
Yanto Suryani,32,Sales Executive,4376359
Qori Halim,23,Customer Support,44286165
Hadi Santoso,59,Office Administrator,20068138
Umar Pratama,29,Operations Manager,24419648
Putri Wibowo,48,QA Engineer,38530578
Hadi Wijaya,41,Data Analyst,20681364
Siti Hidayat,50,Office Administrator,8941771
Budi Suryani,50,Marketing Specialist,34095203
Zaki Setiawan,37,QA Engineer,42062922
Kiki Saputra,23,Software Engineer,37184724
Gita Gunawan,30,Customer Support,34070906
Dewi Setiawan,57,Operations Manager,29228254
Dewi Pratama,50,Accountant,19848278
Dewi Kusuma,27,Accountant,4985020
Citra Rahayu,41,Product Manager,10808622
Nur Wibowo,55,Operations Manager,37147706
Citra Gunawan,56,HR Staff,4818766
Eka Kusuma,25,QA Engineer,16707484
Indra Nugroho,31,Data Analyst,27615136
Indra Nugroho,44,Data Analyst,18719479
Citra Suryani,56,Marketing Specialist,27566576
Kiki Saputra,51,Customer Support,39012146
Putri Gunawan,45,Data Analyst,31339830
Umar Kusuma,36,UI/UX Designer,8327637
Qori Gunawan,28,Office Administrator,13668112
Umar Wijaya,52,UI/UX Designer,41480071
Oki Suryani,19,UI/UX Designer,10917558
Kiki Wijaya,26,HR Staff,34754853
Budi Saputra,38,UI/UX Designer,8927490
Rina Nugroho,50,Software Engineer,38185721
Nur Saputra,38,Product Manager,7872437
Oki Halim,26,Product Manager,36289676
Budi Rahayu,29,Accountant,17403718
Budi Wijaya,42,Operations Manager,14204274
Andi Santoso,46,Marketing Specialist,12434717
Lestari Firmansyah,41,Operations Manager,29245978
Nur Nugroho,21,Data Analyst,6966593
Yanto Suryani,34,Marketing Specialist,13398222
Nur Nugroho,60,Software Engineer,22438983
Joko Wijaya,50,Software Engineer,21095491
Wati Santoso,45,UI/UX Designer,29104389
Gita Wijaya,31,Marketing Specialist,22134305
Eka Setiawan,37,Operations Manager,20213840
Eka Pratama,55,Operations Manager,15119321
Oki Halim,28,Product Manager,31013073
Oki Santoso,20,Sales Executive,17422955
Eka Kusuma,50,UI/UX Designer,19192117
Kiki Gunawan,34,HR Staff,18171048
Kiki Pratama,24,Software Engineer,41837104
Umar Wijaya,35,Accountant,28056760
Eka Rahayu,45,Marketing Specialist,22044976
Zaki Suryani,55,Office Administrator,39398274
Dewi Halim,56,UI/UX Designer,17912847
Zaki Nugroho,38,QA Engineer,35984633
Putri Wibowo,51,Software Engineer,9012233
Fitri Wibowo,59,Accountant,20840374
Oki Wijaya,21,Software Engineer,39350102
Dewi Firmansyah,31,HR Staff,31245179
Citra Saputra,18,Office Administrator,24131642
Umar Halim,28,QA Engineer,40488653
Lestari Setiawan,22,Sales Executive,38732164
Indra Halim,27,Sales Executive,27066249
Gita Setiawan,58,Marketing Specialist,32375707
Indra Saputra,36,Data Analyst,31876202
Indra Wijaya,45,Customer Support,4484097
Eka Wijaya,22,HR Staff,36972319
Joko Santoso,27,Data Analyst,32977407
Hadi Hidayat,18,Marketing Specialist,22461361
Eka Gunawan,28,Software Engineer,16672302
Zaki Saputra,20,Office Administrator,37697795
Siti Gunawan,28,Accountant,8212999
Andi Gunawan,45,Customer Support,36873487
Kiki Gunawan,27,Customer Support,12480729
Tono Suryani,33,Sales Executive,27798842
Zaki Firmansyah,41,UI/UX Designer,4886981
Nur Firmansyah,31,Operations Manager,26572301
Yanto Wijaya,21,Office Administrator,13317457
Nur Kusuma,26,Operations Manager,9851073
Kiki Suryani,43,HR Staff,35553848
Indra Firmansyah,42,Sales Executive,22013867
Tono Halim,60,HR Staff,22167186
Budi Saputra,20,Customer Support,17144096
Indra Rahayu,42,Office Administrator,15956022
Nur Suryani,18,Operations Manager,7062024
Siti Firmansyah,26,Operations Manager,16359874
Gita Setiawan,45,Data Analyst,22535052
Fitri Halim,52,Operations Manager,43237881
Fitri Setiawan,41,Marketing Specialist,20226311
Gita Suryani,25,Marketing Specialist,42992059
Lestari Wibowo,25,Marketing Specialist,32813824
Indra Saputra,28,Data Analyst,22726580
Citra Pratama,33,Operations Manager,34335031
Andi Wijaya,43,Customer Support,34235904
Fitri Pratama,36,Product Manager,4307923
Wati Firmansyah,35,Product Manager,10122503
Hadi Suryani,44,HR Staff,12826426
Vina Pratama,52,Product Manager,34972220
Oki Wijaya,43,HR Staff,36592498
Mega Nugroho,26,Product Manager,27736075
Citra Pratama,49,Accountant,6032407
Budi Setiawan,49,Sales Executive,43317114
Andi Wibowo,30,Office Administrator,30124473
Lestari Gunawan,44,Product Manager,17130046
Kiki Kusuma,25,Marketing Specialist,30584178
Citra Kusuma,24,QA Engineer,8844720
Siti Kusuma,55,Product Manager,34883252
Zaki Wibowo,46,Accountant,44372812
Gita Gunawan,20,HR Staff,29589197
Siti Wijaya,29,HR Staff,32198203
Zaki Pratama,30,Customer Support,30898025
Putri Gunawan,23,HR Staff,25992846
Vina Firmansyah,51,Product Manager,12597520
Mega Firmansyah,51,Accountant,10860246
Umar Setiawan,50,Office Administrator,27251009
Oki Gunawan,47,Operations Manager,39555966
Tono Firmansyah,50,UI/UX Designer,37956085
Siti Wijaya,60,Marketing Specialist,19001422
Indra Saputra,20,Operations Manager,28647291
Mega Rahayu,24,Marketing Specialist,36616160
Budi Wijaya,49,Customer Support,15047268
Mega Setiawan,40,Accountant,25455954
Umar Pratama,42,HR Staff,5135041
Gita Hidayat,25,Accountant,20913083
Tono Halim,59,UI/UX Designer,14933222
Umar Halim,23,Data Analyst,36636788
Mega Pratama,47,Office Administrator,8345558
Joko Gunawan,23,Operations Manager,8104839
Indra Setiawan,23,Product Manager,36383889
Qori Hidayat,28,Operations Manager,27251217
Mega Pratama,53,Data Analyst,31892906
Putri Rahayu,19,Customer Support,17162546
Nur Firmansyah,58,Product Manager,43953908
Citra Pratama,36,QA Engineer,27456314
Mega Rahayu,60,UI/UX Designer,13835764
Hadi Rahayu,40,Software Engineer,10956521
Joko Gunawan,31,Customer Support,10824811
Oki Wijaya,25,QA Engineer,22225457
Kiki Nugroho,38,Office Administrator,32322209
Rina Wibowo,28,Accountant,39588904
Siti Halim,35,Operations Manager,19230772
Budi Pratama,47,Office Administrator,29847305
Vina Kusuma,55,Sales Executive,35390202
Indra Gunawan,49,Accountant,43677172
Citra Firmansyah,33,UI/UX Designer,42804056
Oki Saputra,18,Customer Support,16570811
Hadi Wibowo,22,Sales Executive,16482824
Fitri Wibowo,52,Software Engineer,43239602
Putri Kusuma,35,Operations Manager,41345250
Lestari Halim,52,HR Staff,4901284
Gita Hidayat,44,Sales Executive,17314829
Lestari Santoso,41,UI/UX Designer,33969399
Oki Rahayu,20,Software Engineer,6444411
Tono Saputra,49,Data Analyst,43879658
Budi Santoso,33,Product Manager,30799886
Andi Kusuma,33,Operations Manager,35269464
Yanto Kusuma,39,Customer Support,9076362
Mega Nugroho,40,Product Manager,18716643
Dewi Santoso,23,Accountant,40189866
Indra Rahayu,39,Customer Support,12710849
Indra Halim,60,Operations Manager,26804546
Tono Saputra,24,Software Engineer,25630799
Siti Wijaya,41,Office Administrator,5200752
Dewi Firmansyah,39,UI/UX Designer,16509432
Citra Saputra,18,QA Engineer,29092954
Gita Suryani,50,UI/UX Designer,8831604
Eka Kusuma,34,Data Analyst,39161634
Fitri Halim,21,QA Engineer,7339374
Eka Hidayat,46,Sales Executive,8469242
Zaki Halim,40,Marketing Specialist,22347483
Rina Firmansyah,26,Accountant,12334822
Umar Firmansyah,51,Accountant,28944610
Fitri Halim,25,Sales Executive,21359837
Oki Halim,27,Accountant,41236185
Eka Setiawan,25,HR Staff,16307849
Zaki Wibowo,51,Marketing Specialist,17378569
Budi Gunawan,50,Software Engineer,28261227
Dewi Nugroho,55,Office Administrator,17173023
Lestari Hidayat,19,Software Engineer,33869154
Tono Halim,54,Marketing Specialist,38687536
Fitri Setiawan,53,Product Manager,36948488
Yanto Wijaya,57,Software Engineer,30518207
Nur Gunawan,37,Product Manager,19107830
Oki Saputra,48,Sales Executive,5674641
Dewi Halim,39,Marketing Specialist,41052628
Hadi Suryani,33,Office Administrator,41032121
Yanto Rahayu,53,Data Analyst,17336747
Putri Kusuma,37,Sales Executive,7322598
Andi Rahayu,47,HR Staff,34817993
Oki Santoso,19,Accountant,18679336
Wati Gunawan,51,Software Engineer,38861829
Andi Kusuma,26,Marketing Specialist,27885167
Wati Pratama,46,HR Staff,31227732
Yanto Halim,34,Sales Executive,35867725
Indra Rahayu,38,Sales Executive,21374902
Lestari Wibowo,20,Software Engineer,17562041
Putri Setiawan,33,Operations Manager,33230603
Joko Rahayu,56,Software Engineer,5517334
Wati Suryani,40,QA Engineer,10942418
Rina Nugroho,51,Customer Support,25817157
Umar Kusuma,22,Operations Manager,34363845
Rina Saputra,49,Customer Support,19993504
Vina Rahayu,20,Data Analyst,34374239
Andi Rahayu,19,Customer Support,9188831
Mega Santoso,25,QA Engineer,13134315
Andi Halim,48,QA Engineer,5443053
Eka Wijaya,51,Marketing Specialist,31763777
Tono Wibowo,50,HR Staff,39817894
Siti Halim,34,HR Staff,4708041
Gita Halim,46,Software Engineer,44696097
Yanto Saputra,30,UI/UX Designer,29628236
Gita Wijaya,25,UI/UX Designer,22439639
Oki Halim,26,UI/UX Designer,24478029
Umar Gunawan,54,Office Administrator,44882897
Oki Setiawan,21,Accountant,7225668
Citra Firmansyah,33,Data Analyst,37654206
Nur Setiawan,40,Data Analyst,8571066
Andi Kusuma,49,Accountant,4079799
Tono Kusuma,51,QA Engineer,20729770
Vina Pratama,54,HR Staff,32562580
Budi Firmansyah,41,UI/UX Designer,25868478
Eka Saputra,41,Customer Support,43863343
Wati Suryani,43,Accountant,14768184
Lestari Hidayat,34,Software Engineer,42199864
Putri Hidayat,28,Operations Manager,41812839
Vina Gunawan,60,Marketing Specialist,17179317
Mega Kusuma,39,QA Engineer,42712427
Budi Nugroho,58,QA Engineer,18284375
Kiki Hidayat,45,HR Staff,34055476
Hadi Kusuma,59,HR Staff,37254055
Kiki Hidayat,47,Data Analyst,22502780
Wati Hidayat,28,HR Staff,8681884
Indra Firmansyah,51,Accountant,13925575
Dewi Halim,44,UI/UX Designer,32760334
Indra Suryani,59,HR Staff,22344087
Siti Halim,29,Sales Executive,8778980
Yanto Kusuma,53,Office Administrator,33427156
Lestari Firmansyah,39,Data Analyst,6237573
Fitri Wijaya,49,Sales Executive,21199326
Mega Santoso,35,Accountant,38793711
Citra Pratama,29,Software Engineer,27187088
Hadi Setiawan,53,Product Manager,16719170
Dewi Halim,24,QA Engineer,42708592
Vina Firmansyah,48,Data Analyst,23404523
Siti Halim,49,Product Manager,6946642
Oki Rahayu,53,Accountant,30477923
Nur Saputra,33,Accountant,15206985
Wati Wibowo,32,HR Staff,28454219
Gita Wibowo,53,Sales Executive,18346843
Zaki Nugroho,22,HR Staff,7769386
Umar Kusuma,29,UI/UX Designer,4416616
Wati Santoso,58,Customer Support,38064479
Budi Halim,39,UI/UX Designer,5509189
Budi Hidayat,54,Accountant,5576967
Qori Kusuma,48,Customer Support,44238200
Oki Setiawan,48,UI/UX Designer,7909641
Oki Kusuma,46,Sales Executive,43299709
Hadi Rahayu,60,UI/UX Designer,16692819
Fitri Santoso,50,Marketing Specialist,30399668
Eka Halim,21,Product Manager,41209911
Oki Nugroho,36,Data Analyst,19077609
Rina Gunawan,35,Sales Executive,11129862
Rina Nugroho,24,Customer Support,5912749
Siti Pratama,38,QA Engineer,25329864
Qori Suryani,28,Data Analyst,38184523
Citra Firmansyah,59,Product Manager,21770411
Eka Saputra,29,Sales Executive,29827007
Yanto Wijaya,22,Customer Support,5986888
Mega Wibowo,38,Marketing Specialist,36555061
Lestari Wibowo,29,Customer Support,15715823
Oki Nugroho,58,Data Analyst,39471891
Lestari Santoso,58,Customer Support,26290544
Umar Hidayat,59,Customer Support,35346603
Nur Firmansyah,42,Marketing Specialist,32521240
Oki Santoso,49,HR Staff,26065346
Siti Kusuma,52,HR Staff,44736193
Wati Santoso,60,HR Staff,16892947
Rina Halim,59,Customer Support,7639464
Eka Wijaya,35,HR Staff,20773386
Siti Wibowo,51,Marketing Specialist,38198821
Nur Wibowo,25,Marketing Specialist,6527242
Andi Hidayat,29,QA Engineer,25251546
Joko Nugroho,42,HR Staff,24865553
Budi Suryani,53,Marketing Specialist,27520624
Oki Setiawan,25,UI/UX Designer,10047614
Eka Setiawan,19,Marketing Specialist,15417424
Oki Santoso,57,Software Engineer,5372393
Kiki Firmansyah,28,QA Engineer,40256267
Nur Wibowo,55,Data Analyst,11918953
Dewi Rahayu,52,UI/UX Designer,11586791
Oki Wibowo,50,Product Manager,44559767
Lestari Suryani,20,Product Manager,23632339
Umar Gunawan,60,Office Administrator,33622890
Citra Wibowo,50,QA Engineer,5800356
Yanto Suryani,38,Product Manager,22108082
Vina Kusuma,30,UI/UX Designer,36030598
Yanto Hidayat,19,Accountant,31231093
Kiki Santoso,21,Data Analyst,11751222
Eka Kusuma,60,Customer Support,8095304
Gita Suryani,19,Office Administrator,35669821
Citra Saputra,58,Marketing Specialist,35687279
Indra Rahayu,21,Marketing Specialist,22281688
Indra Santoso,50,Sales Executive,8495057
Gita Saputra,37,Software Engineer,5639600
Gita Suryani,57,Product Manager,9119261
Dewi Gunawan,47,Accountant,26395367
Citra Firmansyah,26,Accountant,31969405
Yanto Firmansyah,55,Operations Manager,25211292
Siti Firmansyah,28,Customer Support,12417180
Wati Hidayat,40,Product Manager,44235941
Vina Suryani,27,Software Engineer,11028287
Fitri Halim,57,Sales Executive,37033494
Putri Saputra,53,Sales Executive,13035849
Budi Firmansyah,35,UI/UX Designer,23875982
Mega Halim,57,UI/UX Designer,15358197
Rina Hidayat,52,QA Engineer,16092897
Budi Setiawan,36,QA Engineer,5769646
Gita Firmansyah,48,Operations Manager,27054504
Lestari Firmansyah,28,HR Staff,7109000
Putri Halim,60,Accountant,31767193
Lestari Suryani,49,HR Staff,38076499
Hadi Firmansyah,55,HR Staff,40801545
Oki Wibowo,18,HR Staff,43589947
Rina Gunawan,56,Sales Executive,41831232
Joko Gunawan,20,Operations Manager,26265675
Yanto Wijaya,27,Product Manager,4788054
Joko Nugroho,33,Customer Support,19713318
Yanto Wijaya,33,HR Staff,33736731
Gita Firmansyah,34,Operations Manager,20692022
Joko Wibowo,40,Sales Executive,5856639
Umar Kusuma,30,Operations Manager,10533041
Kiki Wibowo,59,UI/UX Designer,42178908
Siti Setiawan,19,Marketing Specialist,20704432
Wati Hidayat,40,Data Analyst,7589209
Joko Setiawan,33,Marketing Specialist,36204163
Wati Gunawan,47,Marketing Specialist,20239338
Lestari Santoso,50,Product Manager,12057787
Wati Hidayat,27,Operations Manager,8259706
Joko Gunawan,49,Data Analyst,27142308
Dewi Kusuma,34,Sales Executive,18643043
Zaki Rahayu,41,QA Engineer,34647437
Mega Pratama,44,HR Staff,30468836
Dewi Nugroho,40,Marketing Specialist,19836601
Siti Halim,43,Product Manager,4460662
Gita Halim,49,QA Engineer,10367931
Andi Halim,50,Data Analyst,26899288
Fitri Rahayu,36,QA Engineer,8685992
Mega Nugroho,19,QA Engineer,30542453
Vina Saputra,22,HR Staff,38576355
Qori Nugroho,25,Data Analyst,41658597
Zaki Nugroho,42,HR Staff,33034186
Vina Suryani,29,Office Administrator,17905767
Fitri Gunawan,48,UI/UX Designer,4544917
Mega Pratama,48,Sales Executive,29873771
Fitri Pratama,24,HR Staff,34942248
Kiki Firmansyah,44,Office Administrator,35184853
Kiki Gunawan,49,Sales Executive,9789305
Dewi Wibowo,48,Operations Manager,6767036
Hadi Wibowo,35,Product Manager,15396270
Indra Suryani,21,Sales Executive,11719540
Andi Halim,55,Customer Support,17523811
Rina Halim,45,Software Engineer,33283829
Eka Kusuma,60,Accountant,11848392
Mega Setiawan,29,Data Analyst,14896918
Indra Setiawan,55,Product Manager,21422782
Hadi Wibowo,50,Operations Manager,7402554
Yanto Hidayat,25,Data Analyst,9746595
Mega Pratama,32,Operations Manager,22606183
Hadi Suryani,30,Customer Support,44379597
Putri Wijaya,30,Data Analyst,4858619
Mega Nugroho,21,Accountant,5509892
Tono Wijaya,34,UI/UX Designer,40104255
Rina Gunawan,52,Office Administrator,30102423
Siti Gunawan,31,Office Administrator,39333824
Gita Santoso,27,UI/UX Designer,17776700
Vina Suryani,44,Product Manager,44137941
Mega Gunawan,42,Customer Support,35023004
Rina Pratama,52,Marketing Specialist,6891941
Dewi Pratama,31,Operations Manager,41325885
Joko Setiawan,52,Sales Executive,11172278
Fitri Suryani,18,Sales Executive,24530601
Tono Wibowo,53,Data Analyst,44681549
Putri Rahayu,45,Marketing Specialist,8237727
Gita Nugroho,54,Office Administrator,15463005
Umar Firmansyah,33,Accountant,7464899
Mega Wijaya,51,HR Staff,24095458
Vina Nugroho,23,Data Analyst,12490664
Gita Setiawan,35,Sales Executive,39129952
Hadi Hidayat,46,Data Analyst,23602246
Vina Pratama,25,QA Engineer,28540319
Citra Setiawan,49,QA Engineer,12480412
Lestari Pratama,31,Software Engineer,13773825
Qori Firmansyah,38,Marketing Specialist,37641844
Putri Kusuma,50,Customer Support,10186827
Rina Wijaya,47,Sales Executive,24087462
Qori Firmansyah,46,UI/UX Designer,38741773
Dewi Suryani,39,UI/UX Designer,40273321
Qori Gunawan,34,QA Engineer,35975817
Fitri Rahayu,45,Product Manager,28849723
Fitri Santoso,29,Marketing Specialist,29818077
Zaki Rahayu,43,HR Staff,16641713
Kiki Santoso,21,Operations Manager,15152690
Wati Halim,25,Product Manager,6105312
Eka Wijaya,32,UI/UX Designer,35251976
Budi Santoso,29,Accountant,24851816
Kiki Santoso,47,Accountant,19247252
Vina Pratama,49,Data Analyst,9736793
Rina Wibowo,37,Operations Manager,21575305
Vina Setiawan,53,UI/UX Designer,34875308
Rina Halim,27,Data Analyst,6206829
Gita Suryani,28,Marketing Specialist,14164093
Rina Gunawan,37,Sales Executive,21231480
Zaki Hidayat,57,Data Analyst,30577589
Dewi Suryani,19,Office Administrator,31991435
Yanto Wibowo,37,Product Manager,13686380
Andi Saputra,23,Data Analyst,16826756
Kiki Wibowo,41,UI/UX Designer,20524222
Dewi Rahayu,37,HR Staff,6809212
Oki Gunawan,20,Office Administrator,14076508
Budi Setiawan,20,Sales Executive,36852240
Siti Halim,18,Customer Support,43561616
Fitri Wijaya,59,Accountant,40662415
Indra Kusuma,38,Data Analyst,20775798
Zaki Suryani,56,Accountant,21613824
Mega Rahayu,29,UI/UX Designer,12354828
Lestari Setiawan,46,Product Manager,35109665
Eka Rahayu,52,Data Analyst,15336847
Gita Halim,31,Product Manager,6613156
Siti Setiawan,30,Office Administrator,10353130
Zaki Rahayu,53,QA Engineer,12932686
Qori Gunawan,59,Marketing Specialist,17937552
Nur Hidayat,24,HR Staff,28047008
Nur Nugroho,32,Data Analyst,40819183
Budi Pratama,44,Marketing Specialist,28176215
Rina Pratama,29,Software Engineer,25558591
Yanto Saputra,54,Accountant,35322831
Citra Hidayat,52,Marketing Specialist,39042823
Vina Rahayu,26,Sales Executive,42149215
Rina Santoso,41,UI/UX Designer,4263237
Budi Pratama,56,UI/UX Designer,7260148
Nur Wijaya,43,HR Staff,18199356
Siti Kusuma,42,Operations Manager,21155101
Yanto Pratama,60,UI/UX Designer,16573909
Wati Kusuma,34,UI/UX Designer,11601002
Qori Kusuma,47,UI/UX Designer,23371361
Lestari Kusuma,34,Office Administrator,13097475
Mega Wibowo,27,Operations Manager,17649531
Joko Hidayat,37,Customer Support,9729924
Fitri Saputra,21,Marketing Specialist,33054923
Kiki Setiawan,45,Software Engineer,28614196
Eka Pratama,49,UI/UX Designer,12950345
Dewi Wibowo,34,Product Manager,28700788
Gita Rahayu,24,Product Manager,29295947
Tono Gunawan,41,Sales Executive,9627057
Andi Saputra,50,Product Manager,35360357
Wati Pratama,19,Office Administrator,17116174
Dewi Halim,59,Software Engineer,39492528
Dewi Santoso,26,Office Administrator,26056587
Vina Rahayu,33,Accountant,8330963
Wati Setiawan,28,Product Manager,12559377
Rina Santoso,25,HR Staff,11892466
Nur Wijaya,42,Accountant,25191252
Putri Hidayat,23,Office Administrator,12973211
Andi Suryani,53,QA Engineer,11967438
Indra Setiawan,23,Sales Executive,22684474
Oki Wibowo,59,Sales Executive,32575252
Yanto Setiawan,58,Marketing Specialist,37713567
Hadi Hidayat,20,Data Analyst,19136915
Qori Suryani,57,UI/UX Designer,38784854
Fitri Halim,28,Office Administrator,8896538
Nur Pratama,23,Marketing Specialist,6100650
Siti Setiawan,50,Office Administrator,44049193
Budi Rahayu,30,Data Analyst,24717469
Vina Hidayat,27,Sales Executive,9484165
Umar Wibowo,33,Customer Support,32829573
Putri Saputra,50,HR Staff,7363602
Hadi Pratama,32,Office Administrator,14902329
Lestari Halim,52,Office Administrator,9469038
Qori Wijaya,51,Operations Manager,5129031
Yanto Gunawan,22,Sales Executive,20940732
Budi Pratama,48,Sales Executive,35911769
Eka Halim,57,Sales Executive,6921055
Siti Hidayat,48,Office Administrator,19978775
Citra Firmansyah,58,HR Staff,18606499
Kiki Santoso,51,Operations Manager,27573988
Zaki Gunawan,50,HR Staff,28767352
Dewi Suryani,47,Accountant,28395345
Vina Rahayu,46,Accountant,30236609
Citra Wibowo,41,UI/UX Designer,24176090
Budi Wibowo,41,Office Administrator,38537225
Tono Halim,23,Product Manager,34227599
Putri Wibowo,21,Product Manager,4787971
Fitri Wijaya,50,Office Administrator,44543466
Oki Halim,51,UI/UX Designer,6885145
Citra Nugroho,57,Data Analyst,40957749
Zaki Halim,41,Customer Support,41228272
Hadi Wijaya,50,Operations Manager,7385515
Lestari Halim,22,Marketing Specialist,23102993
Qori Setiawan,23,Software Engineer,12457857
Rina Suryani,38,Accountant,5508684
Lestari Gunawan,38,UI/UX Designer,39333233
Joko Pratama,19,UI/UX Designer,40415435
Budi Wibowo,24,Customer Support,6019753
Mega Pratama,38,Sales Executive,44885982
Eka Hidayat,38,Office Administrator,25866721
Indra Wibowo,33,UI/UX Designer,7018944
Indra Santoso,44,UI/UX Designer,37415847
Yanto Gunawan,21,HR Staff,16291598
Qori Gunawan,42,HR Staff,13065912
Umar Gunawan,40,QA Engineer,38766467
Dewi Santoso,48,UI/UX Designer,33507479
Joko Kusuma,46,Accountant,25997327
Siti Setiawan,28,Accountant,43515679
Budi Saputra,54,Office Administrator,23067905
Zaki Wijaya,60,Accountant,26436015
Putri Firmansyah,51,Office Administrator,21916459
Andi Rahayu,25,Marketing Specialist,30374359
Fitri Setiawan,37,Software Engineer,18890930
Hadi Gunawan,44,Sales Executive,5727128
Kiki Wijaya,18,Customer Support,25878084
Mega Pratama,35,Marketing Specialist,40560005
Andi Kusuma,22,Software Engineer,5002785
Lestari Pratama,35,HR Staff,6450468
Eka Saputra,42,Marketing Specialist,25545109
Citra Saputra,21,Product Manager,41653063
Kiki Suryani,20,Software Engineer,37246243
Putri Halim,49,Marketing Specialist,35900049
Putri Halim,46,Customer Support,4521956
Yanto Wijaya,28,Marketing Specialist,11241368
Citra Gunawan,54,Operations Manager,23516592
Citra Rahayu,36,Data Analyst,20395397
Vina Wijaya,29,QA Engineer,25595402
Dewi Pratama,23,QA Engineer,8692178
Zaki Rahayu,31,Office Administrator,6457475
Gita Nugroho,20,Operations Manager,25249557
Qori Rahayu,59,Data Analyst,9410348
Tono Setiawan,37,HR Staff,30141016
Indra Firmansyah,23,Data Analyst,21755912
Nur Halim,24,Marketing Specialist,36156913
Dewi Santoso,60,Product Manager,23035254
Oki Rahayu,42,Sales Executive,44338623
Oki Santoso,46,Software Engineer,19913151
Indra Wibowo,18,Operations Manager,13333944
Lestari Nugroho,19,Product Manager,15808172
Citra Rahayu,33,Product Manager,35511904
Wati Nugroho,55,Customer Support,38429493
Joko Setiawan,19,UI/UX Designer,21186467
Qori Nugroho,51,Office Administrator,33348950
Zaki Saputra,60,Sales Executive,26369554
Yanto Nugroho,37,Customer Support,44364494
Gita Suryani,19,Accountant,37807507
Wati Saputra,25,Software Engineer,41152442
Andi Pratama,51,Sales Executive,14925819
Rina Halim,38,Marketing Specialist,36389734
Joko Gunawan,28,Marketing Specialist,30385947
Wati Nugroho,57,Product Manager,10111430
Nur Gunawan,56,Sales Executive,11282689
Lestari Hidayat,38,Sales Executive,14099487
Fitri Wibowo,41,Accountant,37423336
Indra Hidayat,47,Accountant,26612072
Andi Pratama,19,Marketing Specialist,5126165
Vina Gunawan,56,QA Engineer,10244683
Joko Halim,23,Sales Executive,28210572
Vina Firmansyah,20,Sales Executive,31296533
Dewi Setiawan,43,Sales Executive,43270535
Putri Halim,43,Data Analyst,41378376
Indra Hidayat,20,Marketing Specialist,41016517
Kiki Wijaya,60,Data Analyst,7244969
Budi Wijaya,55,QA Engineer,24642468
Umar Santoso,44,Sales Executive,21087861
Budi Setiawan,25,Software Engineer,40606060
Nur Firmansyah,23,UI/UX Designer,31695724
Yanto Kusuma,29,Data Analyst,42616436
Qori Saputra,47,Office Administrator,7887855
Gita Suryani,46,Office Administrator,29484563
Eka Wibowo,49,Accountant,30194297
Hadi Suryani,56,Software Engineer,19311455
Yanto Wijaya,42,Operations Manager,4929366
Budi Wibowo,56,Customer Support,19544801
Siti Rahayu,38,Marketing Specialist,13128296
Oki Saputra,39,Customer Support,5242908
Eka Pratama,23,Marketing Specialist,8121209
Qori Nugroho,53,Marketing Specialist,43466103
Lestari Firmansyah,24,Office Administrator,4049421
Budi Setiawan,53,Accountant,34651350
Siti Hidayat,32,Marketing Specialist,36925687
Umar Nugroho,33,Marketing Specialist,10830159
Rina Wibowo,35,QA Engineer,6668760
Hadi Gunawan,27,Operations Manager,17471320
Lestari Hidayat,21,Office Administrator,19103631
Kiki Rahayu,19,Operations Manager,9409989
Andi Pratama,26,Sales Executive,5296589
Oki Halim,50,Sales Executive,41064359
Yanto Gunawan,40,Sales Executive,8046056
Fitri Kusuma,32,Operations Manager,43142834
Joko Wibowo,34,Data Analyst,37406210
Siti Suryani,47,Sales Executive,30900847
Joko Wijaya,34,Data Analyst,44861091
Nur Suryani,49,Operations Manager,10405601
Indra Suryani,58,Operations Manager,6141255
Gita Setiawan,39,Office Administrator,14557118
Siti Nugroho,60,Marketing Specialist,42066022
Yanto Kusuma,30,Product Manager,16165331
Putri Hidayat,46,Accountant,17999286
Zaki Firmansyah,36,Accountant,9031863
Yanto Saputra,28,Software Engineer,23025986
Mega Halim,56,Office Administrator,12344656
Andi Nugroho,44,Office Administrator,19032261
Budi Firmansyah,57,Customer Support,23594088
Fitri Wibowo,24,UI/UX Designer,5890266
Indra Saputra,23,Marketing Specialist,7233503
Mega Gunawan,39,QA Engineer,9677624
Citra Santoso,37,Accountant,19362074
Siti Rahayu,45,Marketing Specialist,4361753
Dewi Rahayu,21,Data Analyst,16907386
Joko Gunawan,30,Product Manager,32517827
Citra Saputra,44,Customer Support,25378908
Putri Nugroho,26,Operations Manager,27973023
Umar Rahayu,51,Accountant,23995929
Umar Wibowo,45,QA Engineer,36207736
Nur Halim,51,Accountant,21818453
Yanto Rahayu,58,Customer Support,22876748
Oki Halim,59,Office Administrator,27002915
Oki Halim,22,Software Engineer,11665257
Gita Hidayat,31,Product Manager,43350209
Eka Gunawan,39,Customer Support,8592682
Nur Wibowo,28,Data Analyst,42469843
Citra Wibowo,22,Product Manager,12392138
Kiki Wijaya,53,QA Engineer,8528267
Wati Rahayu,26,Customer Support,31739047
Tono Wijaya,27,Sales Executive,39454832
Fitri Kusuma,31,HR Staff,30321499
Qori Rahayu,30,HR Staff,27591673
Siti Gunawan,59,HR Staff,19649338
Kiki Gunawan,21,UI/UX Designer,23708621
Gita Firmansyah,59,QA Engineer,31993126
Andi Wibowo,57,Marketing Specialist,5925054
Nur Gunawan,39,Customer Support,25050043
Nur Kusuma,58,Sales Executive,35517959
Andi Rahayu,54,Customer Support,43052539
Nur Gunawan,58,QA Engineer,6800591
Andi Saputra,19,Data Analyst,40028350
Qori Santoso,47,UI/UX Designer,11082581
Citra Nugroho,27,Data Analyst,28505863
Fitri Kusuma,23,Operations Manager,15984786
Gita Halim,36,Marketing Specialist,28954343
Umar Santoso,29,Sales Executive,25236718
Oki Pratama,39,Office Administrator,37799469
Budi Firmansyah,28,Operations Manager,4262941
Fitri Kusuma,36,UI/UX Designer,20179006
Yanto Hidayat,40,Sales Executive,6600896
Siti Kusuma,25,Data Analyst,10426839
Umar Suryani,26,Data Analyst,33258687
Qori Saputra,34,QA Engineer,20629787
Hadi Wibowo,49,HR Staff,26269964
Mega Setiawan,39,Customer Support,10496795
Wati Kusuma,25,Operations Manager,7822874
Qori Pratama,32,Product Manager,19999022
Wati Firmansyah,55,Software Engineer,41731368
Hadi Hidayat,19,Sales Executive,34317331
Oki Firmansyah,35,Marketing Specialist,12904479
Mega Setiawan,56,Accountant,40252123
Tono Kusuma,49,Product Manager,37221251
Qori Pratama,19,Software Engineer,4800151
Vina Santoso,54,Customer Support,9043015
Oki Firmansyah,33,QA Engineer,19333454
Joko Firmansyah,41,QA Engineer,31619010
Hadi Suryani,53,Customer Support,31740324
Oki Nugroho,55,Marketing Specialist,4914454
Kiki Pratama,54,Product Manager,40412107
Putri Nugroho,55,Software Engineer,13861974
Siti Firmansyah,39,Software Engineer,18854486
Rina Suryani,53,Operations Manager,17680585
Yanto Nugroho,49,Sales Executive,21119092
Citra Firmansyah,56,Sales Executive,22913695
Qori Kusuma,39,Marketing Specialist,26059942
Fitri Pratama,33,Operations Manager,39297109
Mega Kusuma,19,QA Engineer,10444963
Joko Firmansyah,32,UI/UX Designer,9822264
Fitri Hidayat,56,Accountant,28367607
Andi Saputra,39,Product Manager,40705832
Hadi Firmansyah,20,Marketing Specialist,23854483
Hadi Firmansyah,48,Data Analyst,24441365
Lestari Nugroho,48,Operations Manager,25001206
Qori Firmansyah,40,Data Analyst,40397497
Hadi Nugroho,57,Sales Executive,42255650
Fitri Hidayat,31,UI/UX Designer,18534091
Gita Setiawan,19,Office Administrator,36390627
Hadi Nugroho,20,Office Administrator,44414548
Hadi Halim,36,Operations Manager,33261566
Eka Wijaya,41,UI/UX Designer,22014861
Hadi Rahayu,44,Marketing Specialist,19866913
Joko Nugroho,40,QA Engineer,33766045
Umar Halim,38,Operations Manager,27773933
Fitri Hidayat,32,Customer Support,36718319
Zaki Gunawan,25,Accountant,41339366
Gita Suryani,53,UI/UX Designer,9841109
Tono Hidayat,51,Marketing Specialist,15908703
Andi Hidayat,23,Office Administrator,25018925
Umar Saputra,49,UI/UX Designer,22128610
Andi Nugroho,41,Accountant,16642767
Siti Nugroho,20,Office Administrator,12066566
Eka Rahayu,22,QA Engineer,15408961
Oki Rahayu,58,Marketing Specialist,42933152
Zaki Wibowo,30,Data Analyst,14661361
Andi Rahayu,59,UI/UX Designer,13523691
Mega Nugroho,33,Accountant,19110368
Mega Wijaya,40,HR Staff,10606179
Dewi Halim,46,HR Staff,27566141
Kiki Nugroho,55,Product Manager,7934995
Rina Suryani,41,Marketing Specialist,18810502
Rina Halim,50,Office Administrator,27640574
Gita Gunawan,18,Marketing Specialist,27198716
Mega Saputra,19,Operations Manager,15159137
Lestari Gunawan,22,Operations Manager,5461582
Vina Saputra,59,Data Analyst,27171463
Eka Firmansyah,30,HR Staff,8344807
Qori Wibowo,22,Office Administrator,12615478
Andi Suryani,50,QA Engineer,39641303
Budi Kusuma,54,QA Engineer,38434477
Wati Gunawan,33,Accountant,41479930
Mega Halim,57,Accountant,5053922
Joko Hidayat,30,Marketing Specialist,30366239
Yanto Hidayat,50,HR Staff,20775177
Qori Saputra,51,Operations Manager,23975007
Fitri Firmansyah,19,Customer Support,4068112
Hadi Santoso,51,Data Analyst,18858735
Mega Nugroho,24,Data Analyst,19831514
Zaki Firmansyah,32,Marketing Specialist,7235510
Mega Santoso,42,Sales Executive,17838915
Rina Pratama,56,Operations Manager,29901953
Vina Nugroho,36,Product Manager,22315251
Indra Santoso,55,Customer Support,15662991
Fitri Saputra,58,Customer Support,16886387
Gita Setiawan,28,UI/UX Designer,7459282
Qori Saputra,43,Sales Executive,35256950
Eka Halim,56,Customer Support,18053019
Nur Rahayu,22,QA Engineer,25494643
Gita Santoso,43,Marketing Specialist,35992903
Siti Wijaya,32,Marketing Specialist,17161866
Zaki Suryani,35,Software Engineer,12503224
Lestari Hidayat,33,Accountant,28038142
Yanto Setiawan,40,Office Administrator,33912003
Gita Hidayat,31,Data Analyst,34384983
Dewi Wibowo,55,Marketing Specialist,36855939
Siti Gunawan,56,Office Administrator,23108512
Yanto Wibowo,38,Software Engineer,31693756
Citra Suryani,44,Marketing Specialist,20634483
Eka Halim,37,Software Engineer,17421620
Siti Hidayat,50,Customer Support,34900693
Qori Nugroho,45,Product Manager,12119672
Citra Halim,34,Customer Support,10974121
Fitri Suryani,35,Operations Manager,36351953
Dewi Wijaya,29,Operations Manager,8119310
Joko Rahayu,24,Accountant,33520964
Kiki Rahayu,36,Customer Support,19961288
Budi Suryani,55,Data Analyst,38474931
Indra Saputra,37,Sales Executive,7630403
Qori Saputra,38,Product Manager,23758027
Eka Gunawan,53,Operations Manager,44514971
Fitri Suryani,35,Customer Support,39596499
Nur Setiawan,52,Product Manager,29375535
Yanto Setiawan,60,Marketing Specialist,4730310
Fitri Hidayat,45,Product Manager,38824901
Indra Hidayat,18,Customer Support,10851674
Hadi Halim,29,Product Manager,27501382
Dewi Firmansyah,45,QA Engineer,15373393
Hadi Wijaya,59,Sales Executive,4330457
Oki Gunawan,36,QA Engineer,12163960
Qori Setiawan,32,Software Engineer,35249040
Fitri Wijaya,43,Customer Support,5068226
Eka Halim,26,Office Administrator,35704810
Putri Gunawan,31,HR Staff,9207577
Nur Nugroho,21,Marketing Specialist,43950068
Indra Firmansyah,58,Software Engineer,24937988
Lestari Halim,46,Data Analyst,40607022
Dewi Wibowo,55,Sales Executive,10667934
Eka Wibowo,43,Accountant,37296514
Eka Saputra,24,Customer Support,18293152
Rina Gunawan,41,Product Manager,44518058
Yanto Gunawan,35,Software Engineer,24011594
Andi Firmansyah,31,Product Manager,20645552
Hadi Wibowo,41,Sales Executive,36942443
Umar Wijaya,46,Customer Support,17168380
Joko Firmansyah,49,Customer Support,20390170
Qori Halim,43,UI/UX Designer,35500277
Lestari Kusuma,34,Sales Executive,26907405
Tono Hidayat,40,QA Engineer,43661575
Gita Santoso,40,Operations Manager,28694327
Nur Wibowo,41,UI/UX Designer,18594185
Nur Halim,42,Marketing Specialist,28618077
Wati Setiawan,22,Software Engineer,36183693
Indra Wijaya,32,Sales Executive,30398307
Lestari Suryani,48,Accountant,35873739
Nur Suryani,24,HR Staff,18754430
Rina Rahayu,27,UI/UX Designer,10768629
Citra Pratama,20,Software Engineer,23473068
Budi Wijaya,44,HR Staff,19843033
Nur Wibowo,57,Office Administrator,41036224
Rina Gunawan,27,Customer Support,12756232
Dewi Kusuma,32,Data Analyst,38041781
Tono Setiawan,43,Sales Executive,34016274
Vina Hidayat,29,Software Engineer,10823670
Eka Wijaya,30,UI/UX Designer,23426207
Siti Hidayat,30,Marketing Specialist,30175271
Rina Wibowo,39,Operations Manager,40648590
Wati Rahayu,40,QA Engineer,15395430
Kiki Kusuma,54,UI/UX Designer,24342162
Wati Suryani,20,UI/UX Designer,34940759
Eka Santoso,56,Marketing Specialist,14140770
Putri Suryani,58,Product Manager,17571656
Oki Saputra,41,Office Administrator,7763423
Joko Wijaya,42,Sales Executive,41251427
Mega Rahayu,25,Software Engineer,24348130
Andi Setiawan,40,Software Engineer,21018923
Mega Suryani,39,Accountant,37507089
Kiki Wijaya,54,Data Analyst,20999318
Kiki Rahayu,31,QA Engineer,32375718
Gita Saputra,32,Product Manager,6524662
Joko Wijaya,55,UI/UX Designer,33458362
Siti Gunawan,30,Marketing Specialist,11725081
Gita Kusuma,18,Sales Executive,25391006
Yanto Wijaya,49,Software Engineer,12294814
Fitri Wijaya,31,Office Administrator,22394697
Joko Hidayat,46,UI/UX Designer,30432389
Nur Santoso,59,Office Administrator,23837602
Oki Wibowo,56,Sales Executive,29330939
Mega Rahayu,51,Accountant,39280017
Budi Wijaya,43,Marketing Specialist,25865963
Umar Halim,21,Customer Support,6224856
Eka Setiawan,56,UI/UX Designer,32510348
Lestari Halim,53,Product Manager,39698638
Eka Hidayat,27,UI/UX Designer,36157785
Kiki Setiawan,30,Data Analyst,11079333
Zaki Firmansyah,54,UI/UX Designer,9906700
Mega Firmansyah,24,Sales Executive,30633244
Joko Hidayat,28,Operations Manager,12925435
Yanto Setiawan,46,Software Engineer,17962195
Budi Gunawan,19,QA Engineer,21787690
Siti Rahayu,22,HR Staff,23104045
Qori Wibowo,20,Data Analyst,42440191
Tono Kusuma,49,Software Engineer,40609566
Andi Halim,39,UI/UX Designer,10838851
Lestari Gunawan,24,Software Engineer,42538311
Citra Santoso,50,QA Engineer,22657250
Kiki Wibowo,39,Customer Support,44929533
Budi Pratama,28,Data Analyst,26581817
Citra Rahayu,56,Marketing Specialist,15897231
Vina Santoso,38,Operations Manager,9958731
Yanto Halim,35,UI/UX Designer,16105809
Zaki Firmansyah,21,Sales Executive,23626405
Indra Hidayat,21,Operations Manager,16081336
Rina Hidayat,58,Operations Manager,5043230
Citra Rahayu,38,HR Staff,23455652
Vina Rahayu,29,Office Administrator,7801061
Dewi Pratama,41,Software Engineer,10703594
Lestari Gunawan,38,Product Manager,43337761
Joko Wijaya,24,Software Engineer,10102296
Andi Pratama,55,Operations Manager,23275316
Rina Wijaya,18,Marketing Specialist,38344927
Budi Wijaya,20,Data Analyst,19590014
Mega Wibowo,60,UI/UX Designer,43567534
Mega Halim,58,Office Administrator,41315657
Umar Firmansyah,24,UI/UX Designer,21056175
Yanto Firmansyah,54,QA Engineer,31778028
Fitri Suryani,42,Customer Support,13976688
Budi Santoso,52,Marketing Specialist,17617699
Indra Hidayat,24,Office Administrator,44177247
Yanto Setiawan,24,UI/UX Designer,28222730
Tono Santoso,58,Sales Executive,37723905
Siti Suryani,39,Data Analyst,41383533
Vina Firmansyah,23,Data Analyst,43728635
Hadi Setiawan,33,Software Engineer,37037718
Umar Wibowo,30,Product Manager,42850402
Tono Wibowo,34,Office Administrator,11707172
Yanto Setiawan,22,Data Analyst,16543159
Nur Halim,56,Customer Support,33418460
Dewi Hidayat,24,UI/UX Designer,12027113
Oki Santoso,26,Software Engineer,37481215
Umar Suryani,21,Marketing Specialist,21930139
Indra Pratama,48,Operations Manager,32085677
Yanto Gunawan,29,Data Analyst,7248911
Umar Firmansyah,50,Marketing Specialist,18521032
Umar Kusuma,47,Software Engineer,44516322
Kiki Santoso,19,HR Staff,5280586
Fitri Suryani,28,QA Engineer,8043640
Gita Nugroho,28,Data Analyst,14305874
Fitri Setiawan,37,HR Staff,5997096
Siti Rahayu,39,Software Engineer,28228041
Citra Pratama,22,UI/UX Designer,40321667
Joko Gunawan,23,Sales Executive,14923412
Fitri Saputra,27,UI/UX Designer,24888662
Lestari Pratama,31,Sales Executive,20656315
Siti Wijaya,44,Software Engineer,18443599
Eka Halim,33,Customer Support,14937506
Indra Hidayat,55,Operations Manager,7786526
Hadi Nugroho,43,Sales Executive,34679875
Umar Setiawan,39,Product Manager,29552889
Vina Nugroho,29,Office Administrator,5163830
Indra Santoso,25,Software Engineer,37112300
Andi Rahayu,31,HR Staff,8797035
Dewi Gunawan,51,Sales Executive,16192446
Dewi Halim,59,Marketing Specialist,12932888
Citra Nugroho,50,QA Engineer,31839547
Zaki Firmansyah,49,Marketing Specialist,29672944
Fitri Wijaya,26,Software Engineer,9889799
Dewi Nugroho,22,Sales Executive,35911488
Kiki Santoso,37,Product Manager,43452590
Eka Setiawan,40,Sales Executive,26725000
Wati Hidayat,34,Software Engineer,8188443
Putri Nugroho,38,HR Staff,39090498
Umar Kusuma,25,HR Staff,8115241
Citra Setiawan,20,Operations Manager,7232572
Tono Wibowo,40,Office Administrator,14200425
Fitri Gunawan,56,Accountant,24043861
Hadi Setiawan,31,Marketing Specialist,20072792
Qori Santoso,33,Office Administrator,33449509
Rina Nugroho,19,Operations Manager,36892149
Umar Hidayat,48,HR Staff,5089023
Mega Suryani,58,Marketing Specialist,21507828
Oki Firmansyah,44,Sales Executive,11855328
Joko Santoso,53,Sales Executive,35728373
Budi Hidayat,26,Sales Executive,14028745
Rina Santoso,49,Office Administrator,13022319
Siti Halim,59,Marketing Specialist,4546527
Indra Hidayat,36,Marketing Specialist,19957206
Budi Santoso,55,Marketing Specialist,32847089
Citra Halim,22,Office Administrator,13070610
Siti Suryani,31,Sales Executive,12585749
Mega Firmansyah,35,QA Engineer,5185041
Citra Wibowo,57,HR Staff,18276323
Oki Santoso,54,QA Engineer,9734336
Zaki Rahayu,60,UI/UX Designer,19829171
Yanto Wijaya,41,UI/UX Designer,21081465
Tono Setiawan,33,HR Staff,19216751
Zaki Saputra,49,Office Administrator,4784481
Nur Wibowo,33,Customer Support,35333506
Yanto Gunawan,49,Marketing Specialist,19163292
Siti Rahayu,56,UI/UX Designer,19445369
Fitri Pratama,23,Customer Support,25941110
Yanto Gunawan,35,Accountant,39423309
Budi Santoso,45,Data Analyst,38295104
Budi Firmansyah,44,Sales Executive,41173191
Oki Kusuma,31,QA Engineer,12517679
Yanto Rahayu,28,Sales Executive,22354893
Indra Hidayat,57,Data Analyst,39938112
Qori Setiawan,24,HR Staff,20722586
Qori Santoso,33,QA Engineer,28313786
Wati Kusuma,25,Operations Manager,42908567
Zaki Wijaya,50,Data Analyst,32959283
Yanto Saputra,36,Data Analyst,8536339
Hadi Kusuma,59,UI/UX Designer,28631304
Rina Firmansyah,35,Product Manager,26569890
Budi Hidayat,24,UI/UX Designer,36470502
Siti Suryani,45,QA Engineer,40969764
Joko Hidayat,34,HR Staff,21890043
Citra Hidayat,26,Sales Executive,24496726
Joko Saputra,46,UI/UX Designer,44644165
Citra Halim,21,Office Administrator,11863397
Indra Rahayu,58,Customer Support,22889754
Putri Gunawan,32,QA Engineer,31057552
Dewi Santoso,19,Office Administrator,27840042
Gita Suryani,40,Product Manager,30088954
Zaki Gunawan,18,Accountant,36187998
Indra Hidayat,59,Product Manager,5168761
Kiki Kusuma,30,Data Analyst,23235126
Kiki Saputra,39,HR Staff,32266381
Lestari Kusuma,50,Sales Executive,7972834
Eka Firmansyah,36,Software Engineer,12690677
Rina Wijaya,35,Software Engineer,41278526
Tono Saputra,54,Accountant,43128162
Gita Wibowo,42,UI/UX Designer,9292318
Eka Halim,54,Product Manager,36852199
Andi Kusuma,37,Data Analyst,16773358
Kiki Firmansyah,35,QA Engineer,28023498
Rina Nugroho,51,HR Staff,40326291
Hadi Firmansyah,47,Office Administrator,12834968
Andi Nugroho,39,Data Analyst,39284897
Lestari Pratama,49,Accountant,42456235
Citra Santoso,59,Operations Manager,42723541
Umar Hidayat,57,Customer Support,5686583
Tono Firmansyah,45,Sales Executive,26218901
Kiki Wibowo,46,Software Engineer,36057987
Wati Wibowo,40,Marketing Specialist,15033248
Putri Wibowo,39,Software Engineer,5579971
Nur Nugroho,41,Customer Support,42792875
Budi Suryani,46,Customer Support,21143640
Oki Gunawan,21,Accountant,22201142
Rina Rahayu,41,HR Staff,5643188
Andi Hidayat,39,Accountant,13010675
Vina Kusuma,24,Marketing Specialist,9126947
Zaki Saputra,27,Marketing Specialist,39347320
Zaki Halim,24,Operations Manager,25420792
Kiki Kusuma,56,HR Staff,35500259
Gita Kusuma,47,Customer Support,35038468
Kiki Kusuma,36,Marketing Specialist,25034870
Rina Pratama,19,Office Administrator,42325093
Andi Gunawan,38,Office Administrator,18315238
Lestari Wibowo,38,Product Manager,9806203
Umar Setiawan,56,QA Engineer,29531212
Gita Wijaya,59,QA Engineer,30964906
Indra Halim,56,Data Analyst,44316035
Nur Santoso,27,Product Manager,14489425
Citra Wibowo,48,Marketing Specialist,12961525
Citra Santoso,26,Product Manager,5568830
Zaki Pratama,57,Data Analyst,29301075
Lestari Setiawan,39,Data Analyst,5460741
Citra Firmansyah,26,Customer Support,34498223
Andi Kusuma,24,QA Engineer,11176594
Vina Setiawan,55,Product Manager,21337195
Wati Gunawan,18,Accountant,24346023
Qori Santoso,52,Sales Executive,44603957
Mega Pratama,37,HR Staff,36572161
Umar Firmansyah,32,HR Staff,7084280
Tono Hidayat,19,Office Administrator,25732673
Hadi Halim,29,Operations Manager,7158289
Gita Saputra,30,UI/UX Designer,37170582
Oki Kusuma,28,QA Engineer,42459701
Putri Gunawan,49,Data Analyst,16074399
Siti Saputra,20,Marketing Specialist,19556300
Indra Setiawan,58,Office Administrator,32660149
Siti Gunawan,49,Operations Manager,25677597
Siti Kusuma,45,Marketing Specialist,29000687
Oki Suryani,41,Office Administrator,29197975
Joko Halim,25,HR Staff,42495584
Fitri Hidayat,43,Office Administrator,34098357
Zaki Pratama,48,Office Administrator,26793734
Qori Kusuma,44,Software Engineer,36789433
Mega Santoso,37,QA Engineer,43423306
Vina Hidayat,51,Marketing Specialist,14375376
Mega Firmansyah,24,Marketing Specialist,5155401
Qori Setiawan,26,Accountant,25670438
Siti Wijaya,49,Data Analyst,20640768
Oki Setiawan,49,QA Engineer,26618794
Eka Wibowo,40,Sales Executive,41775762
Siti Kusuma,28,HR Staff,28019765
Lestari Rahayu,18,HR Staff,22586968
Yanto Setiawan,57,UI/UX Designer,30920384
Lestari Saputra,28,HR Staff,39264624
Dewi Wijaya,48,Customer Support,30503557
Dewi Santoso,22,Product Manager,17977046
Tono Wijaya,26,Customer Support,41447531
Wati Nugroho,28,Marketing Specialist,6839896
Siti Nugroho,35,Operations Manager,38567931
Wati Santoso,58,QA Engineer,27243052
Joko Kusuma,51,Marketing Specialist,10168388
Mega Hidayat,36,Accountant,35173142
Umar Firmansyah,42,Data Analyst,35288244
Oki Hidayat,23,Software Engineer,8606471
Indra Hidayat,25,Office Administrator,11656198
Budi Gunawan,60,UI/UX Designer,18484450
Fitri Rahayu,51,Data Analyst,19012038
Gita Nugroho,40,Sales Executive,41114697
Rina Setiawan,49,QA Engineer,36497686
Wati Pratama,58,Product Manager,30936692
Dewi Setiawan,43,Operations Manager,23307886
Wati Hidayat,37,QA Engineer,4161044
Nur Saputra,29,HR Staff,22755031
Hadi Wijaya,36,Product Manager,27718344
Umar Halim,43,HR Staff,36674414
Lestari Hidayat,36,UI/UX Designer,16483281
Eka Suryani,43,HR Staff,35015828
Citra Rahayu,28,Operations Manager,10692574
Citra Gunawan,40,UI/UX Designer,37385011
Siti Halim,27,Marketing Specialist,23322119
Joko Setiawan,24,Data Analyst,44630291
Umar Firmansyah,19,Customer Support,7458998
Wati Rahayu,21,UI/UX Designer,5232974
Lestari Setiawan,31,Accountant,33620317
Budi Halim,23,Product Manager,35086730
Joko Halim,20,QA Engineer,12136877
Lestari Saputra,50,Data Analyst,25242794
Joko Firmansyah,31,Data Analyst,7307221
Vina Suryani,58,Operations Manager,13903060
Zaki Suryani,52,Marketing Specialist,39856806
Dewi Wibowo,23,Marketing Specialist,19712561
Indra Hidayat,35,Sales Executive,8598182
Putri Hidayat,31,Software Engineer,25278039
Rina Firmansyah,39,Product Manager,7077581
Kiki Suryani,28,QA Engineer,27256373
Zaki Gunawan,37,Accountant,40210464
Nur Rahayu,31,QA Engineer,12783993
Vina Halim,43,QA Engineer,6467148
Tono Gunawan,27,Data Analyst,7521637
Wati Gunawan,54,Office Administrator,37950186
Mega Halim,54,Marketing Specialist,10052214
Qori Pratama,23,Product Manager,15275953
Wati Firmansyah,56,Office Administrator,27176155
Citra Wijaya,30,Office Administrator,15311972
Kiki Wijaya,39,Product Manager,7458200
Budi Wibowo,26,Office Administrator,26150224
Vina Wijaya,44,HR Staff,27970594
Oki Saputra,50,Customer Support,30927417
Yanto Suryani,21,Marketing Specialist,35489621
Qori Hidayat,55,QA Engineer,40332794
Joko Halim,47,HR Staff,35224219
Gita Halim,43,QA Engineer,34976617
Wati Saputra,49,Office Administrator,29007878
Putri Setiawan,24,Software Engineer,31138232
Rina Nugroho,33,Software Engineer,12996611
Wati Gunawan,56,Operations Manager,25225119
Tono Firmansyah,26,Sales Executive,34386369
Vina Setiawan,27,Marketing Specialist,13263473
Lestari Wijaya,19,UI/UX Designer,35452806
Fitri Wibowo,53,Marketing Specialist,16776453
Dewi Halim,51,UI/UX Designer,14609782
Budi Gunawan,57,Customer Support,21429760
Citra Pratama,34,Customer Support,20590115
Zaki Kusuma,55,UI/UX Designer,34924916
Citra Wibowo,31,Customer Support,19454164
Citra Pratama,57,Marketing Specialist,39361112
Kiki Firmansyah,25,Sales Executive,33072177
Wati Wibowo,26,Accountant,6145772
Yanto Setiawan,44,Software Engineer,9019216
Putri Saputra,33,Software Engineer,33962190
Nur Saputra,45,Accountant,30946525
Oki Pratama,51,Software Engineer,6933104
Gita Setiawan,39,Accountant,40846509
Dewi Suryani,18,QA Engineer,38648341
Fitri Nugroho,55,Accountant,23113700
Mega Nugroho,38,Marketing Specialist,22869085
Mega Rahayu,47,Data Analyst,40808649
Yanto Setiawan,33,Marketing Specialist,33231788
Budi Pratama,19,QA Engineer,7910013
Putri Setiawan,33,QA Engineer,26006663
Joko Halim,52,Customer Support,21884882
Vina Wijaya,43,HR Staff,10823207
Oki Santoso,24,Customer Support,20365432
Tono Halim,37,HR Staff,42106385
Tono Gunawan,54,Operations Manager,7408310
Citra Santoso,60,Office Administrator,43001208
Siti Pratama,29,Marketing Specialist,33680507
Andi Pratama,40,Data Analyst,22322473
Mega Setiawan,44,Marketing Specialist,28002941
Lestari Santoso,57,Operations Manager,20719956
Hadi Suryani,56,Accountant,24342116
Budi Gunawan,40,Software Engineer,42029183
Budi Suryani,30,Customer Support,28803784
Yanto Gunawan,48,HR Staff,18750440
Tono Suryani,28,Software Engineer,25437882
Indra Setiawan,44,Product Manager,37097697
Tono Gunawan,35,HR Staff,18196252
Zaki Hidayat,24,QA Engineer,16651268
Andi Rahayu,41,UI/UX Designer,20157004
Kiki Santoso,46,Office Administrator,21018793
Nur Firmansyah,43,Product Manager,16125824
Hadi Gunawan,42,Data Analyst,40232566
Eka Wibowo,43,Office Administrator,37742392
Indra Kusuma,42,Customer Support,26805755
Lestari Pratama,19,Office Administrator,27151418
Citra Santoso,19,Accountant,24717521
Citra Suryani,20,Sales Executive,19007122
Eka Gunawan,51,HR Staff,9353723
Oki Pratama,50,QA Engineer,22206367
Citra Wibowo,19,Marketing Specialist,24058901
Citra Santoso,25,Software Engineer,23731014
Citra Setiawan,39,HR Staff,31172296
Andi Gunawan,32,Operations Manager,9861771
Eka Nugroho,47,UI/UX Designer,31488229
Rina Wibowo,59,Accountant,38186993
Vina Wibowo,36,Accountant,43323193
Kiki Hidayat,54,Sales Executive,29155700
Indra Firmansyah,33,Product Manager,31550584
Lestari Setiawan,34,Data Analyst,36198171
Rina Kusuma,43,QA Engineer,5094002
Wati Rahayu,26,Customer Support,12278691
Mega Wijaya,39,Software Engineer,44472995
Eka Hidayat,31,QA Engineer,35642410
Rina Saputra,38,Customer Support,22270485
Lestari Wijaya,22,QA Engineer,44685237
Lestari Wibowo,54,Operations Manager,14980759
Citra Setiawan,22,UI/UX Designer,22333871
Siti Nugroho,57,Office Administrator,7276440
Fitri Saputra,47,Sales Executive,7773080
Wati Santoso,47,Data Analyst,31356717
Oki Suryani,41,QA Engineer,15843754
Zaki Santoso,28,UI/UX Designer,25159483
Lestari Saputra,26,Office Administrator,24558847
Eka Suryani,55,Software Engineer,29234674
Umar Hidayat,47,Customer Support,32694865
Fitri Setiawan,21,Data Analyst,32628542
Rina Hidayat,23,UI/UX Designer,20923417
Eka Hidayat,52,HR Staff,43485706
Qori Kusuma,58,Software Engineer,16390837
Putri Hidayat,40,Product Manager,21009807
Gita Santoso,52,QA Engineer,15445268
Hadi Hidayat,58,QA Engineer,26859185
Eka Saputra,31,Sales Executive,44241584
Rina Pratama,21,QA Engineer,20823693
Joko Pratama,27,Product Manager,33248656
Putri Pratama,32,Operations Manager,37628005
Yanto Hidayat,20,Software Engineer,15143505
Gita Wijaya,52,Product Manager,40814658
Gita Kusuma,30,Data Analyst,30334566
Tono Wijaya,22,UI/UX Designer,28834451
Nur Kusuma,26,Customer Support,16405207
Joko Santoso,35,QA Engineer,42392687
Andi Santoso,57,Office Administrator,30643127
Mega Nugroho,50,Operations Manager,36962808
Hadi Gunawan,24,Data Analyst,34419742
Yanto Nugroho,40,QA Engineer,18217095
Citra Santoso,54,UI/UX Designer,38127988
Tono Setiawan,47,Data Analyst,44680650
Dewi Wibowo,18,Customer Support,37863639
Joko Pratama,45,Sales Executive,23500375
Yanto Halim,33,Accountant,25960725
Yanto Rahayu,40,Sales Executive,18095703
Eka Setiawan,34,Sales Executive,17695008
Andi Wibowo,45,Operations Manager,13782059
Hadi Halim,38,Sales Executive,4730767
Putri Rahayu,60,Marketing Specialist,6153842
Citra Suryani,39,Office Administrator,11765594
Hadi Firmansyah,44,Software Engineer,25962037
Andi Hidayat,51,Software Engineer,5208413
Joko Santoso,60,Customer Support,27877112
Andi Suryani,18,Accountant,17147314
Lestari Santoso,43,Customer Support,17724811
Umar Hidayat,41,HR Staff,28158673
Tono Wibowo,28,UI/UX Designer,10553180
Nur Santoso,20,UI/UX Designer,18655899
Putri Rahayu,36,Customer Support,24768696
Mega Wibowo,44,QA Engineer,6500262
Tono Rahayu,25,Software Engineer,15536804
Andi Wijaya,40,Product Manager,5731912
Gita Rahayu,57,Data Analyst,35538932
Lestari Pratama,49,QA Engineer,7535246
Wati Rahayu,41,Sales Executive,16355680
Joko Wibowo,42,Product Manager,28169963
Kiki Gunawan,29,Data Analyst,39117367
Siti Pratama,47,HR Staff,20709549
Kiki Saputra,49,Operations Manager,32286287
Rina Setiawan,36,Accountant,33132614
Yanto Suryani,28,Office Administrator,38647109
Andi Saputra,42,UI/UX Designer,20249799
Fitri Gunawan,28,Operations Manager,34739210
Siti Santoso,56,Customer Support,14231774
Dewi Suryani,22,QA Engineer,31083958
Wati Pratama,45,HR Staff,25152092
Citra Firmansyah,57,Customer Support,23106425
Oki Pratama,27,QA Engineer,15583874
Andi Wibowo,36,UI/UX Designer,7696020
Umar Suryani,57,Operations Manager,20855738
Citra Hidayat,32,Operations Manager,13223615
Hadi Rahayu,45,Marketing Specialist,24276133
Joko Firmansyah,52,Product Manager,10415916
Andi Firmansyah,25,Software Engineer,27392943
Eka Nugroho,18,HR Staff,38552352
Putri Suryani,48,HR Staff,29476736
Rina Wibowo,37,Office Administrator,43558072
Vina Saputra,53,Product Manager,22166398
Indra Nugroho,54,HR Staff,34159597
Hadi Nugroho,55,UI/UX Designer,27850528
Mega Setiawan,34,Accountant,40063425
Andi Saputra,42,Product Manager,17580040
Vina Saputra,48,Accountant,33141934
Fitri Halim,26,Operations Manager,38071987
Siti Nugroho,20,UI/UX Designer,33692280
Rina Setiawan,52,Operations Manager,37139914
Lestari Suryani,19,Operations Manager,17475465
Mega Setiawan,53,Accountant,7633229
Putri Hidayat,40,Operations Manager,32560505
Joko Kusuma,37,QA Engineer,35448989
Putri Hidayat,49,Operations Manager,14053409
Budi Gunawan,39,HR Staff,32778584
Gita Nugroho,24,HR Staff,6858400
Gita Wijaya,56,Marketing Specialist,7973826
Gita Firmansyah,33,UI/UX Designer,44405692
Indra Pratama,56,Software Engineer,30785245
Kiki Rahayu,27,Customer Support,40517698
Fitri Suryani,20,Software Engineer,27004111
Vina Firmansyah,39,Marketing Specialist,42242735
Kiki Hidayat,26,Marketing Specialist,10098901
Putri Nugroho,55,QA Engineer,28855294
Indra Setiawan,28,Customer Support,30348149
Lestari Pratama,24,Marketing Specialist,5495977
Qori Santoso,43,Marketing Specialist,9946474
Yanto Wibowo,31,Software Engineer,5621324
Putri Saputra,39,Office Administrator,44831083
Kiki Kusuma,37,Data Analyst,11913036
Budi Firmansyah,59,Operations Manager,33921637
Hadi Saputra,49,Office Administrator,21203270
Andi Santoso,34,Software Engineer,24159375
Andi Halim,28,Accountant,37872372
Tono Hidayat,48,Office Administrator,11696186
Oki Suryani,52,Operations Manager,24427109
Rina Santoso,53,Product Manager,20488751
Mega Suryani,32,UI/UX Designer,25855698
Zaki Wibowo,23,HR Staff,31610201
Vina Nugroho,38,Data Analyst,27110938
Oki Kusuma,41,Operations Manager,27034024
Mega Halim,52,QA Engineer,26001850
Kiki Rahayu,32,Product Manager,30881909
Mega Suryani,58,Sales Executive,18720259
Tono Santoso,50,Data Analyst,20203416
Putri Gunawan,20,Office Administrator,18161291
Hadi Wijaya,32,Office Administrator,8525059
Kiki Nugroho,31,UI/UX Designer,41757840
Lestari Nugroho,52,Sales Executive,32288947
Tono Rahayu,27,Operations Manager,10673385
Fitri Wijaya,33,HR Staff,32826385
Kiki Setiawan,19,Office Administrator,17514063
Tono Hidayat,20,Data Analyst,4887044
Mega Hidayat,57,UI/UX Designer,39940176
Fitri Firmansyah,42,Marketing Specialist,27927677
Dewi Wijaya,47,Sales Executive,16645963
Vina Gunawan,22,QA Engineer,39688438
Qori Halim,41,Accountant,14866151
Umar Wibowo,28,UI/UX Designer,40950157
Rina Pratama,19,Product Manager,38901867
Umar Hidayat,45,Operations Manager,21315727
Vina Gunawan,40,Accountant,13242786
Joko Gunawan,59,Operations Manager,13444038
Umar Wijaya,50,Marketing Specialist,38369921
Putri Halim,54,Software Engineer,30777147
Rina Gunawan,40,Customer Support,18920485
Andi Firmansyah,50,Software Engineer,39689519
Zaki Setiawan,24,Software Engineer,10545208
Dewi Kusuma,35,Product Manager,18899507
Siti Saputra,33,Sales Executive,32521510
Indra Suryani,19,Software Engineer,14962645
Dewi Pratama,52,Accountant,32534285
Wati Wijaya,52,Operations Manager,12929083
Kiki Nugroho,22,Product Manager,36600169
Hadi Kusuma,48,UI/UX Designer,23255110
Fitri Halim,46,HR Staff,39072656
Eka Rahayu,27,Software Engineer,23218585
Qori Hidayat,57,HR Staff,4113689
Budi Nugroho,53,Customer Support,9239878
Siti Santoso,52,Accountant,18809767
Zaki Setiawan,25,Marketing Specialist,10125069
Joko Wibowo,34,Customer Support,28487148
Vina Wibowo,32,Software Engineer,16392344
Gita Kusuma,55,Software Engineer,44795906
Nur Kusuma,30,UI/UX Designer,14908083
Gita Wibowo,59,Office Administrator,33290363
Indra Wibowo,24,Software Engineer,30380046
Zaki Wijaya,44,Marketing Specialist,12511340
Nur Santoso,51,Software Engineer,7813885
Citra Pratama,30,Customer Support,16975822
Mega Hidayat,45,Data Analyst,29343934
Eka Nugroho,58,Sales Executive,11989736
Fitri Pratama,44,Marketing Specialist,35657388
Eka Santoso,47,Customer Support,17592549
Hadi Setiawan,20,Office Administrator,29838026
Andi Rahayu,55,Marketing Specialist,23883123
Qori Hidayat,42,Software Engineer,5687073
Vina Santoso,32,Software Engineer,31972266
Oki Firmansyah,32,Marketing Specialist,43407890
Kiki Pratama,29,Product Manager,9984605
Dewi Rahayu,49,Data Analyst,44529125
Dewi Santoso,34,Sales Executive,35369882
Qori Saputra,36,Operations Manager,26028348
Citra Kusuma,38,Software Engineer,11316309
Vina Nugroho,55,Data Analyst,21293611
Budi Nugroho,31,UI/UX Designer,12595542
Vina Setiawan,29,Marketing Specialist,4181681
Citra Wibowo,19,Software Engineer,34767223
Vina Saputra,32,HR Staff,10025797
Nur Santoso,47,Software Engineer,6207948
Citra Hidayat,60,Marketing Specialist,34636849
Oki Pratama,59,Marketing Specialist,27842295
Joko Hidayat,57,Data Analyst,31052789
Yanto Firmansyah,55,Software Engineer,38347563
Fitri Kusuma,43,QA Engineer,10046134
Siti Rahayu,24,Marketing Specialist,21582653
Rina Setiawan,24,Marketing Specialist,36952899
Gita Hidayat,23,Operations Manager,17718519
Eka Saputra,31,Marketing Specialist,40463234
Zaki Firmansyah,19,QA Engineer,22758373
Nur Pratama,29,Accountant,23176392
Indra Setiawan,55,UI/UX Designer,43607743
Nur Wibowo,50,Software Engineer,11374772
Citra Rahayu,51,Accountant,18622590
Mega Rahayu,39,Product Manager,37094483
Nur Saputra,32,Accountant,22996357
Zaki Gunawan,44,Customer Support,8331792
Hadi Firmansyah,35,Office Administrator,11881155
Siti Nugroho,27,Customer Support,14826224
Yanto Firmansyah,47,Customer Support,37768422
Yanto Setiawan,31,UI/UX Designer,16739528
Tono Gunawan,33,Operations Manager,20101079
Siti Setiawan,20,Sales Executive,24564119
Citra Setiawan,39,Product Manager,39973350
Rina Setiawan,24,Sales Executive,10561652
Mega Firmansyah,34,Data Analyst,14286191
Qori Wijaya,47,QA Engineer,44038192
Tono Kusuma,50,Marketing Specialist,20315976
Putri Pratama,39,Operations Manager,22928986
Budi Kusuma,38,Office Administrator,41563020
Rina Hidayat,58,Marketing Specialist,20724920
Fitri Halim,26,Product Manager,14221970
Zaki Suryani,43,Sales Executive,27000723
Wati Hidayat,41,Customer Support,32774918
Hadi Firmansyah,25,Operations Manager,35656109
Oki Saputra,50,Office Administrator,21260430
Gita Suryani,22,Software Engineer,39887859
Eka Rahayu,43,Product Manager,29442225
Nur Wijaya,57,Marketing Specialist,35984434
Eka Setiawan,25,UI/UX Designer,11011219
Rina Saputra,26,Software Engineer,42207827
Hadi Firmansyah,35,Marketing Specialist,4657414
Citra Suryani,56,UI/UX Designer,33997170
Siti Setiawan,43,Accountant,11352984
Hadi Firmansyah,51,Sales Executive,23289624
Tono Kusuma,31,Office Administrator,17601755
Lestari Firmansyah,39,Data Analyst,40228464
Wati Hidayat,60,Data Analyst,7824011
Eka Nugroho,46,Data Analyst,29291407
Rina Wijaya,34,Operations Manager,13733000
Umar Setiawan,32,Marketing Specialist,34493547
Citra Setiawan,59,HR Staff,36684315
Wati Pratama,39,Operations Manager,12118841
Tono Gunawan,31,Office Administrator,34188590
Citra Gunawan,37,Data Analyst,40365885
Hadi Suryani,22,Data Analyst,35172572
Umar Rahayu,42,Accountant,5218986
Nur Nugroho,19,Marketing Specialist,20631221
Oki Saputra,47,Marketing Specialist,34104797
Citra Wijaya,53,Sales Executive,16845055
Putri Firmansyah,33,HR Staff,22650750
Mega Saputra,20,QA Engineer,12315004
Rina Wibowo,28,QA Engineer,32065889
Siti Setiawan,26,Customer Support,24263908
Joko Setiawan,40,Data Analyst,40102825
Nur Hidayat,26,Office Administrator,36126799
Oki Firmansyah,25,HR Staff,15028935
Zaki Wijaya,23,Operations Manager,37293020
Wati Gunawan,50,Office Administrator,5358749
Qori Wibowo,27,Product Manager,36145820
Qori Wijaya,38,Sales Executive,25586375
Citra Halim,58,UI/UX Designer,13884390
Yanto Suryani,19,QA Engineer,29616613
Rina Wibowo,36,QA Engineer,34016914
Yanto Firmansyah,46,Operations Manager,8855100
Umar Pratama,44,HR Staff,42348647
Fitri Firmansyah,52,Sales Executive,34903844
Hadi Setiawan,44,Accountant,29605368
Oki Pratama,21,QA Engineer,23603251
Joko Halim,56,Office Administrator,10756882
Dewi Pratama,41,QA Engineer,19207958
Zaki Firmansyah,25,QA Engineer,39940843
Umar Pratama,57,Sales Executive,14959236
Mega Setiawan,23,Software Engineer,38101404
Dewi Nugroho,48,Customer Support,33020397
Citra Gunawan,25,Marketing Specialist,6555067
Hadi Nugroho,37,UI/UX Designer,21860745
Citra Gunawan,33,HR Staff,35942236
Qori Pratama,39,UI/UX Designer,35685805
Andi Suryani,34,UI/UX Designer,40655974
Indra Pratama,44,UI/UX Designer,17759851
Lestari Santoso,22,Operations Manager,17189155
Joko Wibowo,30,Customer Support,16689410
Kiki Suryani,58,Operations Manager,37755221
Tono Halim,51,Office Administrator,16447863
Kiki Kusuma,43,QA Engineer,44466311
Siti Kusuma,53,Office Administrator,5747566
Lestari Saputra,59,Office Administrator,27672111
Rina Saputra,52,Product Manager,21878778
Mega Halim,23,Operations Manager,40130670
Lestari Wijaya,53,Data Analyst,24405231
Nur Kusuma,50,Product Manager,7971319
Tono Saputra,40,Data Analyst,40698235
Qori Suryani,50,HR Staff,4250634
Joko Pratama,44,Software Engineer,5120534
Gita Saputra,56,QA Engineer,14555171
Rina Setiawan,35,Marketing Specialist,30616361
Qori Gunawan,34,HR Staff,28768089
Dewi Suryani,51,Office Administrator,27209851
Lestari Gunawan,35,Marketing Specialist,16211705
Kiki Wijaya,30,HR Staff,42379468
Eka Nugroho,46,Customer Support,11534715
Budi Rahayu,31,Sales Executive,5245420
Lestari Hidayat,23,Sales Executive,18718183
Vina Santoso,52,Sales Executive,36077572
Kiki Kusuma,48,UI/UX Designer,43023892
Putri Wibowo,40,Marketing Specialist,10164837
Siti Setiawan,55,Customer Support,22521959
Budi Gunawan,46,HR Staff,9595843
Kiki Halim,52,Marketing Specialist,13214079
Indra Wibowo,58,Office Administrator,10886877
Eka Santoso,21,Operations Manager,28884646
Zaki Wibowo,23,Accountant,29746832
Andi Wijaya,30,Marketing Specialist,31961653
Andi Santoso,57,HR Staff,31579253
Rina Kusuma,21,Sales Executive,43145938
Siti Wijaya,38,Customer Support,28806326
Nur Halim,46,Marketing Specialist,38457314
Siti Kusuma,21,QA Engineer,41135622
Yanto Nugroho,29,HR Staff,16354485
Dewi Halim,29,Sales Executive,39287360
Joko Hidayat,20,Operations Manager,35057195
Gita Setiawan,31,QA Engineer,8243113
Vina Saputra,32,Product Manager,26687105
Tono Kusuma,56,Operations Manager,35301748
Vina Suryani,47,Accountant,7199767
Hadi Nugroho,18,Software Engineer,9214795
Lestari Wibowo,55,Software Engineer,8302664
Oki Saputra,47,Operations Manager,24532115
Citra Rahayu,49,Data Analyst,22237022
Siti Wijaya,22,Accountant,35823468
Zaki Suryani,47,HR Staff,26232648
Umar Setiawan,19,Software Engineer,20263285
Umar Nugroho,57,Product Manager,14666620
Fitri Setiawan,30,Product Manager,19866252
Fitri Hidayat,28,Sales Executive,31580779
Andi Wijaya,50,Accountant,30485420
Andi Wibowo,38,Sales Executive,15608827
Eka Rahayu,38,QA Engineer,32545317
Kiki Pratama,26,Software Engineer,14010734
Lestari Saputra,25,QA Engineer,19065483
Andi Pratama,19,UI/UX Designer,30054674
Qori Suryani,39,HR Staff,13194446
Tono Nugroho,58,HR Staff,18238508
Qori Suryani,39,QA Engineer,18251641
Oki Firmansyah,48,Marketing Specialist,21265119
Mega Kusuma,20,Accountant,23032319
Eka Nugroho,54,Office Administrator,43696715
Oki Setiawan,37,Marketing Specialist,29825199
Siti Halim,48,HR Staff,19926323
Kiki Suryani,47,Office Administrator,33962531
Umar Halim,31,Customer Support,24516012
Budi Rahayu,32,UI/UX Designer,21825187
Oki Wijaya,45,Product Manager,27789123
Dewi Nugroho,56,Accountant,40099880
Mega Santoso,22,Operations Manager,30801702
Budi Wijaya,42,UI/UX Designer,29650659
Gita Wijaya,56,Software Engineer,34391273
Budi Nugroho,37,Accountant,42095266
Putri Suryani,44,Data Analyst,37170481
Joko Suryani,52,Product Manager,8739242
Hadi Nugroho,50,Customer Support,9200256
Indra Santoso,38,Marketing Specialist,32334224
Umar Hidayat,40,QA Engineer,32705250
Rina Hidayat,27,Office Administrator,42568827
Siti Nugroho,32,HR Staff,23449000
Qori Santoso,26,HR Staff,40464095
Dewi Wijaya,36,Marketing Specialist,36433111
Vina Hidayat,32,Sales Executive,28258748
Eka Wibowo,26,Sales Executive,41199245
Qori Saputra,27,Software Engineer,36110605
Andi Nugroho,33,Data Analyst,32083055
Indra Pratama,40,Software Engineer,38591860
Zaki Hidayat,39,QA Engineer,38533791
Oki Setiawan,33,Office Administrator,12167386
Joko Santoso,54,UI/UX Designer,6216533
Zaki Rahayu,55,Marketing Specialist,32046098
Tono Hidayat,58,Marketing Specialist,41945685
Oki Nugroho,38,Office Administrator,24857914
Umar Gunawan,47,UI/UX Designer,14219645
Lestari Santoso,46,Accountant,44034860
Yanto Hidayat,39,UI/UX Designer,15555875
Zaki Wijaya,27,HR Staff,5423923
Siti Hidayat,45,UI/UX Designer,25348571
Joko Suryani,38,Office Administrator,28557129
Yanto Firmansyah,56,UI/UX Designer,18730853
Rina Halim,21,Marketing Specialist,43804653
Qori Santoso,45,Marketing Specialist,9206470
Andi Setiawan,22,Marketing Specialist,25079691
Oki Pratama,32,Accountant,36810046
Dewi Firmansyah,41,Office Administrator,15412748
Hadi Nugroho,59,Operations Manager,21026032
Fitri Nugroho,36,Product Manager,25324779
Kiki Halim,27,Operations Manager,19583791
Siti Firmansyah,60,HR Staff,21340050
Hadi Rahayu,49,HR Staff,36288324
Oki Kusuma,36,QA Engineer,28093708
Siti Suryani,36,HR Staff,6083704
Joko Rahayu,51,Customer Support,30387056
Andi Pratama,36,Operations Manager,7072664
Vina Saputra,34,Data Analyst,12550880
Tono Pratama,53,Operations Manager,35035639
Tono Suryani,41,Product Manager,34274835
Yanto Suryani,60,UI/UX Designer,11143689
Mega Santoso,39,Product Manager,22497031
Qori Wijaya,38,Accountant,17876509
Citra Kusuma,44,Operations Manager,43512488
Andi Pratama,32,Product Manager,27397753
Fitri Suryani,58,QA Engineer,14305304
Joko Saputra,46,Data Analyst,12368296
Andi Rahayu,20,Operations Manager,34431254
Fitri Hidayat,50,Product Manager,29781751
Nur Firmansyah,31,UI/UX Designer,5707313
Citra Wibowo,33,Office Administrator,23511939
Lestari Wijaya,35,Data Analyst,14782696
Tono Gunawan,27,Sales Executive,28741248
Kiki Wijaya,57,Sales Executive,14447732
Kiki Kusuma,38,Product Manager,8453404
Yanto Gunawan,23,Data Analyst,38212106
Rina Wijaya,52,Sales Executive,26575961
Umar Kusuma,18,Operations Manager,40144972
Joko Gunawan,53,Accountant,23410568
Gita Nugroho,42,Data Analyst,33776588
Oki Rahayu,58,Data Analyst,14872366
Wati Gunawan,29,QA Engineer,8445787
Zaki Halim,33,Software Engineer,4360812
Wati Wibowo,40,Product Manager,34723887
Mega Suryani,25,HR Staff,5908962
Yanto Suryani,37,QA Engineer,44805442
Siti Wijaya,34,Marketing Specialist,4733049
Joko Gunawan,53,Accountant,9217711
Siti Saputra,39,UI/UX Designer,28053061
Yanto Halim,43,HR Staff,12936319
Wati Wibowo,32,QA Engineer,31605582
Oki Wijaya,57,Office Administrator,5773992
Siti Pratama,50,Data Analyst,32581178
Hadi Setiawan,31,Customer Support,16815793
Hadi Santoso,51,Accountant,28438545
Eka Halim,29,Customer Support,21762700
Lestari Pratama,46,Office Administrator,39800434
Citra Suryani,35,Accountant,44260118
Umar Hidayat,32,Marketing Specialist,9061941
Eka Setiawan,20,Software Engineer,43800583
Fitri Wijaya,57,Software Engineer,10830055
Oki Nugroho,57,Accountant,5783066
Fitri Firmansyah,34,QA Engineer,42134877
Putri Nugroho,30,Data Analyst,8653025
Joko Rahayu,42,QA Engineer,4347917
Siti Rahayu,52,UI/UX Designer,43618862
Qori Hidayat,54,Sales Executive,9802514
Budi Hidayat,22,Office Administrator,15392339
Mega Santoso,54,QA Engineer,13774020
Rina Saputra,23,QA Engineer,35934048
Andi Hidayat,43,Data Analyst,36813473
Eka Rahayu,25,Accountant,4693222
Wati Halim,35,HR Staff,40493596
Putri Wibowo,31,Accountant,33058363
Rina Pratama,24,Marketing Specialist,5452409
Citra Wijaya,31,Data Analyst,35917463
Dewi Hidayat,60,Software Engineer,37608703
Hadi Gunawan,24,QA Engineer,7414462
Indra Wibowo,37,QA Engineer,35789912
Hadi Nugroho,32,Software Engineer,41075271
Hadi Wijaya,36,QA Engineer,27167350
Tono Rahayu,46,HR Staff,41386404
Zaki Kusuma,35,Accountant,27012230
Kiki Halim,21,Product Manager,28189452
Wati Firmansyah,27,Sales Executive,26778341
Qori Wijaya,54,HR Staff,34996257
Tono Nugroho,32,Accountant,16222062
Lestari Suryani,22,Software Engineer,31119655
Rina Rahayu,58,Marketing Specialist,36767087
Eka Rahayu,23,Customer Support,39598696
Qori Rahayu,41,Sales Executive,20204889
Wati Rahayu,28,Customer Support,41978588
Lestari Halim,41,QA Engineer,5380458
Umar Nugroho,55,QA Engineer,44247448
Andi Wijaya,60,Customer Support,12877631
Mega Firmansyah,47,Office Administrator,42679343
Budi Wijaya,45,QA Engineer,20182532
Putri Gunawan,39,HR Staff,41957489
Eka Gunawan,47,Data Analyst,8113408
Lestari Nugroho,49,Operations Manager,44303211
Yanto Firmansyah,39,Office Administrator,42660883
Fitri Saputra,20,QA Engineer,22485178
Vina Santoso,30,UI/UX Designer,15097936
Budi Gunawan,21,Marketing Specialist,33744947
Rina Rahayu,53,HR Staff,26434238
Indra Nugroho,51,Sales Executive,15474641
Budi Rahayu,58,QA Engineer,14102974
Yanto Kusuma,54,UI/UX Designer,36541049
Andi Saputra,45,Accountant,7587088
Zaki Gunawan,52,Customer Support,12165024
Gita Suryani,20,Marketing Specialist,41820407
Gita Firmansyah,34,Marketing Specialist,24291029
Umar Wijaya,36,Product Manager,18863291
Tono Nugroho,36,Marketing Specialist,27177092
Kiki Saputra,42,Sales Executive,8437820
Wati Pratama,40,Operations Manager,30816631
Qori Nugroho,46,Product Manager,38117492
Siti Kusuma,44,Software Engineer,24535069
Siti Rahayu,53,Office Administrator,19452048
Lestari Nugroho,44,Marketing Specialist,33713566
Yanto Santoso,40,HR Staff,9103883
Dewi Setiawan,52,Office Administrator,17200154
Lestari Kusuma,56,HR Staff,6165598
Wati Rahayu,18,UI/UX Designer,8982541
Rina Wijaya,47,Office Administrator,22810038
Umar Suryani,22,UI/UX Designer,26749711
Umar Suryani,51,QA Engineer,30983449
Rina Nugroho,28,Product Manager,37672050
Gita Hidayat,32,Marketing Specialist,11131792
Qori Suryani,41,HR Staff,14305830
Fitri Wijaya,57,Software Engineer,40058676
Dewi Hidayat,44,UI/UX Designer,11407198
Yanto Pratama,33,Data Analyst,7896158
Eka Rahayu,38,Data Analyst,30658891
Rina Setiawan,41,Operations Manager,44418162
Oki Pratama,48,Operations Manager,28411634
Mega Saputra,19,Data Analyst,5375191
Oki Firmansyah,59,Operations Manager,20339570
Joko Suryani,28,Product Manager,19284923
Eka Halim,53,UI/UX Designer,7309949
Vina Kusuma,53,Data Analyst,35405838
Oki Pratama,34,Sales Executive,42144196
Budi Hidayat,35,Product Manager,10509468
Oki Halim,39,Sales Executive,36104260
Rina Santoso,44,Customer Support,34706026
Putri Setiawan,30,Office Administrator,12970699
Gita Nugroho,42,Software Engineer,12876524
Joko Wibowo,46,Customer Support,10172615
Joko Wijaya,23,HR Staff,13091981
Rina Pratama,24,Marketing Specialist,15412120
Nur Gunawan,19,Customer Support,24724835
Joko Halim,40,HR Staff,8635438
Joko Kusuma,24,HR Staff,21363813
Umar Gunawan,55,Data Analyst,8859781
Indra Saputra,24,HR Staff,23134373
Vina Santoso,46,HR Staff,7567531
Budi Gunawan,20,Sales Executive,28334707
Lestari Kusuma,39,UI/UX Designer,17971907
Yanto Saputra,23,Accountant,34909260
Dewi Santoso,33,Data Analyst,4224446
Umar Firmansyah,27,Operations Manager,34703264
Kiki Pratama,51,Operations Manager,10581059
Lestari Wijaya,18,Software Engineer,10933547
Fitri Firmansyah,50,HR Staff,32926787
Mega Halim,50,Operations Manager,10661474
Zaki Suryani,34,Data Analyst,42784226
Eka Wijaya,44,Accountant,27793024
Nur Hidayat,44,Data Analyst,44993631
Dewi Gunawan,44,Accountant,34372139
Oki Setiawan,30,Customer Support,30066726
Zaki Wibowo,47,HR Staff,32962442
Eka Hidayat,36,Marketing Specialist,26506023
Lestari Pratama,33,Sales Executive,26740323
Mega Saputra,37,Product Manager,5199523
Rina Rahayu,21,Office Administrator,24208020
Indra Hidayat,47,Accountant,38396777
Eka Rahayu,49,UI/UX Designer,6112849
Lestari Kusuma,20,Office Administrator,14203297
Kiki Saputra,43,Operations Manager,13145106
Andi Firmansyah,23,Accountant,33804918
Dewi Suryani,18,Accountant,12622413
Indra Pratama,35,Accountant,37381870
Mega Firmansyah,29,Office Administrator,32195703
Lestari Suryani,34,Customer Support,37166935
Putri Hidayat,36,QA Engineer,33886167
Rina Setiawan,44,Data Analyst,14411174
Gita Santoso,20,Office Administrator,27544485
Oki Saputra,55,HR Staff,13160328
Andi Nugroho,41,Office Administrator,23402891
Citra Halim,25,Office Administrator,28570681
Vina Wibowo,31,Product Manager,29627775
Gita Gunawan,23,QA Engineer,4958051
Hadi Gunawan,54,UI/UX Designer,40278019
Vina Halim,57,Software Engineer,36717301
Tono Wibowo,34,UI/UX Designer,8869382
Putri Gunawan,18,Marketing Specialist,10973812
Gita Hidayat,40,QA Engineer,25920705
Wati Wijaya,41,Customer Support,5153719
Fitri Santoso,22,QA Engineer,36854878
Nur Setiawan,18,UI/UX Designer,8423113
Nur Rahayu,21,HR Staff,44515024
Kiki Suryani,45,Data Analyst,26448613
Qori Setiawan,38,HR Staff,15824832
Wati Rahayu,56,QA Engineer,37978202
Kiki Hidayat,55,Software Engineer,23449520
Andi Gunawan,23,Customer Support,41776729
Wati Nugroho,60,Operations Manager,28789066
Indra Hidayat,20,HR Staff,9008573
Dewi Halim,30,Office Administrator,14471767
Budi Saputra,45,Sales Executive,20002500
Putri Gunawan,55,Accountant,33018737
Putri Hidayat,54,Sales Executive,9812089
Umar Halim,42,Data Analyst,33386476
Eka Saputra,45,UI/UX Designer,15423621
Rina Setiawan,55,Marketing Specialist,44311112
Putri Firmansyah,28,Operations Manager,16381384
Citra Wijaya,37,Marketing Specialist,26366658
Fitri Rahayu,33,Product Manager,20030464
Qori Kusuma,22,Data Analyst,4953799
Joko Gunawan,20,HR Staff,15232245
Nur Wijaya,24,Sales Executive,35187906
Dewi Hidayat,25,HR Staff,27637106
Gita Wibowo,28,Product Manager,6213019
Budi Saputra,44,Sales Executive,23282752
Zaki Nugroho,30,Software Engineer,23529933
Nur Santoso,48,Product Manager,22447587
Andi Gunawan,55,Office Administrator,9370412
Indra Saputra,34,Accountant,25270242
Hadi Setiawan,33,UI/UX Designer,7834951
Siti Hidayat,32,Data Analyst,17859970
Qori Firmansyah,53,QA Engineer,7550028
Lestari Halim,52,Customer Support,43784855
Wati Nugroho,47,Data Analyst,42206454
Zaki Pratama,49,Software Engineer,25819922
Zaki Halim,19,UI/UX Designer,33262828
Indra Firmansyah,21,UI/UX Designer,12440255
Umar Rahayu,45,Office Administrator,14076071
Wati Suryani,40,Office Administrator,9105096
Dewi Hidayat,53,Operations Manager,38278691
Citra Firmansyah,25,HR Staff,23004730
Yanto Saputra,34,Operations Manager,7097453
Vina Suryani,39,Operations Manager,35917308
Wati Nugroho,34,Marketing Specialist,33246535
Yanto Kusuma,46,Marketing Specialist,15834249
Gita Halim,33,Product Manager,5957253
Citra Kusuma,27,Marketing Specialist,31869079
Nur Wibowo,40,Sales Executive,14276626
Joko Halim,43,Office Administrator,29165923
Zaki Pratama,42,Product Manager,42814164
Yanto Pratama,43,Software Engineer,34940412
Oki Suryani,44,Operations Manager,11795772
Oki Pratama,34,Product Manager,17166337
Gita Setiawan,41,Operations Manager,4258530
Siti Setiawan,46,HR Staff,34203829
Kiki Firmansyah,24,Software Engineer,9504262
Citra Halim,18,Software Engineer,30914362
Citra Rahayu,54,Customer Support,5988537
Nur Wijaya,58,Accountant,29104645
Siti Rahayu,60,Sales Executive,26635277
Qori Santoso,60,Product Manager,37847564
Qori Wijaya,27,Data Analyst,24141534
Andi Gunawan,27,HR Staff,34325879
Mega Saputra,40,Product Manager,15614426
Citra Wijaya,47,Office Administrator,6135081
Rina Hidayat,29,HR Staff,36413326
Tono Santoso,55,Data Analyst,33238222
Yanto Gunawan,35,UI/UX Designer,43992633
Qori Wijaya,22,QA Engineer,17643046
Budi Nugroho,23,QA Engineer,27646777
Fitri Setiawan,59,Product Manager,31801573
Hadi Firmansyah,19,Software Engineer,25485588
Indra Nugroho,31,UI/UX Designer,13265658
Fitri Hidayat,32,Sales Executive,44162924
Rina Firmansyah,51,UI/UX Designer,39890283
Budi Santoso,18,Operations Manager,4658351
Andi Halim,29,UI/UX Designer,32848966
Mega Suryani,24,Data Analyst,34672371
Joko Saputra,55,Office Administrator,19192136
Wati Kusuma,42,Data Analyst,22616001
Andi Pratama,50,Sales Executive,4715173
Gita Rahayu,53,Sales Executive,36503183
Rina Nugroho,31,UI/UX Designer,14850634
Budi Firmansyah,25,Accountant,44176729
Andi Kusuma,26,Operations Manager,18704920
Qori Suryani,21,Accountant,38508655
Tono Suryani,40,Customer Support,20835557
Budi Setiawan,39,Office Administrator,6373562
Mega Saputra,22,HR Staff,34374588
Tono Rahayu,44,Sales Executive,27272252
Andi Saputra,57,Office Administrator,32225735
Yanto Pratama,27,Marketing Specialist,30429305
Indra Suryani,22,Operations Manager,22945269
Andi Suryani,20,Accountant,42068912
Citra Gunawan,31,Accountant,7660862
Mega Kusuma,33,HR Staff,12641411
Zaki Rahayu,57,QA Engineer,21314461
Dewi Rahayu,25,UI/UX Designer,41005851
Fitri Wibowo,35,UI/UX Designer,21009015
Rina Hidayat,48,Sales Executive,29504475
Zaki Santoso,53,Customer Support,25216742
Hadi Gunawan,33,Software Engineer,22896244
Lestari Gunawan,38,Data Analyst,19561217
Lestari Firmansyah,50,UI/UX Designer,44092835
Lestari Halim,35,Operations Manager,15134300
Andi Pratama,52,Sales Executive,27638203
Gita Wibowo,46,QA Engineer,9426583
Fitri Hidayat,20,Operations Manager,15105031
Qori Kusuma,44,Data Analyst,16232697
Zaki Gunawan,55,Software Engineer,9058395
Mega Halim,43,Accountant,13027830
Umar Halim,38,QA Engineer,4435785
Andi Nugroho,33,Accountant,27357982
Citra Hidayat,56,UI/UX Designer,11097633
Andi Rahayu,46,Sales Executive,26559555
Zaki Santoso,59,Operations Manager,24983175
Vina Halim,50,Marketing Specialist,20779108
Andi Gunawan,53,Data Analyst,12123840
Mega Nugroho,23,Customer Support,29508888
Rina Rahayu,56,Software Engineer,35164947
Budi Santoso,44,Data Analyst,4847071
Nur Hidayat,26,QA Engineer,9896869
Yanto Kusuma,55,Data Analyst,9736272
Joko Wijaya,46,Software Engineer,29887356
Mega Hidayat,50,HR Staff,43626913
Eka Hidayat,28,Office Administrator,6603421
Joko Saputra,42,Sales Executive,36760825
Oki Wibowo,42,Data Analyst,12469127
Yanto Pratama,18,Marketing Specialist,19515895
Mega Setiawan,55,UI/UX Designer,39745337
Eka Nugroho,32,HR Staff,32449009
Hadi Wijaya,24,Sales Executive,19063417
Kiki Wijaya,36,HR Staff,23692064
Putri Firmansyah,41,QA Engineer,22658596
Zaki Saputra,25,QA Engineer,35191541
Kiki Saputra,43,Marketing Specialist,16946697
Mega Wibowo,19,Operations Manager,36922785
Lestari Nugroho,43,UI/UX Designer,6717898
Hadi Setiawan,45,Customer Support,18802367
Dewi Rahayu,25,Accountant,34152966
Andi Santoso,56,QA Engineer,22268443
Vina Wibowo,39,Sales Executive,19660021
Umar Pratama,23,Accountant,9487684
Hadi Santoso,60,Customer Support,30571801
Nur Hidayat,43,Product Manager,27546528
Nur Saputra,31,Accountant,7966844
Dewi Nugroho,50,Office Administrator,15379145
Tono Saputra,37,UI/UX Designer,35856398
Wati Halim,59,Office Administrator,11088719
Qori Halim,28,QA Engineer,11843931
Qori Suryani,33,Accountant,7721864
Putri Rahayu,48,Office Administrator,14304190
Nur Wibowo,54,Data Analyst,29513435
Lestari Gunawan,18,HR Staff,31799274
Putri Firmansyah,47,Customer Support,19618250
Eka Setiawan,45,QA Engineer,21847038
Zaki Halim,21,UI/UX Designer,18580385
Rina Hidayat,50,UI/UX Designer,40452355
Kiki Suryani,59,Product Manager,23723596
Mega Santoso,40,Accountant,19194412
Dewi Halim,52,Marketing Specialist,34956390
Joko Suryani,58,Customer Support,41926215
Rina Kusuma,37,Data Analyst,20543858
Siti Hidayat,56,Accountant,31064574
Eka Rahayu,52,Accountant,4132710
Siti Halim,35,UI/UX Designer,21158634
Qori Pratama,22,QA Engineer,16157045
Andi Kusuma,56,Product Manager,10043717
Putri Gunawan,22,Office Administrator,5651272
Andi Suryani,41,Operations Manager,34201222
Hadi Setiawan,24,QA Engineer,41257337
Fitri Nugroho,54,Data Analyst,28896452
Yanto Wibowo,53,Data Analyst,44838547
Nur Saputra,41,Customer Support,17733971
Oki Saputra,34,Marketing Specialist,11887486
Eka Halim,21,UI/UX Designer,40525425
Gita Suryani,41,HR Staff,23858450
Andi Gunawan,24,Marketing Specialist,42192660
Joko Setiawan,44,UI/UX Designer,36891970
Fitri Hidayat,21,Marketing Specialist,27702196
Hadi Gunawan,34,Operations Manager,29770983
Umar Setiawan,30,Accountant,6400740
Mega Kusuma,41,Data Analyst,37658872
Hadi Setiawan,18,HR Staff,28739168
Andi Setiawan,47,HR Staff,39291264
Dewi Wibowo,37,Software Engineer,33472566
Rina Saputra,50,Sales Executive,5075990
Gita Nugroho,27,Accountant,12921610
Fitri Santoso,38,Data Analyst,44542635
Kiki Pratama,19,UI/UX Designer,20442612
Citra Gunawan,40,Customer Support,43051325
Rina Halim,27,QA Engineer,19873587
Hadi Nugroho,50,HR Staff,36698260
Rina Nugroho,49,Marketing Specialist,27858131
Mega Pratama,28,Customer Support,38189021
Joko Wibowo,41,Accountant,13771637
Tono Hidayat,41,Accountant,8596490
Putri Saputra,59,Data Analyst,23833994
Hadi Setiawan,54,HR Staff,28298195
Oki Nugroho,46,Software Engineer,33158384
Fitri Wibowo,46,UI/UX Designer,25895995
Vina Firmansyah,19,QA Engineer,43588298
Fitri Santoso,32,Product Manager,4630436
Mega Pratama,31,Office Administrator,41888528
Zaki Pratama,27,HR Staff,23245942
Zaki Kusuma,54,Software Engineer,12780646
Joko Pratama,46,Office Administrator,33658832
Kiki Santoso,46,Product Manager,11913305
Fitri Rahayu,23,Accountant,7191113
Andi Santoso,59,Operations Manager,10155210
Oki Wibowo,41,Sales Executive,6825095
Lestari Gunawan,44,HR Staff,36806789
Hadi Firmansyah,35,Software Engineer,39113265
Rina Halim,39,Data Analyst,44187987
Lestari Pratama,23,HR Staff,6033253
Mega Wijaya,39,Sales Executive,44101501
Umar Rahayu,18,QA Engineer,22894556
Dewi Rahayu,50,Marketing Specialist,27187471
Hadi Suryani,58,Customer Support,14070342
Tono Gunawan,27,Accountant,26209387
Eka Santoso,22,Marketing Specialist,7009055
Mega Pratama,54,Marketing Specialist,29974780
Lestari Kusuma,57,Operations Manager,19003663
Kiki Nugroho,41,Marketing Specialist,17040440
Andi Hidayat,47,Operations Manager,6482502
Fitri Suryani,36,Customer Support,24962009
Umar Santoso,49,Product Manager,37825883
Lestari Setiawan,43,Marketing Specialist,39768477
Oki Setiawan,34,Product Manager,16721690
Yanto Setiawan,59,QA Engineer,16951391
Yanto Wibowo,30,Product Manager,19606569
Nur Santoso,28,HR Staff,6594430
Citra Santoso,58,Marketing Specialist,24842229
Eka Wijaya,37,UI/UX Designer,39744670
Rina Nugroho,50,Customer Support,42047730
Eka Kusuma,26,Accountant,28030397
Joko Wibowo,41,Marketing Specialist,22052068
Lestari Kusuma,28,Product Manager,32026629
Zaki Rahayu,32,Office Administrator,26970709
Mega Saputra,29,Product Manager,30980535
Wati Halim,34,Software Engineer,39600248
Oki Rahayu,21,Accountant,44884364
Umar Firmansyah,20,Data Analyst,30626559
Mega Kusuma,22,Office Administrator,19150337
Tono Santoso,52,Operations Manager,32732992
Rina Suryani,45,Product Manager,24311993
Yanto Saputra,32,Product Manager,38533284
Fitri Saputra,45,Product Manager,8152833
Fitri Saputra,44,Accountant,12152113
Joko Nugroho,19,Marketing Specialist,25839510
Dewi Santoso,55,Office Administrator,31711904
Eka Firmansyah,20,Sales Executive,25397853
Tono Wijaya,49,UI/UX Designer,15525033
Wati Halim,27,Customer Support,41239115
Hadi Firmansyah,44,QA Engineer,38578501
Indra Gunawan,28,UI/UX Designer,41594301
Joko Halim,43,Operations Manager,24427914
Qori Saputra,19,Marketing Specialist,22929982
Putri Halim,32,Customer Support,9939308
Gita Pratama,25,Sales Executive,36378540
Umar Hidayat,47,HR Staff,18421945
Fitri Suryani,43,Office Administrator,32556271
Qori Saputra,52,Product Manager,18760185
Yanto Gunawan,45,Data Analyst,31374591
Joko Santoso,47,UI/UX Designer,31077262
Fitri Nugroho,19,Customer Support,24795949
Indra Nugroho,60,Sales Executive,31548405
Nur Setiawan,39,Marketing Specialist,18207090
Putri Wibowo,34,Marketing Specialist,38076599
Umar Gunawan,60,Marketing Specialist,39922823
Tono Pratama,36,Sales Executive,33060987
Yanto Firmansyah,53,Marketing Specialist,5629200
Nur Halim,48,QA Engineer,13514933
Nur Rahayu,46,Software Engineer,33246424
Andi Nugroho,59,Marketing Specialist,19960053
Siti Saputra,28,Operations Manager,40524181
Joko Hidayat,25,Operations Manager,38362407
Budi Halim,37,Sales Executive,36694074
Andi Setiawan,42,Marketing Specialist,40229697
Joko Wibowo,26,Product Manager,43301086
Fitri Suryani,22,UI/UX Designer,43478746
Budi Suryani,54,UI/UX Designer,8386469
Indra Pratama,60,Software Engineer,36067009
Putri Firmansyah,51,HR Staff,14002086
Gita Kusuma,18,Accountant,9347983
Eka Wibowo,55,Product Manager,37688551
Andi Pratama,55,Software Engineer,41070274
Siti Pratama,25,UI/UX Designer,42443308
Gita Hidayat,52,Data Analyst,35724728
Citra Wijaya,57,Data Analyst,12036841
Citra Suryani,19,Product Manager,39346457
Citra Kusuma,30,Operations Manager,33838907
Tono Hidayat,21,Sales Executive,32392665
Tono Halim,55,Operations Manager,44800445
Kiki Kusuma,53,Marketing Specialist,32158133
Fitri Santoso,33,QA Engineer,12544815
Hadi Suryani,35,Customer Support,32377618
Yanto Setiawan,33,Product Manager,15673406
Hadi Wibowo,49,Customer Support,9488584
Joko Nugroho,53,Office Administrator,22881957
Indra Kusuma,55,Product Manager,23919519
Hadi Kusuma,56,Accountant,11358940
Qori Firmansyah,46,QA Engineer,38511409
Budi Firmansyah,48,Sales Executive,12200241
Wati Nugroho,22,Office Administrator,16887729
Zaki Hidayat,28,Marketing Specialist,24812183
Wati Kusuma,26,Marketing Specialist,24270867
Fitri Santoso,24,Office Administrator,13003147
Indra Suryani,29,Operations Manager,31731264
Citra Firmansyah,32,Marketing Specialist,42261473
Hadi Nugroho,28,Marketing Specialist,43767532
Nur Hidayat,29,Data Analyst,19431039
Lestari Wijaya,35,QA Engineer,24563799
Zaki Wijaya,34,UI/UX Designer,18837859
Rina Wibowo,54,Office Administrator,16633166
Indra Kusuma,45,Product Manager,6234370
Wati Gunawan,49,UI/UX Designer,22166933
Siti Halim,53,UI/UX Designer,6654069
Eka Halim,20,UI/UX Designer,21259600
Citra Kusuma,51,QA Engineer,6761245
Indra Kusuma,22,Office Administrator,44966815
Vina Wijaya,57,Sales Executive,5957030
Qori Nugroho,26,Product Manager,29225731
Zaki Gunawan,53,Sales Executive,17811369
Budi Nugroho,53,Marketing Specialist,39514856
Mega Rahayu,26,Customer Support,33873038
Eka Wibowo,53,Operations Manager,24275247
Hadi Wijaya,49,Office Administrator,42613756
Joko Halim,32,HR Staff,34349795
Mega Halim,19,Software Engineer,20575157
Fitri Saputra,29,Customer Support,16152426
Siti Pratama,60,Customer Support,24129488
Joko Rahayu,52,QA Engineer,28531256
Hadi Kusuma,51,UI/UX Designer,37543756
Andi Halim,30,Operations Manager,42302873
Tono Halim,19,Sales Executive,31686419
Nur Setiawan,31,Data Analyst,32434589
Kiki Firmansyah,50,Product Manager,32743644
Oki Rahayu,25,QA Engineer,33824351
Mega Santoso,56,Marketing Specialist,34340373
Mega Rahayu,51,Product Manager,32442785
Hadi Gunawan,26,Operations Manager,18123049
Tono Wijaya,26,Product Manager,36951889
Citra Setiawan,60,Operations Manager,28626573
Umar Setiawan,30,QA Engineer,37260565
Yanto Santoso,20,QA Engineer,13564854
Umar Suryani,60,Operations Manager,32357390
Indra Halim,39,Software Engineer,12787443
Vina Suryani,30,Software Engineer,43302606
Dewi Santoso,31,Office Administrator,44206155
Putri Hidayat,48,QA Engineer,15252753
Yanto Wibowo,51,Operations Manager,38973535
Tono Pratama,22,Software Engineer,30779216
Wati Gunawan,56,Sales Executive,18918196
Gita Hidayat,25,HR Staff,24160579
Eka Santoso,23,Sales Executive,11426994
Wati Suryani,45,Accountant,25285334
Andi Pratama,38,Sales Executive,13989126
Wati Hidayat,19,UI/UX Designer,41886528
Budi Setiawan,29,HR Staff,27272260
Eka Saputra,26,Software Engineer,15399879
Rina Wibowo,52,Operations Manager,40439119
Rina Suryani,44,HR Staff,31476436
Zaki Nugroho,56,UI/UX Designer,7007279
Andi Hidayat,40,Office Administrator,37316889
Tono Firmansyah,37,Operations Manager,13053938
Nur Firmansyah,26,UI/UX Designer,23788645
Mega Wibowo,36,Customer Support,23508632
Citra Gunawan,58,Product Manager,11929567
Vina Wibowo,33,QA Engineer,33871571
Wati Kusuma,45,Software Engineer,21825378
Rina Setiawan,27,Customer Support,37701518
Tono Wijaya,49,Data Analyst,30754117
Wati Nugroho,57,Product Manager,12032871
Gita Wibowo,49,Office Administrator,13406067
Joko Gunawan,54,Accountant,24434540
Dewi Hidayat,39,Data Analyst,15889337
Budi Firmansyah,54,Customer Support,36292017
Oki Wijaya,31,Operations Manager,8894318
Qori Rahayu,41,Data Analyst,30916185
Siti Nugroho,56,Accountant,28074876
Oki Wijaya,57,Customer Support,44200655
Budi Rahayu,32,UI/UX Designer,24328895
Yanto Wibowo,28,UI/UX Designer,27809387
Umar Rahayu,55,Operations Manager,6733218
Nur Pratama,52,Product Manager,14534294
Citra Rahayu,32,Accountant,8665567
Hadi Setiawan,37,Product Manager,27981912
Andi Suryani,54,Operations Manager,27312151
Indra Hidayat,19,HR Staff,4600870
Joko Wijaya,59,Sales Executive,19918347
Rina Gunawan,24,QA Engineer,38215839
Andi Halim,32,Product Manager,16950018
Rina Pratama,49,QA Engineer,44606530
Budi Rahayu,53,Office Administrator,44255732
Lestari Santoso,23,HR Staff,9477625
Gita Suryani,38,Customer Support,14297541
Joko Gunawan,33,Marketing Specialist,14326106
Lestari Setiawan,40,UI/UX Designer,12121851
Joko Gunawan,34,Customer Support,35545324
Joko Rahayu,52,Office Administrator,24684003
Rina Saputra,57,Sales Executive,21981986
Nur Wijaya,38,Sales Executive,12541991
Gita Wibowo,37,Product Manager,25239158
Tono Kusuma,50,QA Engineer,4218216
Tono Wijaya,53,Operations Manager,36173766
Hadi Saputra,40,Accountant,5790173
Vina Wijaya,50,HR Staff,27423992
Zaki Nugroho,18,Office Administrator,25374707
Dewi Gunawan,43,Office Administrator,33137730
Mega Nugroho,51,UI/UX Designer,39008847
Qori Firmansyah,43,Product Manager,40391595
Fitri Gunawan,51,Customer Support,23186392
Tono Saputra,36,Software Engineer,40763673
Gita Suryani,34,Software Engineer,38167830
Gita Nugroho,26,Operations Manager,29075213
Joko Gunawan,54,QA Engineer,25581152
Lestari Hidayat,49,Office Administrator,4872120
Yanto Halim,38,Product Manager,14139899
Citra Nugroho,31,Software Engineer,31480306
Citra Santoso,59,Marketing Specialist,7167888
Dewi Wijaya,43,Office Administrator,10673181
Citra Halim,18,Office Administrator,31328421
Gita Santoso,53,Customer Support,35049530
Rina Firmansyah,36,Operations Manager,15095815
Zaki Saputra,44,Product Manager,38053577
Dewi Gunawan,37,Accountant,18882334
Indra Saputra,57,Accountant,35231185
Kiki Hidayat,28,Marketing Specialist,16219949
Vina Hidayat,46,Operations Manager,19608544
Lestari Firmansyah,19,Operations Manager,4546948
Wati Suryani,41,Operations Manager,15560903
Yanto Kusuma,42,Office Administrator,23763375
Vina Hidayat,32,Customer Support,27643932
Siti Saputra,48,Accountant,44394283
Qori Santoso,33,HR Staff,14793465
Tono Gunawan,56,UI/UX Designer,41340654
Umar Hidayat,53,Software Engineer,28239558
Zaki Rahayu,22,Accountant,4277362
Gita Wibowo,22,Customer Support,24648139
Rina Halim,58,Software Engineer,29679997
Zaki Kusuma,38,Office Administrator,28535824
Wati Suryani,54,Product Manager,35634472
Tono Wijaya,40,Operations Manager,40412393
Umar Kusuma,45,Data Analyst,42933760
Siti Wibowo,59,HR Staff,23712072
Fitri Suryani,24,Data Analyst,20850286
Kiki Wibowo,29,Product Manager,22523409
Dewi Suryani,36,Data Analyst,20861409
Lestari Wijaya,39,Software Engineer,13949820
Putri Firmansyah,33,UI/UX Designer,23030524
Rina Saputra,40,QA Engineer,38078404
Citra Hidayat,38,UI/UX Designer,18796798
Oki Wibowo,23,UI/UX Designer,22879482
Wati Rahayu,27,UI/UX Designer,22660958
Andi Nugroho,48,Software Engineer,34261809
Mega Setiawan,29,Data Analyst,43136875
Putri Setiawan,20,Product Manager,43806667
Kiki Gunawan,55,Software Engineer,12243153
Yanto Santoso,46,Product Manager,42201852
Gita Pratama,41,Customer Support,28875401
Eka Firmansyah,53,QA Engineer,44449046
Kiki Rahayu,56,Accountant,29148482
Tono Gunawan,43,Marketing Specialist,19458273
Zaki Rahayu,39,Marketing Specialist,18729880
Tono Halim,37,Product Manager,22711640
Wati Saputra,34,Software Engineer,18643408
Umar Gunawan,49,Marketing Specialist,17564355
Citra Halim,30,Customer Support,33019924
Hadi Hidayat,53,QA Engineer,28920132
Lestari Pratama,54,Customer Support,16417448
Vina Firmansyah,46,UI/UX Designer,36291282
Dewi Firmansyah,29,Operations Manager,35529532
Siti Santoso,27,Product Manager,26700810
Umar Suryani,28,Software Engineer,19947332
Tono Kusuma,37,UI/UX Designer,6942400
Indra Gunawan,24,Operations Manager,30549170
Putri Pratama,29,Office Administrator,17582854
Wati Halim,32,Sales Executive,6703561
Oki Kusuma,49,UI/UX Designer,30953806
Citra Hidayat,52,HR Staff,29778652
Mega Firmansyah,23,QA Engineer,37533069
Dewi Suryani,21,Office Administrator,12360185
Andi Wibowo,30,Data Analyst,42593508
Kiki Santoso,50,Customer Support,23598405
Wati Firmansyah,25,Product Manager,24340853
Umar Wibowo,40,Customer Support,39883698
Andi Setiawan,36,Product Manager,21976724
Qori Firmansyah,45,Sales Executive,35892351
Andi Wibowo,51,Software Engineer,18042878
Dewi Hidayat,57,QA Engineer,35495770
Oki Firmansyah,44,UI/UX Designer,13344406
Siti Rahayu,50,Customer Support,28879451
Gita Hidayat,35,Marketing Specialist,4175078
Fitri Santoso,20,Customer Support,43876479
Qori Rahayu,25,Office Administrator,36339355
Qori Pratama,29,HR Staff,28643041
Vina Pratama,32,HR Staff,39062277
Qori Hidayat,54,Software Engineer,13180641
Oki Kusuma,38,Office Administrator,27286959
Dewi Rahayu,24,UI/UX Designer,5828775
Dewi Kusuma,26,Software Engineer,7498428
Siti Gunawan,39,QA Engineer,30333566
Oki Wijaya,20,Marketing Specialist,8227236
Yanto Gunawan,46,Product Manager,42403162
Wati Gunawan,25,Software Engineer,23213453
Dewi Kusuma,22,Customer Support,44874444
Putri Suryani,31,Software Engineer,38507595
Lestari Firmansyah,48,Accountant,18243968
Mega Wijaya,33,Software Engineer,30768102
Siti Suryani,30,HR Staff,29636270
Rina Saputra,55,Sales Executive,29937122
Qori Kusuma,27,Customer Support,44199791
Zaki Suryani,29,Software Engineer,42936882
Vina Kusuma,23,Customer Support,11681399
Putri Firmansyah,33,Software Engineer,10756036
Hadi Firmansyah,43,Office Administrator,39839267
Oki Pratama,57,HR Staff,19360741
Citra Santoso,47,Operations Manager,19122929
Siti Firmansyah,26,Operations Manager,8499081
Oki Wibowo,32,Product Manager,26909366
Nur Suryani,44,Software Engineer,16309166
Tono Saputra,26,UI/UX Designer,40844863
Lestari Hidayat,32,Accountant,20005285
Vina Halim,56,QA Engineer,4357523
Kiki Nugroho,27,Data Analyst,16045042
Hadi Kusuma,30,UI/UX Designer,17080911
Citra Setiawan,49,Software Engineer,22939473
Kiki Wibowo,18,Product Manager,25034201
Fitri Kusuma,40,Product Manager,18554863
Tono Nugroho,58,Marketing Specialist,29656760
Indra Saputra,23,Sales Executive,25521801
Rina Rahayu,60,Accountant,25028857
Kiki Wibowo,27,Marketing Specialist,25919655
Wati Santoso,51,Data Analyst,19598006
Yanto Wibowo,18,QA Engineer,22080994
Fitri Saputra,24,Accountant,5143177
Putri Wibowo,29,Customer Support,24049066
Vina Saputra,60,HR Staff,23445698
Eka Kusuma,59,UI/UX Designer,37257318
Andi Santoso,26,HR Staff,40335938
Joko Hidayat,50,Data Analyst,20628485
Kiki Wibowo,34,QA Engineer,21379645
Budi Wibowo,38,Operations Manager,20231787
Wati Nugroho,36,Office Administrator,30163565
Wati Wijaya,38,Data Analyst,22918034
Joko Saputra,60,Software Engineer,30171013
Yanto Wijaya,40,HR Staff,20610184
Fitri Setiawan,37,QA Engineer,19050541
Indra Hidayat,20,HR Staff,11731952
Zaki Nugroho,59,Product Manager,9773180
Umar Wibowo,42,Product Manager,33463937
Putri Nugroho,54,QA Engineer,12024462
Oki Kusuma,28,Sales Executive,41063766
Wati Wibowo,21,Office Administrator,4589998
Hadi Halim,54,QA Engineer,43674121
Vina Firmansyah,34,Product Manager,15515820
Lestari Kusuma,35,Sales Executive,14180000
Vina Kusuma,24,Sales Executive,34093163
Mega Suryani,34,UI/UX Designer,28911884
Dewi Nugroho,25,HR Staff,22107453
Hadi Halim,46,Office Administrator,9311760
Wati Rahayu,58,Customer Support,12688682
Joko Firmansyah,31,Accountant,36274333
Wati Nugroho,39,Software Engineer,10188311
Yanto Setiawan,54,Product Manager,40029341
Joko Rahayu,34,Data Analyst,12506311
Yanto Halim,51,Product Manager,28086030
Umar Firmansyah,44,QA Engineer,40844730
Dewi Pratama,25,Customer Support,35297029
Kiki Firmansyah,56,Accountant,33457617
Putri Suryani,42,Operations Manager,10361736
Vina Hidayat,51,Customer Support,16368142
Umar Pratama,52,Data Analyst,18739346
Hadi Firmansyah,31,Operations Manager,18489775
Oki Suryani,30,Sales Executive,42808560
Wati Wijaya,40,HR Staff,9596048
Nur Setiawan,57,Accountant,32007202
Hadi Rahayu,31,Office Administrator,7111502
Joko Gunawan,40,UI/UX Designer,35254436
Vina Kusuma,38,Office Administrator,6095310
Qori Wibowo,31,Customer Support,13241113
Mega Wijaya,28,HR Staff,44951719
Eka Nugroho,53,HR Staff,23816743
Hadi Pratama,27,QA Engineer,23252293
Vina Rahayu,23,Marketing Specialist,17833090
Oki Santoso,34,QA Engineer,22847653
Oki Suryani,25,HR Staff,33477664
Mega Firmansyah,31,Operations Manager,16319215
Citra Nugroho,34,Marketing Specialist,37869727
Lestari Santoso,55,Product Manager,20708525
Zaki Wijaya,28,HR Staff,24078947
Andi Setiawan,48,Software Engineer,31807374
Putri Suryani,19,Accountant,29934066
Siti Firmansyah,38,Accountant,40316216
Siti Setiawan,44,Marketing Specialist,7555103
Fitri Firmansyah,33,Customer Support,42100558
Joko Wibowo,36,HR Staff,26653624
Hadi Firmansyah,27,Accountant,24420504
Indra Rahayu,34,Software Engineer,37906623
Wati Wibowo,59,HR Staff,33897222
Rina Gunawan,40,QA Engineer,10270677
Umar Nugroho,54,HR Staff,14102306
Andi Halim,23,Marketing Specialist,36865944
Gita Kusuma,20,Product Manager,25226635
Fitri Suryani,39,Sales Executive,37368522
Indra Suryani,54,HR Staff,40819746
Umar Gunawan,44,HR Staff,16975843
Qori Firmansyah,25,Sales Executive,29583475
Nur Nugroho,44,Product Manager,31434339
Fitri Nugroho,25,Office Administrator,18323182
Hadi Hidayat,60,Customer Support,20214805
Kiki Halim,50,Product Manager,24758177
Umar Santoso,35,UI/UX Designer,37406109
Lestari Pratama,20,UI/UX Designer,17185971
Kiki Halim,26,Software Engineer,18948883
Yanto Hidayat,19,Sales Executive,18948085
Gita Rahayu,24,Operations Manager,43010258
Indra Wijaya,60,Accountant,43371914
Siti Rahayu,33,Sales Executive,11312628
Kiki Nugroho,26,UI/UX Designer,5851219
Putri Saputra,43,HR Staff,12406695
Citra Santoso,36,UI/UX Designer,22870055
Kiki Rahayu,32,UI/UX Designer,44034637
Oki Pratama,56,UI/UX Designer,11950545
Oki Hidayat,18,Customer Support,22766725
Eka Suryani,26,Data Analyst,17454386
Nur Hidayat,19,Sales Executive,15496993
Putri Rahayu,26,HR Staff,29064143
Zaki Wijaya,38,Sales Executive,37672686
Wati Wibowo,18,Marketing Specialist,7330165
Wati Suryani,57,UI/UX Designer,38548598
Vina Suryani,40,QA Engineer,5682560
Vina Santoso,30,Customer Support,14204363
Dewi Saputra,49,Operations Manager,25539925
Andi Wibowo,56,Customer Support,8419131
Rina Setiawan,32,Data Analyst,13407869
Joko Halim,58,Software Engineer,12833622
Citra Nugroho,36,Product Manager,37766217
Putri Nugroho,42,Data Analyst,4270860
Zaki Setiawan,36,Operations Manager,29747684
Andi Suryani,29,QA Engineer,29183556
Indra Setiawan,30,Software Engineer,37463089
Putri Saputra,53,Operations Manager,19608995
Dewi Santoso,42,Data Analyst,21345357
Umar Firmansyah,49,Marketing Specialist,20541561
Kiki Firmansyah,47,Software Engineer,23629286
Putri Saputra,42,Data Analyst,44183300
Joko Rahayu,60,Sales Executive,42507483
Indra Rahayu,50,HR Staff,13702355
Zaki Saputra,25,Software Engineer,10443479
Oki Halim,58,HR Staff,5988662
Mega Saputra,30,Office Administrator,23697652
Oki Rahayu,32,Operations Manager,42781925
Tono Wijaya,21,Operations Manager,10776640
Eka Firmansyah,57,Office Administrator,39023958
Putri Suryani,58,Accountant,12266842
Dewi Wibowo,31,HR Staff,21960486
Fitri Wibowo,25,QA Engineer,40700339
Gita Halim,35,Office Administrator,42528572
Oki Rahayu,55,Marketing Specialist,41570856
Qori Nugroho,33,Software Engineer,37588901
Fitri Pratama,33,HR Staff,6190738
Oki Wibowo,18,Data Analyst,15821801
Gita Gunawan,38,Operations Manager,34050984
Yanto Suryani,36,HR Staff,38817708
Joko Wijaya,25,QA Engineer,38031739
Andi Rahayu,55,HR Staff,42267711
Joko Kusuma,56,Product Manager,42640032
Siti Saputra,28,Software Engineer,12673985
Lestari Firmansyah,23,Product Manager,37123214
Citra Pratama,60,Product Manager,35916153
Dewi Rahayu,41,Customer Support,29847932
Oki Kusuma,37,HR Staff,4864472
Putri Kusuma,59,Operations Manager,6656337
Zaki Kusuma,55,Product Manager,18783127
Qori Pratama,60,Sales Executive,24175239
Eka Santoso,43,Marketing Specialist,17161061
Hadi Gunawan,34,Product Manager,36359175
Fitri Pratama,28,Data Analyst,5394753
Gita Santoso,54,Software Engineer,15192304
Mega Setiawan,42,QA Engineer,6318844
Nur Hidayat,50,Data Analyst,30052296
Kiki Santoso,48,Product Manager,16329049
Dewi Pratama,36,Customer Support,43068191
Eka Saputra,37,Operations Manager,32595726
Joko Rahayu,26,Software Engineer,31951614
Tono Firmansyah,52,Customer Support,14931047
Dewi Setiawan,33,Operations Manager,16022867
Citra Halim,32,UI/UX Designer,37690347
Umar Nugroho,22,Product Manager,36148459
Umar Gunawan,35,Product Manager,43172639
Gita Firmansyah,39,UI/UX Designer,42660518
Gita Nugroho,58,Data Analyst,31207349
Qori Firmansyah,59,Product Manager,4819524
Dewi Kusuma,35,Data Analyst,43123932
Gita Hidayat,46,Office Administrator,32540597
Zaki Halim,28,Operations Manager,41075744
Mega Suryani,22,HR Staff,26827812
Umar Wibowo,37,UI/UX Designer,13753982
Zaki Nugroho,24,QA Engineer,12398411
Rina Hidayat,34,Sales Executive,36827431
Lestari Hidayat,32,HR Staff,26635648
Eka Setiawan,51,Sales Executive,13974764
Oki Rahayu,21,Operations Manager,16347845
Putri Pratama,25,Product Manager,31097934
Lestari Firmansyah,22,Operations Manager,24318033
Andi Halim,25,Product Manager,24772970
Kiki Suryani,25,Data Analyst,21163277
Citra Gunawan,26,Marketing Specialist,9192822
Zaki Firmansyah,52,Sales Executive,8208033
Wati Santoso,47,UI/UX Designer,43194507
Gita Wijaya,19,Data Analyst,20294095
Rina Halim,44,Sales Executive,40785577
Zaki Setiawan,59,Sales Executive,35098800
Wati Wijaya,44,Accountant,41400992
Mega Wijaya,29,Accountant,17763908
Tono Firmansyah,58,Product Manager,5514562
Tono Setiawan,58,UI/UX Designer,39907683
Fitri Hidayat,38,Office Administrator,31963573
Siti Firmansyah,25,Product Manager,32075719
Nur Wibowo,56,Data Analyst,36686796
Wati Kusuma,52,HR Staff,35878314
Wati Setiawan,52,HR Staff,42721469
Umar Kusuma,52,Accountant,23098437
Kiki Hidayat,36,Office Administrator,18990198
Lestari Rahayu,52,Sales Executive,10924440
Budi Pratama,20,Office Administrator,43109652
Umar Firmansyah,32,Data Analyst,35021442
Gita Kusuma,38,Marketing Specialist,22245667
Kiki Suryani,52,Accountant,5390798
Yanto Santoso,40,Marketing Specialist,36132043
Fitri Santoso,18,Product Manager,34757571
Joko Santoso,18,Data Analyst,12168294
Indra Suryani,25,Data Analyst,27753317
Siti Suryani,60,Data Analyst,41926330
Oki Saputra,55,Operations Manager,26790069
Zaki Rahayu,20,Operations Manager,8338924
Joko Halim,51,Customer Support,5660179
Zaki Santoso,57,Software Engineer,40980962
Andi Hidayat,54,QA Engineer,43117620
Eka Hidayat,48,HR Staff,20079598
Vina Santoso,54,Data Analyst,16497610
Mega Suryani,20,Operations Manager,5311513
Kiki Gunawan,60,Operations Manager,14445710
Mega Kusuma,51,Data Analyst,11013407
Indra Wijaya,40,Marketing Specialist,6625349
Putri Wijaya,56,Product Manager,38751810
Rina Saputra,58,Marketing Specialist,8243102
Lestari Firmansyah,51,QA Engineer,28480577
Dewi Halim,23,Sales Executive,26918585
Fitri Halim,57,Data Analyst,4155994
Gita Hidayat,43,Sales Executive,37518077
Nur Wibowo,36,Product Manager,21287248
Indra Suryani,54,Data Analyst,15799534
Siti Pratama,41,QA Engineer,27758343
Siti Santoso,38,Customer Support,44785989
Citra Kusuma,18,Accountant,21903923
Mega Pratama,21,Accountant,13853428
Rina Wibowo,43,Data Analyst,4703054
Budi Hidayat,22,Software Engineer,38604121
Wati Firmansyah,57,QA Engineer,17831864
Nur Firmansyah,50,Customer Support,13287778
Gita Suryani,54,QA Engineer,32317343
Andi Nugroho,25,Sales Executive,42986668
Nur Santoso,36,Data Analyst,32289256
Joko Setiawan,49,Customer Support,24301652
Joko Wijaya,57,Sales Executive,27542422
Qori Nugroho,23,Product Manager,38751135
Mega Kusuma,31,Office Administrator,29851634
Andi Santoso,40,Product Manager,39717764
Umar Wibowo,42,Sales Executive,4201875
Andi Nugroho,33,Office Administrator,29826321
Lestari Saputra,34,Accountant,41096587
Siti Kusuma,47,Data Analyst,19337597
Mega Nugroho,32,Operations Manager,40899610
Yanto Firmansyah,30,Software Engineer,23557729
Fitri Suryani,25,Marketing Specialist,41848208
Oki Saputra,22,Marketing Specialist,35511249
Citra Wibowo,29,Operations Manager,14893322
Kiki Rahayu,29,Marketing Specialist,29746875
Umar Wibowo,51,Office Administrator,26395419
Fitri Firmansyah,56,HR Staff,18694475
Budi Gunawan,49,Data Analyst,19076566
Nur Kusuma,35,Data Analyst,24023097
Joko Suryani,29,UI/UX Designer,44300995
Umar Saputra,49,Customer Support,13127915
Kiki Wibowo,49,HR Staff,32284847
Eka Santoso,25,Marketing Specialist,37418148
Vina Suryani,49,Operations Manager,22739264
Eka Kusuma,22,QA Engineer,34991826
Nur Wibowo,31,Customer Support,32657134
Oki Hidayat,57,Data Analyst,5798670
Rina Suryani,19,Software Engineer,24441917
Oki Rahayu,44,Operations Manager,33682229
Oki Rahayu,42,Customer Support,14377468
Eka Firmansyah,49,Operations Manager,24010612
Yanto Wijaya,26,Product Manager,15103598
Siti Kusuma,22,Data Analyst,8818551
Yanto Hidayat,30,Office Administrator,39614464
Oki Setiawan,54,QA Engineer,24050480
Zaki Wibowo,54,Office Administrator,25280033
Dewi Santoso,39,Operations Manager,9121756
Umar Firmansyah,41,Customer Support,38007102
Dewi Santoso,18,Customer Support,19788434
Andi Kusuma,25,QA Engineer,18010841
Siti Santoso,33,Operations Manager,26564313
Umar Gunawan,26,UI/UX Designer,38276405
Kiki Saputra,34,QA Engineer,15478085
Mega Saputra,59,QA Engineer,33326277
Citra Firmansyah,26,Accountant,39914900
Eka Wijaya,51,Marketing Specialist,37262967
Nur Setiawan,30,UI/UX Designer,22797078
Dewi Firmansyah,28,Office Administrator,38632911
Mega Nugroho,27,Accountant,41935304
Joko Rahayu,53,Marketing Specialist,12963044
Budi Saputra,29,Customer Support,6745205
Oki Rahayu,60,Software Engineer,18447502
Hadi Pratama,46,Operations Manager,9943193
Oki Suryani,54,Sales Executive,36471535
Mega Nugroho,23,Operations Manager,13533215
Gita Wijaya,37,Marketing Specialist,44216267
Zaki Pratama,38,Operations Manager,4082456
Siti Wijaya,38,Operations Manager,35369224
Siti Hidayat,53,HR Staff,17026003
Zaki Kusuma,36,Sales Executive,38141766
Vina Gunawan,52,Office Administrator,33439008
Wati Suryani,34,Operations Manager,7345396
Rina Setiawan,20,Customer Support,14827172
Yanto Rahayu,58,UI/UX Designer,25557695
Hadi Wijaya,18,Software Engineer,32473158
Umar Santoso,45,Data Analyst,29211290
Nur Setiawan,54,Marketing Specialist,31762164
Qori Saputra,54,Office Administrator,11904256
Hadi Hidayat,35,Product Manager,42524096
Zaki Wijaya,44,QA Engineer,36133043
Siti Halim,52,Sales Executive,11315377
Budi Suryani,54,Customer Support,14903979
Lestari Gunawan,52,QA Engineer,11424402
Joko Firmansyah,20,UI/UX Designer,16135798
Eka Hidayat,38,UI/UX Designer,15284485
Nur Santoso,45,Sales Executive,36634657
Yanto Wibowo,40,Product Manager,26431495
Lestari Hidayat,19,Software Engineer,38320104
Zaki Santoso,24,Accountant,37746643
Budi Gunawan,21,QA Engineer,12988967
Umar Firmansyah,36,Software Engineer,7492818
Rina Rahayu,42,UI/UX Designer,34326481
Oki Suryani,55,Sales Executive,33693443
Zaki Firmansyah,45,Sales Executive,24687045
Indra Wijaya,34,Product Manager,44531812
Dewi Wijaya,38,HR Staff,13104202
Mega Nugroho,60,Marketing Specialist,34481898
Putri Pratama,28,Data Analyst,39947734
Citra Halim,38,Sales Executive,42778296
Andi Hidayat,28,Accountant,35335062
Gita Hidayat,43,Product Manager,13474222
Qori Setiawan,45,Software Engineer,10090471
Joko Santoso,27,Product Manager,9118338
Yanto Setiawan,29,QA Engineer,23400610
Tono Wibowo,48,Customer Support,28694023
Qori Nugroho,60,UI/UX Designer,7701375
Yanto Rahayu,28,Software Engineer,32322591
Yanto Pratama,51,HR Staff,12203114
Citra Firmansyah,26,Office Administrator,19398743
Siti Pratama,30,UI/UX Designer,17821844
Lestari Suryani,42,Customer Support,35311479
Lestari Nugroho,48,Product Manager,23988710
Nur Wijaya,47,Data Analyst,11126455
Hadi Kusuma,49,QA Engineer,12917499
Gita Nugroho,27,Operations Manager,44221971
Andi Firmansyah,45,Product Manager,11065714
Joko Kusuma,20,HR Staff,14891258
Budi Santoso,30,Marketing Specialist,30341219
Gita Setiawan,33,QA Engineer,44932141
Kiki Halim,18,Marketing Specialist,41593139
Rina Rahayu,40,Customer Support,26398781
Yanto Halim,31,Marketing Specialist,42929219
Tono Pratama,29,UI/UX Designer,8842936
Dewi Suryani,33,Operations Manager,17184063
Fitri Saputra,25,Product Manager,17753596
Siti Setiawan,52,Data Analyst,34137141
Yanto Nugroho,55,Product Manager,40226941
Gita Gunawan,53,Product Manager,31681491
Indra Setiawan,39,Marketing Specialist,8631393
Citra Wibowo,59,QA Engineer,18469958
Oki Gunawan,57,Office Administrator,31551934
Andi Suryani,47,Product Manager,18228246
Hadi Nugroho,41,QA Engineer,10792365
Kiki Wijaya,24,Customer Support,7409199
Nur Pratama,49,Sales Executive,5127500
Vina Wijaya,51,Accountant,13932003
Zaki Wijaya,31,HR Staff,22813623
Umar Pratama,29,UI/UX Designer,31828190
Umar Suryani,40,HR Staff,36253980
Fitri Suryani,47,Software Engineer,41347879
Andi Hidayat,56,Product Manager,7676980
Dewi Hidayat,42,Product Manager,41953280
Qori Rahayu,35,Data Analyst,15788320
Siti Hidayat,57,Marketing Specialist,38966025
Tono Santoso,34,Product Manager,42290832
Yanto Hidayat,29,Marketing Specialist,30618721
Fitri Saputra,60,Customer Support,42158130
Putri Firmansyah,25,UI/UX Designer,21600001
Qori Pratama,25,Software Engineer,24477118
Yanto Rahayu,30,Sales Executive,41345907
Zaki Saputra,45,Operations Manager,7894846
Gita Halim,41,Product Manager,7812902
Dewi Saputra,37,Software Engineer,8495530
Kiki Halim,20,Marketing Specialist,10565108
Rina Wibowo,28,Data Analyst,30094477
Yanto Wibowo,51,Office Administrator,15676950
Dewi Suryani,45,Operations Manager,17533282
Wati Gunawan,47,Office Administrator,32554448
Hadi Rahayu,34,UI/UX Designer,25446148
Wati Kusuma,60,Data Analyst,39125214
Tono Rahayu,35,Office Administrator,22854164
Lestari Kusuma,18,QA Engineer,38883508
Kiki Rahayu,18,Office Administrator,18057371
Kiki Pratama,41,Sales Executive,13141276
Qori Setiawan,28,Software Engineer,29845096
Siti Suryani,25,Sales Executive,43016069
Putri Pratama,39,UI/UX Designer,26327315
Yanto Wijaya,28,Sales Executive,42210363
Qori Pratama,28,UI/UX Designer,15762662
Kiki Gunawan,50,Office Administrator,43624712
Wati Wijaya,20,Accountant,15382110
Rina Wijaya,25,QA Engineer,16379464
Lestari Rahayu,19,Accountant,42111355
Gita Saputra,41,Accountant,41108524
Budi Wibowo,18,Product Manager,12188101
Qori Nugroho,34,Customer Support,5230378
Hadi Hidayat,54,Office Administrator,33812254
Fitri Suryani,19,Sales Executive,42282899
Qori Nugroho,43,Software Engineer,20249043
Budi Santoso,54,Data Analyst,4538994
Lestari Nugroho,27,Software Engineer,32554399
Lestari Kusuma,24,Marketing Specialist,23515011
Joko Pratama,32,HR Staff,36653619
Hadi Setiawan,42,Accountant,40338916
Tono Halim,37,Accountant,39234116
Wati Saputra,52,Operations Manager,35891885
Andi Rahayu,42,QA Engineer,12676395
Tono Rahayu,34,Product Manager,6028309
Umar Hidayat,40,QA Engineer,9375811
Fitri Gunawan,58,Customer Support,44346628
Umar Suryani,26,Marketing Specialist,42370060
Vina Nugroho,41,HR Staff,11536667
Nur Wibowo,45,Operations Manager,9852870
Fitri Pratama,20,Accountant,42903290
Rina Wibowo,27,Data Analyst,20239851
Joko Suryani,57,Data Analyst,17758179
Citra Nugroho,52,Data Analyst,13374768
Andi Hidayat,55,UI/UX Designer,16449872
Gita Saputra,43,Sales Executive,14195596
Lestari Firmansyah,53,Customer Support,42227628
Eka Pratama,46,HR Staff,21502295
Citra Saputra,23,Software Engineer,11776757
Gita Kusuma,51,Customer Support,9818348
Zaki Pratama,29,Sales Executive,34141377
Dewi Halim,18,Sales Executive,12486783
Dewi Kusuma,29,Operations Manager,32624548
Andi Santoso,30,Product Manager,29658284
Nur Wibowo,40,Marketing Specialist,41108827
Qori Rahayu,56,Customer Support,10864393
Indra Kusuma,21,Operations Manager,44883506
Hadi Gunawan,37,Office Administrator,40967972
Rina Halim,30,QA Engineer,22799413
Indra Firmansyah,40,HR Staff,36834927
Andi Saputra,43,UI/UX Designer,5255255
Citra Setiawan,55,Data Analyst,40595452
Qori Setiawan,49,Office Administrator,39651163
Wati Kusuma,31,Accountant,40390449
Putri Nugroho,18,QA Engineer,27744211
Fitri Rahayu,41,UI/UX Designer,8340027
Lestari Firmansyah,24,Marketing Specialist,17880275
Yanto Saputra,51,Accountant,28315305
Dewi Firmansyah,28,Data Analyst,31434349
Eka Kusuma,57,Data Analyst,41369860
Hadi Wijaya,23,HR Staff,9994917
Mega Rahayu,30,QA Engineer,35103412
Fitri Suryani,39,Data Analyst,29407881
Wati Saputra,45,Customer Support,38821168
Hadi Kusuma,42,Sales Executive,36391359
Siti Suryani,53,Marketing Specialist,14559192
Putri Gunawan,26,Data Analyst,4656238
Hadi Wijaya,19,QA Engineer,6947581
Dewi Setiawan,59,Customer Support,31762352
Umar Saputra,53,QA Engineer,12149622
Citra Setiawan,32,Operations Manager,5389258
Eka Suryani,57,Software Engineer,30163457
Vina Wibowo,35,Sales Executive,22808357
Citra Santoso,29,Software Engineer,33626292
Fitri Gunawan,44,Accountant,16730489
Lestari Suryani,40,Software Engineer,17779619
Andi Setiawan,28,Marketing Specialist,23383340
Qori Saputra,21,Customer Support,40488417
Budi Hidayat,39,QA Engineer,11759480
Vina Rahayu,60,Marketing Specialist,28131037
Yanto Pratama,55,HR Staff,15727289
Zaki Nugroho,32,Marketing Specialist,18883273
Mega Wibowo,59,UI/UX Designer,40814324
Andi Suryani,25,Product Manager,23003655
Yanto Saputra,44,Office Administrator,36964279
Joko Hidayat,51,Marketing Specialist,16870813
Dewi Firmansyah,18,Customer Support,24538799
Yanto Suryani,37,Customer Support,27497843
Tono Santoso,42,Marketing Specialist,19708428
Yanto Santoso,23,Office Administrator,12235175
Umar Firmansyah,45,HR Staff,42974687
Nur Nugroho,35,Sales Executive,41680325
Oki Wijaya,31,Product Manager,16699460
Kiki Pratama,56,Customer Support,19227270
Dewi Suryani,35,Software Engineer,16580937
Zaki Rahayu,58,Operations Manager,38940391
Oki Nugroho,50,Accountant,34130447
Budi Firmansyah,22,Office Administrator,34617532
Qori Santoso,26,Data Analyst,30024936
Hadi Firmansyah,29,Office Administrator,13469633
Budi Rahayu,57,Marketing Specialist,13664089
Nur Halim,54,Marketing Specialist,33821893
Indra Suryani,27,UI/UX Designer,23883968
Indra Suryani,33,HR Staff,12357261
Putri Nugroho,40,Product Manager,44303962
Gita Firmansyah,58,Software Engineer,28564236
Eka Halim,55,HR Staff,28299280
Gita Saputra,53,QA Engineer,39512067
Indra Hidayat,44,Customer Support,14269238
Umar Nugroho,18,Operations Manager,24332818
Oki Pratama,26,Operations Manager,14982505
Dewi Hidayat,19,Data Analyst,24048705
Citra Santoso,55,Operations Manager,40174462
Fitri Suryani,46,HR Staff,43723464
Andi Halim,40,Accountant,31451721
Putri Wijaya,30,Marketing Specialist,13254898
Dewi Setiawan,34,Software Engineer,33400035
Fitri Setiawan,58,Data Analyst,39219970
Fitri Setiawan,32,Software Engineer,25698410
Qori Firmansyah,19,Data Analyst,6675611
Siti Wijaya,57,QA Engineer,27626321
Nur Kusuma,50,Data Analyst,40289871
Rina Halim,22,Product Manager,4634320
Eka Suryani,24,Data Analyst,19580385
Oki Setiawan,41,Product Manager,12561099
Siti Wijaya,21,Product Manager,22494271
Fitri Rahayu,18,Customer Support,13974306
Putri Wijaya,44,Office Administrator,6368860
Dewi Rahayu,35,Data Analyst,39846429
Oki Hidayat,52,Marketing Specialist,29479639
Mega Kusuma,21,Accountant,34225517
Indra Pratama,40,Office Administrator,32483944
Dewi Pratama,39,UI/UX Designer,37314188
Citra Kusuma,18,Customer Support,37228405
Rina Saputra,36,Product Manager,10485802
Zaki Firmansyah,46,Operations Manager,38048035
Nur Firmansyah,44,Software Engineer,14766215
Budi Setiawan,59,HR Staff,36031568
Andi Halim,18,Product Manager,42539992
Wati Santoso,26,HR Staff,14696814
Andi Firmansyah,27,Data Analyst,42541251
Indra Hidayat,32,Customer Support,7325835
Siti Kusuma,57,Sales Executive,11814731
Citra Gunawan,32,Data Analyst,21545618
Wati Firmansyah,37,Accountant,6063239
Joko Setiawan,46,Product Manager,27105908
Kiki Nugroho,46,Product Manager,7184570
Indra Halim,58,UI/UX Designer,13751404
Yanto Halim,37,UI/UX Designer,37939403
Mega Wibowo,42,Marketing Specialist,22565102
Qori Nugroho,18,Data Analyst,30501071
Budi Hidayat,59,UI/UX Designer,36741870
Lestari Setiawan,23,Marketing Specialist,26019079
Tono Rahayu,47,Product Manager,30475478
Fitri Kusuma,42,Data Analyst,30278625
Vina Halim,56,Operations Manager,17857178
Indra Pratama,22,Operations Manager,18218171
Joko Firmansyah,48,Accountant,17961266
Nur Rahayu,44,Product Manager,42688098
Budi Suryani,29,Customer Support,23936467
Lestari Pratama,47,QA Engineer,7448779
Oki Wibowo,18,Customer Support,26349936
Umar Wibowo,58,Accountant,25788157
Joko Rahayu,38,Marketing Specialist,6753937
Gita Halim,52,Office Administrator,42865054
Tono Nugroho,22,UI/UX Designer,15076322
Zaki Rahayu,28,Marketing Specialist,21210786
Putri Rahayu,27,Office Administrator,37240742
Nur Nugroho,60,UI/UX Designer,28614833
Fitri Hidayat,44,Marketing Specialist,39119019
Fitri Suryani,20,Marketing Specialist,41295329
Oki Pratama,38,Product Manager,38262180
Gita Rahayu,30,QA Engineer,28181645
Rina Nugroho,60,Product Manager,10566933
Mega Firmansyah,31,Customer Support,22276395
Wati Halim,31,Office Administrator,36084990
Qori Rahayu,30,QA Engineer,26037782
Citra Gunawan,57,UI/UX Designer,26956574
Gita Firmansyah,28,QA Engineer,11638104
Fitri Saputra,34,QA Engineer,4818171
Umar Rahayu,48,UI/UX Designer,30921362
Tono Suryani,48,Customer Support,11397922
Eka Hidayat,37,Accountant,44599760
Gita Hidayat,48,Office Administrator,29949485
Joko Firmansyah,39,Marketing Specialist,35157748
Lestari Gunawan,29,Data Analyst,28833263
Tono Setiawan,51,Marketing Specialist,38236637
Qori Setiawan,26,Customer Support,25723789
Lestari Saputra,50,Office Administrator,36383306
Andi Gunawan,34,Accountant,16174902
Andi Halim,58,Accountant,11788617
Kiki Gunawan,56,Operations Manager,12989753
Tono Gunawan,47,Software Engineer,39657271
Vina Setiawan,51,Software Engineer,5478067
Budi Santoso,46,Operations Manager,5899012
Oki Kusuma,49,HR Staff,17452958
Budi Kusuma,59,Customer Support,15896100
Umar Wibowo,35,HR Staff,17117749
Dewi Kusuma,32,UI/UX Designer,16768052
Nur Nugroho,19,Accountant,21197585
Qori Wibowo,50,QA Engineer,11094374
Qori Gunawan,54,Product Manager,21420915
Nur Pratama,60,UI/UX Designer,14846310
Kiki Firmansyah,48,HR Staff,39976342
Wati Rahayu,57,Accountant,36215299
Tono Pratama,19,QA Engineer,34733755
Fitri Suryani,54,Marketing Specialist,32084920
Hadi Kusuma,49,Software Engineer,19821343
Qori Gunawan,40,Product Manager,39065135
Wati Santoso,49,Data Analyst,6455941
Andi Saputra,19,Software Engineer,35155033
Rina Nugroho,35,Customer Support,34172865
Qori Suryani,20,Accountant,44719745
Eka Gunawan,26,Product Manager,18205335
Rina Santoso,43,Office Administrator,21546026
Budi Saputra,43,Product Manager,40222314
Gita Rahayu,19,Product Manager,23991537
Mega Hidayat,53,Sales Executive,24505147
Gita Nugroho,54,QA Engineer,32596155
Eka Rahayu,28,UI/UX Designer,4004256
Kiki Saputra,51,Accountant,21620388
Nur Gunawan,41,Data Analyst,34808572
Mega Nugroho,40,Operations Manager,19311931
Vina Wibowo,38,Operations Manager,30720337
Rina Halim,57,Software Engineer,30792918
Kiki Suryani,55,HR Staff,37655633
Qori Nugroho,58,Customer Support,40013606
Gita Wibowo,41,UI/UX Designer,4756453
Umar Kusuma,47,Product Manager,44445046
Andi Wijaya,27,Sales Executive,30700351
Yanto Saputra,26,Data Analyst,33607700
Rina Kusuma,32,Customer Support,21357510
Putri Halim,60,Operations Manager,11771352
Siti Halim,41,Data Analyst,4147996
Andi Firmansyah,59,Customer Support,39526618
Budi Wijaya,20,Operations Manager,12922948
Fitri Gunawan,55,Office Administrator,21420444
Zaki Halim,21,QA Engineer,14285469
Yanto Hidayat,41,Marketing Specialist,27885576
Zaki Setiawan,38,UI/UX Designer,18029208
Budi Pratama,47,Marketing Specialist,39798720
Siti Firmansyah,42,Data Analyst,25655578
Dewi Firmansyah,24,Operations Manager,40186193
Oki Suryani,30,Software Engineer,11000205
Indra Firmansyah,59,UI/UX Designer,43693682
Joko Saputra,41,UI/UX Designer,28903031
Siti Saputra,31,Accountant,22473909
Tono Kusuma,24,Product Manager,8393021
Yanto Nugroho,34,Data Analyst,13752556
Nur Hidayat,20,Office Administrator,5297362
Rina Rahayu,59,Data Analyst,27811297
Dewi Setiawan,45,Operations Manager,33076732
Qori Kusuma,57,HR Staff,37507911
Mega Wijaya,37,Product Manager,38476999
Dewi Hidayat,23,Data Analyst,38951113
Putri Wibowo,27,Software Engineer,15614727
Budi Pratama,39,Sales Executive,11628515
Budi Saputra,24,Customer Support,36770024
Umar Halim,34,HR Staff,34660791
Tono Pratama,48,Data Analyst,21399560
Yanto Firmansyah,33,Sales Executive,34774306
Mega Halim,20,HR Staff,41411528
Indra Saputra,21,HR Staff,33649779
Yanto Nugroho,24,Office Administrator,44002873
Rina Nugroho,20,QA Engineer,6947439
Putri Halim,25,Accountant,22877280
Kiki Nugroho,41,Software Engineer,27539993
Budi Nugroho,49,Customer Support,37391355
Oki Saputra,34,QA Engineer,11129098
Lestari Firmansyah,48,UI/UX Designer,37825435
Lestari Saputra,34,UI/UX Designer,10350080
Fitri Suryani,50,Sales Executive,10565276
Lestari Halim,44,Marketing Specialist,30576521
Gita Suryani,47,Marketing Specialist,42117986
Dewi Saputra,55,Operations Manager,6247857
Fitri Gunawan,33,Marketing Specialist,41241831
Wati Pratama,22,UI/UX Designer,34695383
Rina Rahayu,54,Software Engineer,9318782
Hadi Hidayat,35,Office Administrator,13412805
Andi Santoso,37,Office Administrator,40819033
Budi Santoso,45,Data Analyst,19455832
Hadi Santoso,53,Product Manager,4637184
Citra Nugroho,38,UI/UX Designer,42779946
Hadi Firmansyah,19,QA Engineer,13125991
Zaki Setiawan,26,Accountant,36482109
Nur Wijaya,51,Accountant,19073489
Indra Rahayu,26,Marketing Specialist,27076307
Rina Firmansyah,52,Sales Executive,37301671
Vina Kusuma,60,HR Staff,29197133
Rina Kusuma,36,Sales Executive,13537499
Kiki Halim,30,Accountant,20800426
Rina Suryani,45,Software Engineer,42903611
Gita Santoso,18,HR Staff,18787002
Andi Kusuma,32,QA Engineer,16412020
Lestari Gunawan,29,Product Manager,43576735
Eka Gunawan,30,Software Engineer,22047609
Rina Halim,53,Sales Executive,22600911
Oki Halim,27,Marketing Specialist,34910125
Fitri Gunawan,32,Marketing Specialist,25847988
Gita Wibowo,31,QA Engineer,7390528
Lestari Firmansyah,34,Data Analyst,25606340
Fitri Saputra,53,QA Engineer,38289492
Kiki Pratama,23,Product Manager,39927404
Zaki Pratama,19,Marketing Specialist,34616984
Andi Halim,34,Office Administrator,35724765
Siti Setiawan,19,Marketing Specialist,41151683
Fitri Hidayat,43,Data Analyst,8544932
Hadi Wijaya,51,Marketing Specialist,39229466
Putri Rahayu,57,Product Manager,21773837
Rina Pratama,45,QA Engineer,5098523
Lestari Gunawan,18,Accountant,35760765
Qori Wibowo,51,Data Analyst,40497428
Nur Wibowo,52,Product Manager,38151302
Mega Saputra,41,Product Manager,36863133
Zaki Kusuma,53,Product Manager,10839274
Lestari Saputra,22,Software Engineer,14131907
Andi Wijaya,28,Customer Support,25854503
Fitri Suryani,31,Product Manager,10142845
Mega Pratama,57,Software Engineer,42361362
Kiki Pratama,33,Customer Support,33491532
Eka Setiawan,22,Sales Executive,26602397
Eka Rahayu,54,Customer Support,36764406
Nur Rahayu,28,Accountant,10903306
Nur Nugroho,42,Customer Support,15748122
Joko Saputra,24,Sales Executive,6324696
Eka Pratama,57,Marketing Specialist,31846368
Kiki Hidayat,37,Software Engineer,30086260
Andi Kusuma,43,Operations Manager,21121275
Joko Setiawan,42,Software Engineer,41441922
Rina Hidayat,25,Customer Support,23634666
Dewi Setiawan,21,Customer Support,7990444
Fitri Pratama,31,Office Administrator,5592715
Oki Firmansyah,49,Software Engineer,18372361
Nur Suryani,44,Accountant,10462481
Umar Firmansyah,43,Customer Support,32747245
Dewi Wibowo,41,HR Staff,33242266
Budi Saputra,49,QA Engineer,26663711
Kiki Halim,37,UI/UX Designer,4884733
Umar Hidayat,55,Product Manager,38718340
Lestari Halim,60,Product Manager,43406781
Dewi Suryani,46,Data Analyst,34536758
Joko Wijaya,33,Marketing Specialist,12132715
Oki Hidayat,42,Customer Support,21305449
Putri Kusuma,55,Product Manager,14740163
Joko Wijaya,22,QA Engineer,19004272
Mega Santoso,52,UI/UX Designer,30481126
Qori Gunawan,60,UI/UX Designer,41589666
Yanto Saputra,40,Customer Support,35185208
Mega Wijaya,37,HR Staff,43323652
Zaki Firmansyah,52,Software Engineer,32780674
Joko Rahayu,33,Software Engineer,30528010
Kiki Suryani,25,UI/UX Designer,36861563
Dewi Setiawan,25,HR Staff,31219655
Dewi Rahayu,59,Customer Support,17184134
Nur Santoso,21,Marketing Specialist,20422521
Joko Halim,35,Software Engineer,27933530
Indra Kusuma,55,HR Staff,22047737
Nur Wibowo,47,Accountant,40394545
Yanto Pratama,27,UI/UX Designer,38073531
Oki Wibowo,48,QA Engineer,8276790
Indra Suryani,20,UI/UX Designer,9998048
Tono Saputra,48,Accountant,8292923
Kiki Kusuma,20,Software Engineer,26868002
Zaki Firmansyah,53,Accountant,27453643
Andi Wijaya,49,UI/UX Designer,27134425
Kiki Halim,24,HR Staff,9070059
Mega Wibowo,42,Data Analyst,24501689
Dewi Nugroho,35,Operations Manager,33679387
Fitri Halim,46,Data Analyst,28894061
Dewi Wijaya,41,Operations Manager,40819226
Oki Wibowo,54,Software Engineer,27689236
Andi Pratama,54,Customer Support,44828734
Hadi Santoso,32,Sales Executive,28500439
Andi Saputra,39,Software Engineer,42280788
Joko Hidayat,53,HR Staff,14026216
Indra Rahayu,45,UI/UX Designer,5953386
Hadi Santoso,30,Marketing Specialist,8557205
Nur Santoso,42,Accountant,25418441
Budi Setiawan,18,Operations Manager,18487296
Joko Wibowo,54,Operations Manager,32858407
Citra Santoso,27,Customer Support,11752992
Citra Kusuma,38,HR Staff,22162950
Tono Setiawan,49,Sales Executive,26455342
Lestari Setiawan,53,QA Engineer,41842006
Citra Firmansyah,20,Sales Executive,12732139
Indra Gunawan,57,Operations Manager,9041975
Tono Firmansyah,25,Accountant,31217307
Hadi Wibowo,30,UI/UX Designer,7819936
Rina Setiawan,23,Office Administrator,22518061
Zaki Wijaya,55,UI/UX Designer,43611712
Lestari Santoso,57,Office Administrator,11912130
Mega Setiawan,44,Accountant,8586152
Siti Gunawan,32,Customer Support,24433001
Mega Hidayat,32,UI/UX Designer,24421602
Rina Santoso,23,Office Administrator,40639586
Oki Wijaya,36,Customer Support,44294660
Andi Setiawan,25,Operations Manager,42736107
Putri Santoso,24,Sales Executive,43663422
Joko Wijaya,24,Accountant,16708752
Mega Pratama,48,QA Engineer,31269072
Hadi Saputra,50,Sales Executive,16084172
Oki Saputra,34,Product Manager,12236821
Andi Rahayu,22,Office Administrator,6732737
Indra Gunawan,50,Office Administrator,36311991
Mega Suryani,49,Marketing Specialist,36393401
Fitri Suryani,28,UI/UX Designer,35535386
Eka Hidayat,58,QA Engineer,18732919
Dewi Suryani,40,Operations Manager,6158475
Hadi Rahayu,20,Accountant,41943667
Umar Halim,41,Software Engineer,10659459
Nur Setiawan,37,Customer Support,22132802
Qori Suryani,23,Accountant,37260974
Qori Kusuma,40,QA Engineer,10646700
Umar Pratama,20,Product Manager,33621959
Putri Suryani,29,Software Engineer,25445355
Indra Kusuma,43,Sales Executive,36487340
Siti Saputra,59,Sales Executive,36895112
Indra Setiawan,40,Marketing Specialist,34878818
Vina Halim,24,HR Staff,14574600
Zaki Santoso,54,Data Analyst,18244322
Vina Rahayu,32,Customer Support,40442837
Siti Rahayu,54,Sales Executive,36340475
Yanto Pratama,45,Software Engineer,14122212
Indra Halim,39,Data Analyst,35568298
Umar Hidayat,39,Data Analyst,19611816
Kiki Kusuma,56,Sales Executive,4133594
Kiki Nugroho,47,Office Administrator,36625403
Wati Setiawan,43,Software Engineer,25553807
Budi Santoso,36,QA Engineer,18171832
Yanto Kusuma,59,Office Administrator,43223803
Zaki Pratama,25,Software Engineer,26917601
Gita Wibowo,47,Office Administrator,29527965
Gita Nugroho,21,Software Engineer,13565715
Qori Santoso,37,Accountant,37518306
Wati Hidayat,54,Marketing Specialist,24265342
Tono Pratama,39,Office Administrator,25167011
Fitri Pratama,59,HR Staff,28378884
Budi Saputra,54,Sales Executive,6522268
Oki Gunawan,24,UI/UX Designer,11269685
Rina Halim,50,Product Manager,40106887
Lestari Setiawan,24,UI/UX Designer,36291109
Vina Setiawan,22,Operations Manager,30812371
Hadi Rahayu,28,Operations Manager,7872317
Zaki Halim,56,Marketing Specialist,22024684
Lestari Pratama,36,Customer Support,4469689
Eka Nugroho,60,Sales Executive,17864091
Zaki Kusuma,32,Accountant,12901224
Putri Gunawan,46,QA Engineer,9705224
Tono Firmansyah,20,Customer Support,21770025
Hadi Nugroho,57,Data Analyst,34490987
Gita Saputra,51,Data Analyst,19665634
Dewi Rahayu,37,Marketing Specialist,15797737
Andi Saputra,25,Marketing Specialist,36731536
Budi Kusuma,18,Product Manager,32830030
Nur Nugroho,27,Sales Executive,29734383
Indra Hidayat,46,QA Engineer,41599935
Zaki Suryani,35,QA Engineer,40483871
Zaki Gunawan,23,Sales Executive,28837395
Joko Wijaya,50,HR Staff,20238848
Putri Rahayu,38,Operations Manager,29012842
Kiki Wibowo,35,Software Engineer,26360311
Kiki Rahayu,34,Marketing Specialist,15255196
Rina Nugroho,25,Customer Support,13987159
Joko Wijaya,35,Sales Executive,43594615
Andi Nugroho,39,Data Analyst,31844227
Mega Setiawan,33,Software Engineer,27320876
Indra Santoso,51,Sales Executive,28267539
Wati Wibowo,37,HR Staff,32712392
Indra Halim,21,HR Staff,20499604
Zaki Nugroho,45,Operations Manager,44916743
Fitri Wibowo,53,Operations Manager,32911071
Putri Firmansyah,43,Sales Executive,35658925
Gita Kusuma,26,HR Staff,38182210
Joko Rahayu,45,Operations Manager,33399448
Zaki Wibowo,21,Accountant,8662363
Rina Hidayat,43,Sales Executive,24142559
Tono Pratama,53,Customer Support,39918812
Citra Saputra,50,Software Engineer,36993884
Zaki Firmansyah,38,Product Manager,31622413
Indra Hidayat,37,Office Administrator,28340722
Nur Pratama,58,HR Staff,33319549
Nur Halim,18,Data Analyst,12964115
Budi Nugroho,18,Data Analyst,12787004
Oki Nugroho,50,Product Manager,36696251
Citra Wibowo,47,Operations Manager,37670064
Andi Wijaya,28,Product Manager,14046525
Joko Suryani,35,QA Engineer,40862976
Dewi Halim,43,Office Administrator,16118109
Yanto Hidayat,38,UI/UX Designer,21913551
Hadi Nugroho,56,UI/UX Designer,41361382
Eka Pratama,42,Marketing Specialist,30271306
Qori Rahayu,50,Accountant,13541773
Gita Firmansyah,28,Software Engineer,16024250
Zaki Kusuma,26,Accountant,16888669
Joko Suryani,59,Customer Support,38720524
Wati Pratama,21,Data Analyst,11793202
Vina Santoso,43,QA Engineer,33012200
Hadi Saputra,35,Office Administrator,33681880
Nur Setiawan,52,Data Analyst,19439214
Tono Kusuma,57,Operations Manager,37872162
Citra Setiawan,44,Marketing Specialist,29506806
Tono Setiawan,50,Software Engineer,31003681
Citra Suryani,27,Accountant,4970812
Rina Suryani,45,QA Engineer,16372287
Kiki Hidayat,58,Customer Support,10613943
Oki Kusuma,60,HR Staff,21704273
Nur Kusuma,23,UI/UX Designer,29702348
Fitri Gunawan,34,Operations Manager,43516861
Putri Setiawan,56,Data Analyst,9075354
Citra Firmansyah,51,Sales Executive,24105518
Lestari Rahayu,30,UI/UX Designer,8962022
Budi Halim,42,Product Manager,22087049
Indra Pratama,35,Office Administrator,9475448
Eka Gunawan,47,UI/UX Designer,17428761
Umar Pratama,47,Software Engineer,16811988
Nur Setiawan,28,Sales Executive,41823080
Dewi Halim,46,Sales Executive,7647068
Indra Gunawan,34,Accountant,23753390
Nur Santoso,24,Sales Executive,23804844
Citra Rahayu,31,Sales Executive,15983510
Andi Saputra,35,QA Engineer,24226827
Gita Wibowo,25,Operations Manager,40580049
Wati Gunawan,52,Sales Executive,39221508
Gita Santoso,34,QA Engineer,4814563
Budi Setiawan,59,Product Manager,31031120
Wati Nugroho,27,Accountant,24028461
Wati Setiawan,27,Office Administrator,31938064
Tono Wibowo,21,Software Engineer,24254321
Siti Suryani,59,Product Manager,37872579
Indra Firmansyah,23,QA Engineer,23306311
Nur Firmansyah,47,Product Manager,39582696
Qori Suryani,36,Customer Support,34413632
Gita Wijaya,33,UI/UX Designer,9431757
Oki Gunawan,44,Office Administrator,36102872
Gita Gunawan,38,Product Manager,11506572
Oki Nugroho,36,Office Administrator,6952191
Oki Firmansyah,49,Sales Executive,14604939
Wati Santoso,26,Software Engineer,12070354
Joko Rahayu,35,Office Administrator,43926913
Nur Rahayu,38,Operations Manager,39862256
Gita Santoso,59,Customer Support,17943454
Zaki Pratama,31,HR Staff,4944771
Hadi Halim,21,Customer Support,15626306
Umar Halim,23,UI/UX Designer,9071085
Putri Gunawan,54,Data Analyst,15577409
Wati Nugroho,59,Office Administrator,29014159
Oki Nugroho,47,Sales Executive,11941731
Wati Saputra,22,Sales Executive,23011947
Hadi Firmansyah,25,UI/UX Designer,26406114
Siti Kusuma,43,Customer Support,21082580
Dewi Firmansyah,33,Accountant,11081025
Budi Wijaya,40,Sales Executive,11927318
Tono Suryani,60,Product Manager,37877217
Oki Kusuma,38,Operations Manager,35548423
Mega Wibowo,39,UI/UX Designer,27776224
Oki Setiawan,26,HR Staff,41975682
Citra Setiawan,47,Office Administrator,33009365
Hadi Nugroho,46,HR Staff,22468663
Tono Rahayu,28,Marketing Specialist,38360434
Andi Firmansyah,41,Operations Manager,23439513
Putri Santoso,28,QA Engineer,29225569
Andi Wibowo,54,Customer Support,9544072
Lestari Hidayat,45,Operations Manager,16003934
Kiki Firmansyah,54,Marketing Specialist,16051767
Gita Nugroho,40,Sales Executive,24546331
Lestari Firmansyah,32,Marketing Specialist,39992839
Putri Suryani,43,QA Engineer,30613614
Qori Setiawan,48,Data Analyst,5446392
Fitri Setiawan,46,Office Administrator,44165822
Wati Kusuma,29,Software Engineer,11417199
Gita Rahayu,26,Accountant,6772472
Kiki Setiawan,25,HR Staff,6222412
Citra Setiawan,47,QA Engineer,13874546
Budi Nugroho,28,Sales Executive,18688097
Lestari Halim,22,Product Manager,32543295
Yanto Saputra,45,Office Administrator,17673434
Siti Kusuma,56,QA Engineer,19704262
Nur Setiawan,58,QA Engineer,26863243
Siti Santoso,58,Customer Support,20890286
Tono Hidayat,36,UI/UX Designer,25213680
Wati Pratama,35,UI/UX Designer,35377357
Zaki Firmansyah,57,Office Administrator,4636120
Gita Gunawan,47,Operations Manager,21665882
Vina Wibowo,52,Office Administrator,27989615
Qori Suryani,56,Sales Executive,34975940
Indra Setiawan,24,Office Administrator,10591585
Oki Nugroho,20,UI/UX Designer,29901795
Oki Rahayu,35,Operations Manager,35023912
Citra Wibowo,60,HR Staff,21959932
Dewi Hidayat,43,QA Engineer,34623688
Rina Kusuma,50,Marketing Specialist,41848358
Siti Firmansyah,58,Accountant,29389923
Qori Firmansyah,48,Data Analyst,38531458
Dewi Nugroho,21,Data Analyst,9332510
Andi Wijaya,33,Accountant,11113264
Lestari Rahayu,25,Marketing Specialist,43197733
Rina Nugroho,29,Office Administrator,27837066
Oki Wibowo,53,Customer Support,13745031
Eka Hidayat,28,QA Engineer,18960166
Oki Rahayu,35,Data Analyst,33975882
Wati Hidayat,38,Sales Executive,38911560
Oki Wijaya,58,Accountant,39905060
Nur Setiawan,53,UI/UX Designer,18380106
Andi Saputra,27,Data Analyst,27035414
Kiki Rahayu,52,Marketing Specialist,44375047
Gita Wijaya,45,HR Staff,33557016
Budi Gunawan,58,Data Analyst,23610871
Budi Pratama,26,Sales Executive,9822382
Wati Kusuma,32,Sales Executive,36370487
Lestari Gunawan,31,Sales Executive,20790635
Hadi Halim,46,Data Analyst,27803881
Lestari Rahayu,35,QA Engineer,38898144
Qori Suryani,58,UI/UX Designer,39366647
Kiki Saputra,37,HR Staff,36707587
Yanto Wijaya,39,UI/UX Designer,28358061
Joko Saputra,36,Office Administrator,40822586
Qori Halim,52,QA Engineer,18624102
Yanto Setiawan,51,HR Staff,25861296
Rina Rahayu,20,Data Analyst,11908383
Mega Suryani,36,Accountant,38158565
Hadi Setiawan,24,Data Analyst,11124942
Citra Firmansyah,18,QA Engineer,38841234
Budi Kusuma,23,Software Engineer,42843584
Vina Wijaya,45,Accountant,35377166
Vina Suryani,44,Operations Manager,22149182
Hadi Gunawan,19,Sales Executive,12401206
Gita Pratama,32,QA Engineer,42274671
Citra Pratama,26,Data Analyst,21398546
Kiki Kusuma,55,Data Analyst,6125708
Qori Firmansyah,24,QA Engineer,40285471
Hadi Gunawan,56,Accountant,12793029
Eka Firmansyah,59,Software Engineer,16221654
Siti Rahayu,48,Product Manager,35673242
Rina Kusuma,34,Accountant,36193361
Eka Wibowo,42,Sales Executive,39368633
Oki Saputra,39,QA Engineer,44381057
Budi Pratama,23,Sales Executive,21916259
Dewi Halim,60,Customer Support,12524953
Qori Wibowo,46,Software Engineer,19553435
Budi Santoso,39,Product Manager,25039115
Rina Wijaya,33,Marketing Specialist,24062089
Oki Kusuma,56,Sales Executive,7778665
Oki Hidayat,51,Customer Support,38440668
Gita Pratama,28,Office Administrator,20528752
Hadi Saputra,35,Sales Executive,17438024
Fitri Nugroho,41,Software Engineer,25983689
Putri Gunawan,36,UI/UX Designer,41025021
Rina Rahayu,19,Operations Manager,43951043
Qori Nugroho,55,Office Administrator,35728038
Oki Pratama,40,UI/UX Designer,41042866
Kiki Hidayat,24,QA Engineer,10243125
Dewi Pratama,40,UI/UX Designer,26469572
Hadi Halim,29,QA Engineer,38762699
Zaki Gunawan,32,Sales Executive,15127473
Eka Wijaya,21,Operations Manager,39036488
Lestari Halim,44,Marketing Specialist,21248148
Putri Nugroho,27,Office Administrator,17352518
Eka Rahayu,42,Sales Executive,36227663
Kiki Saputra,51,Accountant,27570325
Kiki Wijaya,42,Data Analyst,28149594
Fitri Nugroho,43,Marketing Specialist,5424015
Siti Rahayu,36,Office Administrator,36996030
Lestari Santoso,37,Data Analyst,17069081
Nur Gunawan,57,HR Staff,16618114
Hadi Halim,41,Customer Support,8668492
Hadi Gunawan,50,Customer Support,31861419
Mega Firmansyah,38,Office Administrator,39858691
Hadi Wijaya,47,Operations Manager,42541105
Umar Hidayat,56,Sales Executive,8253092
Qori Kusuma,44,Data Analyst,38299062
Mega Rahayu,25,Marketing Specialist,12322657
Joko Pratama,29,QA Engineer,6390129
Lestari Nugroho,41,Software Engineer,33845598
Budi Kusuma,41,Marketing Specialist,38978575
Umar Nugroho,38,Office Administrator,8513553
Rina Hidayat,32,Customer Support,22218799
Gita Hidayat,43,QA Engineer,35289838
Qori Nugroho,22,UI/UX Designer,41066075
Citra Hidayat,57,UI/UX Designer,37086571
Dewi Santoso,54,Accountant,33433380
Fitri Kusuma,41,Customer Support,41401767
Gita Hidayat,59,Sales Executive,17552860
Tono Pratama,44,Office Administrator,30896590
Umar Nugroho,49,Customer Support,32636296
Yanto Rahayu,56,HR Staff,7310846
Eka Firmansyah,52,QA Engineer,37654830
Andi Halim,55,HR Staff,7926212
Kiki Pratama,30,Operations Manager,34743931
Oki Halim,45,Accountant,37399930
Wati Santoso,32,Customer Support,24631867
Eka Hidayat,34,Operations Manager,9650432
Vina Gunawan,24,Sales Executive,13828481
Citra Santoso,28,UI/UX Designer,13964741
Oki Nugroho,50,Product Manager,16472215
Yanto Wibowo,54,Marketing Specialist,27520766
Budi Pratama,45,Marketing Specialist,21752714
Yanto Nugroho,58,Software Engineer,6243511
Eka Firmansyah,58,Product Manager,8253704
Hadi Hidayat,37,Sales Executive,28806730
Andi Suryani,33,Data Analyst,44746365
Kiki Hidayat,59,QA Engineer,26553536
Wati Pratama,22,UI/UX Designer,30659541
Wati Setiawan,18,Sales Executive,6176158
Hadi Hidayat,47,HR Staff,39707593
Eka Rahayu,35,Office Administrator,36188425
Andi Saputra,56,Software Engineer,40334330
Putri Santoso,39,QA Engineer,10329809
Putri Setiawan,36,Sales Executive,36594425
Rina Halim,26,Product Manager,11800648
Gita Gunawan,36,Operations Manager,10182001
Kiki Wijaya,26,Customer Support,32526030
Yanto Rahayu,30,QA Engineer,5656092
Citra Kusuma,37,Sales Executive,27942317
Fitri Suryani,39,Accountant,11723677
Mega Hidayat,46,Office Administrator,41236255
Zaki Gunawan,45,Data Analyst,29966415
Lestari Halim,19,Customer Support,12891805
Eka Rahayu,20,Software Engineer,42242989
Zaki Setiawan,35,Customer Support,9792700
Umar Kusuma,19,Operations Manager,18537552
Zaki Santoso,38,HR Staff,21272003
Vina Halim,18,Marketing Specialist,28277694
Fitri Pratama,21,Sales Executive,10916505
Oki Firmansyah,33,Accountant,37766121
Kiki Wibowo,37,Product Manager,30529329
Wati Halim,28,Marketing Specialist,24322665
Gita Hidayat,55,Product Manager,42615248
Indra Wibowo,38,Accountant,15064239
Lestari Halim,51,Office Administrator,30498210
Budi Setiawan,23,UI/UX Designer,21268295
Lestari Halim,59,Data Analyst,43936441
Nur Pratama,26,QA Engineer,22087621
Rina Halim,34,Marketing Specialist,9204527
Umar Rahayu,42,QA Engineer,40204496
Andi Halim,40,Marketing Specialist,16039796
Eka Pratama,32,Operations Manager,13927662
Yanto Pratama,49,Software Engineer,6524302
Fitri Suryani,53,Accountant,24878108
Citra Wibowo,56,Operations Manager,20671955
Andi Nugroho,39,QA Engineer,5358582
Tono Rahayu,58,Data Analyst,11959690
Siti Suryani,33,Product Manager,29911475
Umar Pratama,38,UI/UX Designer,26066695
Zaki Kusuma,42,Accountant,17731358
Oki Gunawan,20,HR Staff,8752714
Mega Rahayu,21,Product Manager,29274065
Nur Wijaya,41,Customer Support,19015788
Dewi Hidayat,35,HR Staff,29903890
Kiki Gunawan,35,Software Engineer,12509177
Nur Santoso,45,UI/UX Designer,40036406
Budi Rahayu,51,Accountant,25851495
Putri Rahayu,19,UI/UX Designer,6671649
Kiki Suryani,18,HR Staff,44551686
Gita Suryani,18,Product Manager,27034937
Kiki Wibowo,45,Software Engineer,39479544
Budi Nugroho,24,Software Engineer,7298570
Indra Suryani,30,Data Analyst,15728432
Vina Gunawan,30,Software Engineer,15767384
Qori Wibowo,18,Product Manager,21269722
Citra Hidayat,22,Operations Manager,10113844
Nur Hidayat,52,Product Manager,12045568
Zaki Rahayu,44,Product Manager,8690414
Eka Wibowo,29,Sales Executive,6172603
Budi Setiawan,55,HR Staff,7102689
Mega Gunawan,48,Product Manager,24025376
Vina Gunawan,59,Data Analyst,13960070
Wati Suryani,41,Sales Executive,25815421
Andi Wibowo,43,Sales Executive,34300813
Lestari Kusuma,33,HR Staff,36421669
Lestari Pratama,55,QA Engineer,5021379
Fitri Saputra,39,UI/UX Designer,43406065
Joko Firmansyah,23,Operations Manager,31113891
Putri Saputra,32,Accountant,8529898
Zaki Halim,23,Marketing Specialist,34185889
Yanto Kusuma,50,Accountant,23778070
Rina Kusuma,27,Marketing Specialist,21404144
Vina Pratama,39,Product Manager,19977121
Rina Gunawan,22,Accountant,37176374
Budi Gunawan,36,Operations Manager,20800042
Citra Gunawan,29,Marketing Specialist,24081952
Putri Halim,27,UI/UX Designer,29391405
Qori Wijaya,38,Operations Manager,16102964
Eka Firmansyah,26,Office Administrator,23437537
Wati Halim,53,HR Staff,11344822
Hadi Kusuma,19,Sales Executive,31466029
Indra Pratama,31,Data Analyst,17001994
Eka Rahayu,47,Customer Support,37736863
Eka Firmansyah,47,Marketing Specialist,20218072
Kiki Wijaya,25,Data Analyst,31817379
Hadi Pratama,38,Customer Support,20489685
Eka Rahayu,38,Accountant,22349490
Siti Saputra,54,QA Engineer,32698722
Kiki Rahayu,18,HR Staff,30318741
Joko Halim,35,Operations Manager,16937313
Oki Rahayu,58,Operations Manager,28071163
Siti Rahayu,32,Software Engineer,43346266
Oki Firmansyah,60,Customer Support,7691361
Dewi Rahayu,41,Sales Executive,25059224
Andi Saputra,20,Data Analyst,10661815
Gita Wijaya,52,Sales Executive,27988541
Joko Rahayu,33,Customer Support,16093981
Mega Nugroho,53,Sales Executive,8066475
Citra Nugroho,60,Office Administrator,5953074
Dewi Gunawan,29,HR Staff,29694247
Vina Firmansyah,19,Software Engineer,37323418
Andi Firmansyah,45,UI/UX Designer,27192743
Kiki Suryani,39,Product Manager,23546872
Oki Gunawan,22,Operations Manager,29406551
Zaki Gunawan,35,Product Manager,39249750
Dewi Wijaya,19,Customer Support,39307186
Vina Wibowo,44,Office Administrator,12815256
Gita Saputra,41,Office Administrator,13264033
Andi Saputra,37,Office Administrator,14634679
Zaki Firmansyah,40,HR Staff,13326763
Tono Santoso,47,HR Staff,25564252
Wati Pratama,23,Data Analyst,5825465
Vina Gunawan,37,Marketing Specialist,9492556
Eka Pratama,29,QA Engineer,31980571
Fitri Firmansyah,19,UI/UX Designer,23998821
Rina Firmansyah,54,Marketing Specialist,14482360
Budi Kusuma,37,Marketing Specialist,18365633
Qori Hidayat,37,Customer Support,12616812
Oki Wijaya,29,HR Staff,8689782
Mega Gunawan,48,Software Engineer,34615030
Mega Pratama,21,QA Engineer,28620559
Putri Pratama,55,Office Administrator,33871741
Nur Kusuma,41,HR Staff,25342888
Lestari Halim,20,HR Staff,26367993
Lestari Setiawan,31,QA Engineer,16888837
Mega Setiawan,56,Sales Executive,16575143
Yanto Rahayu,35,Data Analyst,38090697
Mega Santoso,26,Software Engineer,41062301
Kiki Wijaya,33,Sales Executive,17938068
Lestari Kusuma,36,Customer Support,11925415
Dewi Wibowo,23,Office Administrator,42478870
Putri Santoso,27,Data Analyst,12726983
Kiki Wijaya,34,QA Engineer,14870345
Zaki Wijaya,56,HR Staff,10970814
Eka Santoso,56,Data Analyst,14781950
Fitri Kusuma,36,Operations Manager,9667627
Andi Firmansyah,18,Marketing Specialist,26936444
Fitri Santoso,23,Sales Executive,31251176
Hadi Nugroho,37,Product Manager,16000043
Kiki Santoso,52,Data Analyst,29095982
Yanto Hidayat,29,QA Engineer,8184203
Rina Rahayu,60,UI/UX Designer,4311964
Putri Pratama,27,QA Engineer,26190322
Andi Halim,38,UI/UX Designer,5508367
Hadi Rahayu,28,Customer Support,15362891
Budi Suryani,25,Product Manager,33856759
Fitri Rahayu,31,Operations Manager,15217623
Putri Wibowo,24,Software Engineer,42663834
Wati Pratama,27,Data Analyst,8767657
Budi Wibowo,34,Sales Executive,44319565
Vina Saputra,36,Software Engineer,36997607
Nur Setiawan,19,UI/UX Designer,29131718
Andi Wibowo,38,Operations Manager,9783643
Andi Suryani,24,Product Manager,28223372
Joko Kusuma,44,Customer Support,35655120
Qori Hidayat,27,Marketing Specialist,39765194
Putri Santoso,23,Office Administrator,15589338
Siti Gunawan,48,Marketing Specialist,44551439
Joko Santoso,39,Accountant,24430397
Fitri Wibowo,21,Accountant,28694756
Zaki Setiawan,52,UI/UX Designer,25892417
Mega Suryani,46,HR Staff,42018945
Indra Saputra,23,UI/UX Designer,10888267
Yanto Nugroho,19,Product Manager,11596641
Eka Nugroho,55,Office Administrator,5067601
Andi Kusuma,42,Customer Support,39915683
Eka Pratama,60,Office Administrator,39866484
Umar Nugroho,55,HR Staff,9162721
Lestari Kusuma,25,Product Manager,14810129
Qori Setiawan,35,HR Staff,42393271
Lestari Gunawan,57,Marketing Specialist,16057094
Rina Rahayu,43,HR Staff,32758956
Yanto Pratama,19,Sales Executive,35367408
Zaki Firmansyah,19,Software Engineer,17038210
Tono Setiawan,42,Customer Support,5579354
Budi Firmansyah,52,Software Engineer,33513933
Andi Nugroho,44,Office Administrator,41331376
Mega Saputra,42,Customer Support,39547447
Gita Pratama,56,Sales Executive,38673796
Tono Gunawan,55,Data Analyst,41182436
Umar Saputra,58,UI/UX Designer,43000325
Rina Santoso,26,Office Administrator,24808807
Umar Firmansyah,60,Product Manager,25608310
Umar Firmansyah,60,Sales Executive,39112959
Indra Suryani,54,QA Engineer,43206584
Eka Santoso,51,QA Engineer,17015266
Budi Hidayat,53,UI/UX Designer,40320195
Wati Gunawan,28,UI/UX Designer,31058960
Siti Pratama,23,HR Staff,11833546
Putri Wibowo,52,Operations Manager,22572022
Mega Wibowo,42,UI/UX Designer,16884822
Dewi Hidayat,57,HR Staff,32915102
Joko Wijaya,59,HR Staff,26513856
Putri Santoso,18,QA Engineer,6092508
Mega Hidayat,50,HR Staff,27056960
Dewi Hidayat,58,Accountant,31962080
Rina Saputra,45,Data Analyst,10116162
Indra Wibowo,19,HR Staff,22869426
Qori Saputra,24,Software Engineer,18016655
Andi Gunawan,38,Customer Support,32279260
Qori Saputra,18,Operations Manager,24694352
Tono Suryani,60,Operations Manager,32059092
Indra Setiawan,57,Software Engineer,11360637
Hadi Setiawan,58,HR Staff,14783551
Fitri Hidayat,47,Accountant,43929924
Nur Rahayu,20,Accountant,10825362
Andi Halim,44,Office Administrator,33371256
Joko Firmansyah,54,Operations Manager,11244589
Hadi Wijaya,48,UI/UX Designer,41323164
Qori Pratama,35,Product Manager,29755923
Wati Firmansyah,60,Data Analyst,31157085
Lestari Kusuma,25,Customer Support,28481064
Zaki Hidayat,33,Customer Support,41427621
Tono Wibowo,50,HR Staff,23426881
Siti Halim,33,Accountant,18534122
Eka Saputra,33,Software Engineer,12797911
Mega Santoso,48,Marketing Specialist,25880807
Dewi Rahayu,52,Accountant,44830897
Kiki Setiawan,54,Accountant,44812525
Kiki Saputra,49,Office Administrator,21965073
Citra Saputra,25,Product Manager,41810384
Zaki Wijaya,34,QA Engineer,20068287
Yanto Hidayat,33,Data Analyst,23142717
Vina Nugroho,42,Customer Support,35602339
Tono Rahayu,25,Software Engineer,37843814
Wati Rahayu,22,Accountant,13186694
Nur Hidayat,42,Sales Executive,29581140
Eka Santoso,57,Office Administrator,35402798
Umar Setiawan,18,Software Engineer,42561121
Oki Suryani,57,Accountant,25860957
Wati Nugroho,47,Operations Manager,44642888
Fitri Saputra,38,HR Staff,8804718
Yanto Nugroho,58,HR Staff,39757484
Siti Firmansyah,54,UI/UX Designer,20084116
Oki Hidayat,47,HR Staff,20697408
Budi Gunawan,30,Operations Manager,4482724
Budi Wijaya,54,Office Administrator,44826612
Andi Halim,42,Customer Support,9201483
Gita Wijaya,31,HR Staff,16140282
Kiki Halim,18,Sales Executive,8778438
Oki Gunawan,50,Product Manager,12110045
Wati Halim,43,Sales Executive,38580164
Wati Nugroho,26,Sales Executive,26992206
Qori Wijaya,54,Accountant,23677542
Umar Saputra,19,Customer Support,44209577
Rina Gunawan,39,QA Engineer,28484216
Oki Wibowo,57,Data Analyst,8340408
Gita Hidayat,33,Marketing Specialist,31211140
Indra Pratama,37,HR Staff,40073557
Vina Wijaya,52,Customer Support,9818475
Oki Wibowo,58,Data Analyst,10152171
Dewi Suryani,26,Accountant,37031287
Citra Hidayat,19,Software Engineer,25077197
Kiki Santoso,36,Sales Executive,22541123
Rina Wijaya,42,UI/UX Designer,19916867
Indra Pratama,27,Product Manager,44262278
Zaki Suryani,38,UI/UX Designer,10393330
Zaki Pratama,46,Office Administrator,30718233
Oki Santoso,33,Operations Manager,10013281
Zaki Wijaya,56,UI/UX Designer,31904566
Mega Santoso,27,Marketing Specialist,30228142
Hadi Halim,23,Operations Manager,25659263
Wati Nugroho,50,Operations Manager,44648739
Oki Suryani,26,HR Staff,5042100
Rina Kusuma,36,Software Engineer,7611557
Tono Rahayu,22,HR Staff,39031120
Wati Hidayat,40,Office Administrator,21900796
Nur Saputra,48,UI/UX Designer,38430381
Gita Wijaya,52,Office Administrator,15732448
Budi Hidayat,60,Data Analyst,12838634
Gita Rahayu,53,Sales Executive,16411523
Siti Nugroho,48,HR Staff,42026299
Kiki Setiawan,42,Data Analyst,30618922
Hadi Firmansyah,53,HR Staff,26213534
Eka Saputra,24,Accountant,17410633
Umar Wibowo,47,QA Engineer,37263579
Dewi Rahayu,56,Software Engineer,44046957
Oki Rahayu,40,Office Administrator,23235848
Kiki Nugroho,40,UI/UX Designer,41762856
Hadi Halim,27,QA Engineer,21014255
Umar Wibowo,58,Product Manager,11019558
Andi Suryani,55,Office Administrator,30266930
Dewi Wibowo,26,Marketing Specialist,38449872
Tono Rahayu,41,Software Engineer,38889856
Andi Halim,55,Product Manager,40902033
Joko Wibowo,26,Office Administrator,8796464
Oki Gunawan,51,Software Engineer,36937515
Fitri Nugroho,50,Marketing Specialist,35236896
Zaki Hidayat,49,UI/UX Designer,27247963
Vina Santoso,29,Operations Manager,32208077
Hadi Wibowo,39,Software Engineer,33104793
Eka Santoso,59,Accountant,27882207
Rina Suryani,20,Product Manager,34330209
Umar Gunawan,58,Office Administrator,30591597
Siti Kusuma,30,UI/UX Designer,43237579
Indra Nugroho,60,Marketing Specialist,18999638
Indra Pratama,24,Sales Executive,32796345
Wati Rahayu,18,Product Manager,41097022
Citra Wibowo,40,Software Engineer,36185211
Mega Kusuma,54,QA Engineer,17352476
Lestari Kusuma,36,Software Engineer,23826839
Dewi Suryani,23,Customer Support,23910600
Lestari Santoso,50,Office Administrator,25948325
Rina Saputra,54,Software Engineer,6082171
Mega Saputra,39,Accountant,12888784
Kiki Santoso,46,Software Engineer,16347363
Joko Saputra,44,HR Staff,38632482
Umar Santoso,39,Data Analyst,28818626
Gita Halim,55,Product Manager,18527604
Gita Santoso,48,Accountant,13791040
Lestari Setiawan,52,QA Engineer,30328015
Dewi Pratama,34,HR Staff,33449028
Rina Halim,45,Customer Support,43275298
Joko Wijaya,58,Software Engineer,9917931
Qori Rahayu,57,Customer Support,19623686
Citra Santoso,27,Data Analyst,43029212
Fitri Gunawan,59,Accountant,36782571
Zaki Pratama,36,Customer Support,25818045
Wati Firmansyah,53,Software Engineer,40251291
Budi Kusuma,44,Product Manager,33349190
Umar Rahayu,33,Operations Manager,7039839
Andi Wijaya,23,Office Administrator,7230776
Qori Hidayat,49,QA Engineer,21973255
Yanto Saputra,35,QA Engineer,19780174
Andi Nugroho,53,Accountant,38263126
Qori Nugroho,59,Office Administrator,7310736
Qori Wibowo,41,Product Manager,17924575
Joko Wijaya,44,Software Engineer,31063807
Joko Setiawan,51,Office Administrator,7528044
Citra Kusuma,55,Operations Manager,32051624
Indra Firmansyah,20,Software Engineer,22755419
Siti Gunawan,59,Office Administrator,13803790
Putri Hidayat,58,QA Engineer,22376381
Rina Gunawan,43,Office Administrator,13896965
Vina Gunawan,31,Product Manager,29888948
Hadi Nugroho,20,Operations Manager,15175378
Qori Santoso,42,Sales Executive,25615137
Dewi Saputra,20,Office Administrator,23459638
Dewi Santoso,55,Operations Manager,7770187
Citra Santoso,54,Office Administrator,41684718
Joko Gunawan,54,Data Analyst,20807077
Putri Halim,57,Office Administrator,22784001
Umar Saputra,46,Marketing Specialist,37677119
Zaki Wibowo,43,Product Manager,37105586
Citra Kusuma,39,Data Analyst,7714434
Dewi Halim,37,Product Manager,7544465
Yanto Wijaya,52,Customer Support,42924582
Nur Setiawan,49,Marketing Specialist,42040331
Wati Saputra,34,Office Administrator,23424618
Mega Saputra,59,HR Staff,35611402
Yanto Rahayu,36,Customer Support,33545823
Zaki Suryani,25,Data Analyst,32907099
Gita Suryani,28,Data Analyst,8685649
Oki Gunawan,54,HR Staff,19308185
Eka Kusuma,58,Office Administrator,17325491
Kiki Rahayu,38,Sales Executive,31094860
Siti Gunawan,49,HR Staff,10714826
Vina Santoso,57,Data Analyst,41932562
Andi Santoso,55,Customer Support,6149851
Siti Suryani,58,Software Engineer,33594954
Siti Gunawan,22,Product Manager,17373943
Budi Pratama,49,Customer Support,19595250
Umar Hidayat,22,HR Staff,36617940
Tono Kusuma,19,HR Staff,16792043
Siti Setiawan,54,Office Administrator,44763029
Dewi Saputra,38,Marketing Specialist,14381780
Siti Gunawan,19,Product Manager,30755637
Kiki Pratama,23,Software Engineer,27737278
Joko Pratama,26,Office Administrator,4751585
Joko Kusuma,19,UI/UX Designer,24980266
Nur Halim,26,Software Engineer,44606061
Rina Saputra,41,Office Administrator,43446663
Indra Saputra,55,HR Staff,37270160
Putri Rahayu,54,Marketing Specialist,43017066
Hadi Saputra,31,UI/UX Designer,32505770
Zaki Wibowo,35,Operations Manager,8441279
Putri Firmansyah,29,Office Administrator,33294377
Gita Rahayu,42,QA Engineer,40792800
Wati Santoso,45,Customer Support,8013996
Wati Nugroho,35,Sales Executive,14414890
Gita Wibowo,36,Software Engineer,44629036
Yanto Nugroho,32,Accountant,20366003
Kiki Gunawan,57,HR Staff,13887859
Budi Setiawan,53,Product Manager,39206023
Andi Setiawan,46,Sales Executive,19481103
Yanto Santoso,37,Product Manager,25496885
Umar Kusuma,52,Software Engineer,39405364
Rina Suryani,45,HR Staff,20122682
Mega Setiawan,22,Data Analyst,7625840
Wati Wibowo,49,Data Analyst,18806004
Kiki Pratama,24,QA Engineer,20174036
Putri Firmansyah,29,QA Engineer,32256837
Vina Halim,33,Sales Executive,27195846
Lestari Hidayat,47,HR Staff,39597133
Rina Santoso,30,Operations Manager,44458366
Tono Wibowo,50,Operations Manager,12487475
Tono Santoso,41,Accountant,16513431
Zaki Wibowo,22,Customer Support,27385322
Siti Nugroho,60,UI/UX Designer,4088025
Vina Pratama,42,Sales Executive,15604146
Yanto Kusuma,26,Software Engineer,20494751
Siti Pratama,58,HR Staff,36306079
Fitri Firmansyah,46,QA Engineer,36406299
Qori Halim,37,HR Staff,33930279
Hadi Nugroho,29,Software Engineer,14239049
Nur Suryani,29,Customer Support,34602142
Dewi Pratama,19,Software Engineer,14290920
Tono Kusuma,36,Office Administrator,29571096
Joko Saputra,38,Customer Support,11377454
Dewi Saputra,35,UI/UX Designer,15825198
Siti Firmansyah,50,Accountant,20060628
Indra Santoso,38,Data Analyst,28160048
Nur Saputra,58,QA Engineer,28325377
Hadi Nugroho,51,Product Manager,28324216
Rina Wijaya,26,Customer Support,40028324
Tono Wijaya,56,Data Analyst,25343288
Kiki Suryani,29,Customer Support,37336475
Hadi Santoso,56,Customer Support,16717130
Kiki Hidayat,42,Sales Executive,31628011
Budi Hidayat,47,Software Engineer,20856293
Hadi Hidayat,24,Office Administrator,26736284
Citra Halim,35,Customer Support,26297184
Umar Suryani,45,HR Staff,32825868
Gita Setiawan,38,Marketing Specialist,14773427
Eka Rahayu,43,Sales Executive,4484123
Oki Wibowo,34,Accountant,23287896
Umar Gunawan,50,QA Engineer,11157448
Zaki Kusuma,18,Software Engineer,9965000
Yanto Wijaya,41,Sales Executive,6951853
Siti Rahayu,47,Office Administrator,11502951
Dewi Hidayat,44,Office Administrator,36206137
Yanto Setiawan,43,UI/UX Designer,16375791
Siti Hidayat,23,Sales Executive,8002221
Hadi Pratama,37,HR Staff,26515618
Siti Gunawan,34,UI/UX Designer,7761797
Zaki Nugroho,41,Operations Manager,25734700
Vina Firmansyah,18,Office Administrator,36319830
Tono Halim,36,HR Staff,19427093
Mega Firmansyah,41,HR Staff,9857294
Hadi Setiawan,31,Product Manager,4706403
Zaki Saputra,21,UI/UX Designer,4258938
Dewi Santoso,23,Software Engineer,27710724
Lestari Nugroho,33,Operations Manager,10928828
Tono Suryani,22,Customer Support,37744118
Zaki Setiawan,37,HR Staff,19371872
Dewi Pratama,22,Operations Manager,22327062
Kiki Wijaya,28,Data Analyst,40154126
Indra Setiawan,42,QA Engineer,26446878
Siti Saputra,49,Operations Manager,5434340
Mega Firmansyah,41,Operations Manager,40375315
Siti Pratama,50,Customer Support,20908780
Yanto Wijaya,37,Operations Manager,4916620
Andi Kusuma,40,Marketing Specialist,16937503
Vina Kusuma,43,Accountant,27231475
Siti Pratama,27,QA Engineer,7975702
Lestari Gunawan,35,Accountant,25753189
Eka Pratama,28,Sales Executive,4217943
Oki Gunawan,23,HR Staff,12670965
Vina Wijaya,18,Accountant,16309011
Wati Wijaya,46,Marketing Specialist,17270664
Andi Firmansyah,47,Accountant,18206554
Yanto Rahayu,22,Software Engineer,22008479
Qori Wibowo,25,Software Engineer,16098548
Rina Wijaya,42,Product Manager,36801587
Yanto Firmansyah,48,QA Engineer,36191621
Qori Hidayat,56,Operations Manager,23481972
Lestari Halim,56,Accountant,14936084
Kiki Santoso,21,Operations Manager,10095057
Qori Hidayat,54,Sales Executive,13884406
Citra Rahayu,38,Operations Manager,43968620
Kiki Halim,50,Operations Manager,28418430
Oki Setiawan,48,Customer Support,30790316
Tono Rahayu,60,Accountant,33949082
Umar Suryani,55,Operations Manager,24772842
Lestari Santoso,49,Sales Executive,36864940
Rina Kusuma,55,Sales Executive,20265663
Zaki Wijaya,51,Operations Manager,27865577
Rina Pratama,39,Product Manager,35504381
Putri Rahayu,38,Office Administrator,34862654
Nur Gunawan,57,Accountant,29909702
Nur Kusuma,53,UI/UX Designer,17777887
Nur Suryani,56,Sales Executive,5616584
Indra Pratama,50,Office Administrator,37773534
Eka Wijaya,47,Operations Manager,37728329
Qori Wibowo,33,UI/UX Designer,9239821
Eka Kusuma,42,Data Analyst,23652632
Lestari Suryani,33,Customer Support,5679512
Rina Setiawan,31,Operations Manager,17965231
Indra Santoso,21,Office Administrator,15127105
Citra Wijaya,31,Product Manager,44139598
Tono Setiawan,23,Accountant,32885789
Lestari Kusuma,36,Office Administrator,23805195
Citra Wibowo,33,Software Engineer,13975246
Citra Hidayat,35,Data Analyst,25470397
Umar Rahayu,51,UI/UX Designer,39657429
Gita Pratama,40,Accountant,37334089
Rina Rahayu,30,Software Engineer,21791851
Oki Kusuma,48,Software Engineer,26002204
Zaki Rahayu,48,Sales Executive,5471591
Zaki Rahayu,24,Customer Support,11752870
Budi Wijaya,55,Marketing Specialist,32110414
Hadi Setiawan,60,Operations Manager,17575633
Budi Saputra,48,Operations Manager,26596024
Yanto Gunawan,44,HR Staff,7149477
Putri Santoso,36,Sales Executive,33881617
Dewi Rahayu,29,Product Manager,19052649
Dewi Wijaya,38,HR Staff,33281042
Fitri Setiawan,29,Software Engineer,10792600
Qori Setiawan,24,Office Administrator,28177436
Umar Wibowo,35,Office Administrator,38747201
Zaki Wibowo,59,HR Staff,16728803
Hadi Nugroho,20,QA Engineer,6107806
Gita Gunawan,22,Customer Support,29570881
Zaki Hidayat,20,QA Engineer,17940309
Indra Gunawan,45,UI/UX Designer,36589202
Zaki Firmansyah,30,Accountant,24551357
Hadi Wijaya,40,Marketing Specialist,13234877
Oki Hidayat,47,Accountant,36318279
Citra Kusuma,21,Data Analyst,39952906
Eka Wijaya,24,Marketing Specialist,38534393
Vina Wibowo,35,Office Administrator,42238782
Lestari Santoso,25,Office Administrator,43269852
Vina Halim,50,Software Engineer,42175131
Umar Nugroho,23,Accountant,6048386
Putri Rahayu,34,Operations Manager,9207803
Rina Setiawan,29,Accountant,4789080
Qori Setiawan,56,HR Staff,43142476
Vina Santoso,26,UI/UX Designer,31442647
Vina Kusuma,60,Customer Support,10212057
Andi Wibowo,22,UI/UX Designer,13914120
Qori Firmansyah,44,Data Analyst,22131388
Nur Nugroho,25,Product Manager,25341678
Wati Nugroho,30,Operations Manager,38069588
Gita Firmansyah,18,Product Manager,21908558
Lestari Firmansyah,28,Sales Executive,33354130
Qori Firmansyah,34,Marketing Specialist,21880914
Tono Gunawan,60,Operations Manager,9747180
Dewi Pratama,57,Marketing Specialist,27596772
Yanto Firmansyah,29,QA Engineer,42638464
Citra Rahayu,47,Marketing Specialist,24966995
Yanto Kusuma,51,UI/UX Designer,30879288
Lestari Hidayat,31,HR Staff,11214134
Mega Nugroho,36,QA Engineer,25058496
Mega Santoso,49,Sales Executive,29754049
Kiki Rahayu,20,QA Engineer,34065832
Andi Firmansyah,35,Product Manager,28465822
Siti Nugroho,54,Data Analyst,28386276
Umar Wibowo,20,Software Engineer,14177518
Nur Gunawan,25,Sales Executive,20768455
Zaki Wibowo,20,Office Administrator,16564655
Kiki Wibowo,30,Operations Manager,23434634
Eka Gunawan,19,Accountant,25910403
Tono Wibowo,46,Marketing Specialist,38323956
Siti Halim,50,Office Administrator,13532040
Umar Wibowo,33,Accountant,38384698
Zaki Nugroho,38,Operations Manager,41108550
Vina Wijaya,44,Software Engineer,24287444
Eka Rahayu,35,Operations Manager,36523221
Wati Rahayu,37,Accountant,6622818
Vina Wijaya,56,QA Engineer,16252154
Mega Kusuma,60,Accountant,10275050
Kiki Gunawan,22,Data Analyst,13179300
Rina Gunawan,55,Operations Manager,5504935
Vina Saputra,18,HR Staff,43846633
Indra Wijaya,35,HR Staff,17669635
Eka Saputra,57,Customer Support,18854963
Gita Wibowo,55,QA Engineer,37854116
Mega Gunawan,34,Software Engineer,43979564
Dewi Pratama,24,QA Engineer,19836885
Wati Firmansyah,35,Data Analyst,23213811
Andi Wibowo,30,Product Manager,30818903
Wati Halim,50,UI/UX Designer,7565589
Lestari Nugroho,21,QA Engineer,10992978
Zaki Santoso,45,Product Manager,43479040
Kiki Pratama,26,Office Administrator,22172837
Joko Wijaya,32,Product Manager,40964436
Lestari Kusuma,57,Operations Manager,27240083
Kiki Firmansyah,27,Marketing Specialist,6489177
Budi Halim,18,Data Analyst,12151264
Zaki Kusuma,51,Sales Executive,11013207
Rina Halim,47,Software Engineer,31649470
Oki Wijaya,38,Sales Executive,38048946
Nur Santoso,20,Product Manager,28391749
Lestari Halim,28,Operations Manager,39546323
Yanto Wibowo,47,Customer Support,32425784
Lestari Rahayu,29,Accountant,36026181
Eka Hidayat,42,Operations Manager,37653378
Qori Nugroho,56,Operations Manager,42001395
Eka Gunawan,38,Operations Manager,20118489
Rina Setiawan,18,Product Manager,7527817
Citra Gunawan,60,Software Engineer,14191402
Kiki Wijaya,29,Product Manager,39059801
Wati Rahayu,21,Product Manager,20540025
Lestari Wibowo,21,QA Engineer,10045461
Siti Santoso,36,UI/UX Designer,23673651
Budi Setiawan,32,Marketing Specialist,16691339
Dewi Firmansyah,18,Accountant,8996673
Kiki Hidayat,58,Software Engineer,33562554
Vina Hidayat,32,Product Manager,10085245
Indra Suryani,46,Operations Manager,38351735
Indra Saputra,34,Data Analyst,40932517
Rina Santoso,39,QA Engineer,14805270
Umar Setiawan,36,UI/UX Designer,36131687
Kiki Rahayu,48,Software Engineer,6896163
Citra Saputra,46,Accountant,7172870
Vina Santoso,46,Product Manager,8066495
Qori Pratama,20,HR Staff,9003314
Hadi Rahayu,19,QA Engineer,8609880
Gita Saputra,52,Operations Manager,25755676
Lestari Saputra,44,UI/UX Designer,26737998
Eka Hidayat,27,Customer Support,30675832
Budi Firmansyah,54,Customer Support,12997519
Wati Kusuma,22,QA Engineer,44305854
Yanto Kusuma,23,Data Analyst,5261761
Hadi Hidayat,41,UI/UX Designer,44639529
Kiki Kusuma,27,Operations Manager,17131378
Rina Pratama,49,Data Analyst,17081422
Tono Hidayat,41,Marketing Specialist,7862845
Putri Hidayat,26,Data Analyst,32270467
Gita Wibowo,25,Accountant,29657110
Wati Pratama,55,HR Staff,19000082
Putri Setiawan,22,Accountant,24526964
Andi Rahayu,44,Data Analyst,10278142
Putri Wibowo,48,Sales Executive,23236661
Lestari Gunawan,48,Office Administrator,41120815
Fitri Gunawan,32,Data Analyst,37369157
Fitri Gunawan,21,Product Manager,43733803
Lestari Pratama,51,Accountant,26361186
Gita Setiawan,49,Operations Manager,18930235
Vina Gunawan,36,Marketing Specialist,15239907
Umar Saputra,39,Marketing Specialist,38905452
Dewi Santoso,52,Customer Support,9689849
Siti Saputra,43,Operations Manager,11990648
Joko Kusuma,21,QA Engineer,35544927
Eka Pratama,34,Accountant,36263952
Siti Hidayat,43,Product Manager,18710655
Eka Wijaya,21,Marketing Specialist,5721261
Hadi Hidayat,20,Software Engineer,15157244
Andi Nugroho,18,Software Engineer,24803155
Vina Santoso,58,Sales Executive,44191753
Fitri Pratama,45,Operations Manager,31927925
Kiki Santoso,22,Data Analyst,38895081
Budi Wijaya,23,Sales Executive,14055973
Nur Rahayu,52,HR Staff,43834400
Eka Firmansyah,20,Marketing Specialist,29264805
Vina Gunawan,30,Office Administrator,6533609
Vina Suryani,58,HR Staff,27851856
Fitri Rahayu,29,Accountant,10513039
Hadi Setiawan,48,Data Analyst,35806333
Siti Setiawan,25,Product Manager,8060823
Lestari Nugroho,49,Customer Support,26383087
Mega Saputra,34,UI/UX Designer,12060704
Oki Nugroho,30,Accountant,27514086
Eka Santoso,53,QA Engineer,19186003
Lestari Saputra,22,Product Manager,35837037
Siti Kusuma,27,Data Analyst,35968110
Dewi Hidayat,38,Product Manager,24750879
Eka Wijaya,49,Office Administrator,33495787
Budi Suryani,27,Customer Support,31447747
Putri Pratama,35,Accountant,28214834
Rina Santoso,57,HR Staff,27058411
Wati Suryani,32,Office Administrator,21727038
Yanto Gunawan,37,Product Manager,37864444
Kiki Rahayu,38,Software Engineer,40532285
Kiki Firmansyah,31,Accountant,35666421
Eka Saputra,38,Sales Executive,30292153
Budi Suryani,44,Operations Manager,21982374
Indra Firmansyah,40,Accountant,27682056
Andi Kusuma,45,Marketing Specialist,19894050
Hadi Wijaya,27,Sales Executive,8129841
Mega Rahayu,52,Customer Support,24431742
Andi Wibowo,54,Marketing Specialist,18858103
Mega Santoso,32,Software Engineer,8107690
Indra Halim,44,Customer Support,32503409
Vina Santoso,25,UI/UX Designer,41050836
Vina Gunawan,26,Operations Manager,4505575
Eka Nugroho,25,UI/UX Designer,9674065
Vina Hidayat,33,QA Engineer,40230846
Gita Kusuma,57,Data Analyst,16527061
Putri Santoso,18,Software Engineer,19955920
Fitri Saputra,48,QA Engineer,28780620
Tono Santoso,25,HR Staff,8077703
Dewi Kusuma,34,Accountant,32171805
Zaki Kusuma,24,Customer Support,30689717
Lestari Saputra,23,Data Analyst,42691241
Qori Santoso,41,Operations Manager,33563417
Nur Saputra,19,Customer Support,18347203
Andi Santoso,55,Accountant,12758978
Fitri Suryani,39,Accountant,36175908
Eka Nugroho,28,Office Administrator,13288440
Joko Halim,18,Data Analyst,20458082
Joko Wibowo,36,Sales Executive,5737472
Umar Kusuma,29,Software Engineer,20323172
Hadi Rahayu,35,Software Engineer,44363122
Indra Hidayat,55,Customer Support,21608113
Mega Setiawan,30,Office Administrator,12302312
Wati Wijaya,49,Software Engineer,37744633
Gita Hidayat,44,Customer Support,20899960
Gita Nugroho,33,QA Engineer,26074390
Dewi Rahayu,41,Operations Manager,32914825
Lestari Halim,27,Customer Support,16845093
Oki Halim,56,Sales Executive,37988430
Zaki Rahayu,22,Office Administrator,14130276
Indra Hidayat,52,Software Engineer,41386280
Umar Setiawan,58,UI/UX Designer,21010656
Eka Suryani,25,Customer Support,38090946
Dewi Wibowo,25,Sales Executive,10241213
Qori Halim,29,Product Manager,32304196
Kiki Hidayat,31,UI/UX Designer,21898735
Lestari Gunawan,36,QA Engineer,43534078
Joko Halim,46,Office Administrator,21036174
Zaki Wibowo,38,HR Staff,31937383
Budi Setiawan,24,Marketing Specialist,6527755
Rina Kusuma,30,QA Engineer,41384971
Nur Halim,25,Office Administrator,31239013
Hadi Kusuma,49,Operations Manager,38868021
Yanto Suryani,26,Customer Support,37599158
Budi Saputra,45,Software Engineer,44535174
Oki Kusuma,58,Office Administrator,9057811
Gita Nugroho,28,Marketing Specialist,16082655
Kiki Rahayu,54,Accountant,11322371
Wati Pratama,21,Operations Manager,33327443
Wati Halim,45,Customer Support,8669059
Tono Suryani,49,Marketing Specialist,23806153
Eka Hidayat,54,Accountant,28245393
Mega Gunawan,23,HR Staff,44453334
Hadi Setiawan,45,QA Engineer,17218205
Lestari Setiawan,24,Data Analyst,35733022
Andi Kusuma,36,HR Staff,21120850
Wati Rahayu,58,Accountant,8942081
Umar Gunawan,32,Product Manager,20705004
Mega Gunawan,50,UI/UX Designer,14897411
Qori Firmansyah,25,Data Analyst,33052470
Zaki Wijaya,23,QA Engineer,21383419
Rina Pratama,59,Product Manager,41410131
Oki Wijaya,21,Customer Support,43672095
Hadi Firmansyah,33,Office Administrator,21671232
Lestari Hidayat,55,Product Manager,9623650
Joko Saputra,35,QA Engineer,29181517
Wati Kusuma,22,Accountant,37800147
Wati Gunawan,59,UI/UX Designer,9147518
Fitri Pratama,38,Marketing Specialist,8005842
Indra Wibowo,41,Customer Support,28508656
Mega Firmansyah,56,Accountant,35106732
Fitri Setiawan,39,Office Administrator,38547412
Siti Kusuma,49,Accountant,38415716
Tono Gunawan,43,Office Administrator,26453237
Budi Saputra,39,Software Engineer,12329335
Nur Nugroho,19,Accountant,20227380
Dewi Santoso,34,Marketing Specialist,41297770
Dewi Wijaya,23,HR Staff,31075955
Rina Halim,46,Office Administrator,21801715
Wati Gunawan,29,Product Manager,15336563
Yanto Gunawan,59,Sales Executive,42505449
Vina Suryani,31,HR Staff,7619764
Siti Santoso,53,Operations Manager,20589697
Nur Halim,58,Product Manager,23314813
Kiki Setiawan,35,UI/UX Designer,20642643
Yanto Hidayat,52,Customer Support,44351257
Nur Kusuma,40,Customer Support,36512836
Mega Gunawan,29,Operations Manager,11728465
Qori Santoso,56,Data Analyst,34584130
Andi Kusuma,47,Marketing Specialist,19750032
Hadi Wibowo,36,UI/UX Designer,26592687
Fitri Santoso,19,HR Staff,38903363
Joko Hidayat,48,QA Engineer,9090537
Vina Wibowo,19,Product Manager,31305221
Fitri Gunawan,56,QA Engineer,28610274
Tono Firmansyah,41,Data Analyst,5344749
Umar Rahayu,44,Sales Executive,29197339
Andi Pratama,29,Office Administrator,4609169
Zaki Pratama,37,Customer Support,4520584
Zaki Hidayat,46,Operations Manager,6893190
Siti Setiawan,25,Product Manager,4241427
Budi Rahayu,35,Data Analyst,13728332
Oki Saputra,19,Product Manager,27293989
Lestari Santoso,20,HR Staff,23930515
Oki Firmansyah,43,Customer Support,12871391
Citra Nugroho,57,Accountant,9891062
Tono Saputra,27,HR Staff,15821207
Wati Gunawan,30,Office Administrator,6090999
Budi Nugroho,42,Operations Manager,31800085
Wati Wibowo,57,Operations Manager,39421120
Siti Setiawan,25,HR Staff,26352984
Dewi Wijaya,44,Software Engineer,14232188
Oki Wibowo,35,Accountant,37272549
Mega Rahayu,34,Accountant,34373645
Umar Firmansyah,23,Product Manager,28316564
Fitri Setiawan,37,Sales Executive,11801875
Tono Wijaya,34,UI/UX Designer,40692357
Umar Halim,54,Customer Support,9787771
Budi Rahayu,55,Office Administrator,29305659
Gita Saputra,52,HR Staff,34311689
Citra Wibowo,52,HR Staff,12038505
Lestari Setiawan,45,Operations Manager,30497985
Tono Santoso,30,Sales Executive,4693861
Wati Rahayu,41,Office Administrator,31645954
Nur Saputra,50,Software Engineer,25153510
Siti Wijaya,32,Operations Manager,9893365
Gita Firmansyah,49,UI/UX Designer,22811024
Nur Saputra,37,HR Staff,25199647
Qori Nugroho,47,HR Staff,34766698
Wati Hidayat,43,Office Administrator,13965357
Oki Santoso,58,Office Administrator,23587030
Siti Suryani,32,UI/UX Designer,5256820
Vina Wibowo,28,Operations Manager,23117968
Tono Saputra,22,UI/UX Designer,4635966
Nur Saputra,26,Marketing Specialist,22653737
Kiki Rahayu,29,Sales Executive,22253684
Kiki Pratama,20,Marketing Specialist,12565257
Siti Kusuma,25,Software Engineer,41956190
Citra Saputra,59,Sales Executive,16183702
Hadi Saputra,42,Operations Manager,30280009
Mega Wijaya,22,Office Administrator,15052560
Hadi Santoso,26,Data Analyst,36159253
Putri Wibowo,36,Sales Executive,18035155
Andi Wibowo,18,Sales Executive,28590915
Tono Setiawan,45,QA Engineer,36881703
Citra Hidayat,22,UI/UX Designer,12871325
Eka Wibowo,48,Product Manager,44602070
Mega Wibowo,21,Data Analyst,38159441
Kiki Hidayat,57,Product Manager,42941812
Eka Kusuma,40,Marketing Specialist,43778008
Nur Gunawan,43,Customer Support,37780054
Qori Wibowo,21,Office Administrator,44272149
Gita Gunawan,58,Product Manager,33698503
Fitri Wijaya,59,Accountant,5573472
Budi Santoso,39,Software Engineer,14562745
Oki Wijaya,25,QA Engineer,33301600
Citra Kusuma,33,Sales Executive,43222885
Siti Gunawan,52,QA Engineer,36695182
Yanto Nugroho,32,Accountant,28210630
Vina Pratama,22,Operations Manager,17614486
Andi Hidayat,55,HR Staff,43522231
Siti Setiawan,31,QA Engineer,30947171
Zaki Halim,45,HR Staff,22893154
Umar Setiawan,49,Accountant,44601076
Joko Nugroho,24,Customer Support,20858691
Hadi Gunawan,31,Data Analyst,10043571
Gita Saputra,27,Office Administrator,32999108
Oki Saputra,35,UI/UX Designer,5229703
Siti Hidayat,55,Sales Executive,6541223
Budi Rahayu,23,Customer Support,40712952
Andi Pratama,24,Accountant,38753778
Siti Saputra,50,QA Engineer,39409036
Indra Saputra,33,Data Analyst,4223268
Andi Wibowo,34,QA Engineer,13071008
Hadi Pratama,50,Data Analyst,13223218
Putri Saputra,29,Office Administrator,39520647
Siti Santoso,45,QA Engineer,28170210
Qori Pratama,48,Product Manager,31725097
Umar Suryani,25,Accountant,35759885
Fitri Suryani,37,Accountant,43362112
Zaki Gunawan,32,Marketing Specialist,32105968
Eka Setiawan,19,Marketing Specialist,26776811
Oki Firmansyah,20,HR Staff,16282097
Dewi Setiawan,38,Operations Manager,43697736
Qori Hidayat,55,Sales Executive,36045699
Budi Gunawan,21,Product Manager,25283585
Lestari Rahayu,24,QA Engineer,30545650
Kiki Wibowo,19,HR Staff,23678658
Gita Kusuma,59,Product Manager,43590266
Wati Halim,47,Software Engineer,25573920
Zaki Halim,41,QA Engineer,20988001
Qori Wijaya,27,Customer Support,18745517
Vina Rahayu,57,Office Administrator,39328987
Hadi Wibowo,18,Sales Executive,9523325
Indra Setiawan,31,Customer Support,34563027
Lestari Suryani,32,Product Manager,11826510
Nur Suryani,55,Operations Manager,11957402
Joko Wibowo,25,Marketing Specialist,24005988
Qori Nugroho,49,Marketing Specialist,41341261
Tono Saputra,53,Marketing Specialist,35378350
Yanto Gunawan,43,HR Staff,26328142
Citra Suryani,33,QA Engineer,39366649
Rina Suryani,55,Operations Manager,28263700
Zaki Wibowo,55,Operations Manager,39122357
Rina Gunawan,44,Operations Manager,18252088
Rina Suryani,57,Product Manager,15036092
Indra Setiawan,27,Sales Executive,29303627
Umar Saputra,52,HR Staff,7485123
Gita Hidayat,48,Software Engineer,36279698
Mega Rahayu,36,HR Staff,11214931
Joko Setiawan,26,Office Administrator,31879711
Wati Gunawan,25,HR Staff,5889094
Indra Gunawan,24,QA Engineer,8035634
Lestari Halim,54,Operations Manager,21614491
Budi Wibowo,47,Marketing Specialist,24066876
Putri Santoso,45,Operations Manager,14103038
Nur Kusuma,49,HR Staff,21072251
Yanto Halim,36,QA Engineer,10263752
Tono Rahayu,37,Operations Manager,5049039
Citra Wibowo,55,Data Analyst,19273338
Gita Saputra,60,Office Administrator,42720519
Lestari Rahayu,47,Accountant,13408025
Wati Santoso,27,Office Administrator,33862822
Indra Gunawan,58,Customer Support,25084221
Fitri Wijaya,49,HR Staff,38545438
Fitri Kusuma,42,Marketing Specialist,25712480
Oki Rahayu,47,Customer Support,30676469
Lestari Wijaya,30,HR Staff,14088208
Rina Nugroho,39,QA Engineer,7320930
Umar Firmansyah,40,Office Administrator,8715748
Oki Firmansyah,60,QA Engineer,22474201
Putri Hidayat,51,Marketing Specialist,41786315
Qori Halim,38,UI/UX Designer,36597884
Putri Nugroho,57,Sales Executive,40786482
Mega Firmansyah,19,Sales Executive,16257188
Wati Gunawan,54,Sales Executive,18075235
Fitri Suryani,59,Data Analyst,25012531
Citra Firmansyah,45,Software Engineer,39292222
Budi Firmansyah,38,Marketing Specialist,15246551
Andi Saputra,49,Customer Support,34245899
Andi Pratama,47,HR Staff,41604141
Siti Wibowo,31,Sales Executive,9789134
Zaki Pratama,41,Software Engineer,43083592
Budi Saputra,29,Accountant,40004448
Qori Santoso,21,UI/UX Designer,4117423
Dewi Wijaya,26,Software Engineer,29848786
Umar Kusuma,18,Product Manager,15408128
Indra Pratama,58,Marketing Specialist,23214332
Indra Wibowo,52,Accountant,29305323
Yanto Wibowo,53,Office Administrator,14210055
Joko Nugroho,44,HR Staff,15545105
Oki Halim,22,Marketing Specialist,24008324
Wati Rahayu,24,HR Staff,38180940
Dewi Kusuma,47,Accountant,19155781
Umar Suryani,51,HR Staff,7999199
Oki Suryani,19,Marketing Specialist,38973768
Siti Hidayat,32,Marketing Specialist,15662625
Eka Rahayu,58,Customer Support,6053693
Yanto Rahayu,35,HR Staff,39880077
Rina Santoso,43,Office Administrator,10670277
Gita Santoso,30,Software Engineer,23044636
Wati Santoso,45,Product Manager,38953972
Wati Wijaya,50,Customer Support,7323122
Andi Santoso,49,HR Staff,38504295
Rina Kusuma,58,Office Administrator,14021268
Gita Pratama,34,Customer Support,29490793
Dewi Santoso,23,HR Staff,14827025
Tono Rahayu,50,Office Administrator,27042026
Qori Kusuma,36,QA Engineer,11738408
Rina Kusuma,47,Product Manager,7065077
Wati Pratama,33,Marketing Specialist,22281793
Oki Santoso,60,Customer Support,33243529
Joko Pratama,31,Product Manager,14934805
Yanto Firmansyah,54,Data Analyst,18105387
Wati Setiawan,27,Data Analyst,29057773
Indra Pratama,49,UI/UX Designer,22978482
Oki Suryani,35,QA Engineer,18374412
Yanto Wijaya,53,QA Engineer,38417947
Andi Wibowo,26,Data Analyst,24141627
Putri Firmansyah,18,UI/UX Designer,39094450
Wati Firmansyah,39,Product Manager,25063699
Zaki Gunawan,32,Data Analyst,6452108
Andi Wibowo,27,Sales Executive,41611874
Siti Wijaya,38,Operations Manager,11289551
Zaki Gunawan,43,Office Administrator,26456174
Kiki Setiawan,42,QA Engineer,6545252
Andi Gunawan,49,Operations Manager,13939885
Eka Halim,29,Office Administrator,15523013
Citra Halim,36,Office Administrator,10176885
Oki Gunawan,31,Operations Manager,26016154
Rina Nugroho,50,Accountant,20317959
Zaki Kusuma,22,Marketing Specialist,16071705
Vina Gunawan,39,Data Analyst,31354244
Umar Pratama,57,UI/UX Designer,14255290
Oki Santoso,27,HR Staff,6550315
Budi Firmansyah,50,Sales Executive,23557390
Umar Kusuma,49,QA Engineer,20595167
Yanto Santoso,22,Software Engineer,31854249
Zaki Pratama,26,Accountant,26300819
Tono Suryani,58,Data Analyst,24114204
Rina Saputra,38,Customer Support,32419441
Andi Hidayat,51,Accountant,5591941
Putri Nugroho,21,Operations Manager,14028592
Lestari Wibowo,21,Sales Executive,44152571
Joko Rahayu,18,Operations Manager,34729411
Wati Rahayu,42,Sales Executive,4558889
Mega Rahayu,32,Product Manager,6939133
Putri Wibowo,47,Sales Executive,27420400
Joko Hidayat,28,Customer Support,27325947
Mega Setiawan,24,Marketing Specialist,24663093
Joko Saputra,19,QA Engineer,36032938
Fitri Suryani,41,Sales Executive,18457002
Nur Firmansyah,50,HR Staff,42938502
Joko Halim,54,HR Staff,31357859
Lestari Rahayu,55,Accountant,42164320
Budi Firmansyah,29,Customer Support,30474717
Siti Halim,52,Software Engineer,29441326
Dewi Halim,19,HR Staff,30632114
Eka Santoso,32,Data Analyst,24024163
Rina Saputra,34,QA Engineer,4258670
Joko Saputra,38,UI/UX Designer,24671833
Joko Santoso,42,Office Administrator,9290068
Joko Nugroho,59,Marketing Specialist,7184408
Oki Suryani,59,HR Staff,27093645
Qori Kusuma,37,Data Analyst,37190405
Lestari Gunawan,39,Office Administrator,40583723
Oki Wijaya,44,Customer Support,7086205
Fitri Hidayat,24,UI/UX Designer,22062356
Andi Pratama,41,Data Analyst,12932050
Wati Rahayu,56,Product Manager,39132181
Fitri Wibowo,45,Marketing Specialist,10574020
Rina Suryani,57,Office Administrator,23963711
Yanto Firmansyah,47,Operations Manager,42569493
Mega Suryani,40,Operations Manager,44477228
Indra Rahayu,48,HR Staff,27897573
Tono Firmansyah,37,Operations Manager,22665539
Gita Nugroho,28,HR Staff,12521997
Vina Firmansyah,47,Accountant,43435780
Siti Nugroho,60,Data Analyst,14559551
Yanto Hidayat,23,UI/UX Designer,12092328
Kiki Santoso,40,Data Analyst,29122657
Dewi Saputra,46,Operations Manager,26831693
Kiki Hidayat,52,Customer Support,11193493
Qori Santoso,18,HR Staff,20079410
Gita Kusuma,24,Marketing Specialist,41555515
Umar Rahayu,21,Marketing Specialist,34394223
Zaki Wijaya,26,Marketing Specialist,4698167
Tono Santoso,28,UI/UX Designer,24418572
Umar Saputra,55,Office Administrator,11993244
Citra Wibowo,57,UI/UX Designer,40342605
Nur Pratama,20,Product Manager,7876472
Vina Pratama,44,Operations Manager,13071180
Citra Wijaya,50,Operations Manager,23488698
Oki Gunawan,41,Office Administrator,18215984
Citra Wibowo,51,QA Engineer,38532361
Kiki Hidayat,57,UI/UX Designer,5212316
Tono Hidayat,33,Marketing Specialist,15765083
Gita Rahayu,23,Operations Manager,17538098
Vina Santoso,34,Marketing Specialist,22950859
Budi Halim,38,Office Administrator,24622113
Andi Nugroho,50,Sales Executive,44786630
Mega Wibowo,21,Accountant,11940454
Eka Saputra,34,Sales Executive,14854630
Budi Suryani,54,Sales Executive,13272692
Mega Gunawan,50,Operations Manager,39370582
Fitri Halim,48,Product Manager,36405265
Mega Setiawan,37,HR Staff,32204527
Citra Kusuma,44,Customer Support,30882354
Umar Nugroho,29,Customer Support,22302455
Oki Gunawan,36,Office Administrator,11085247
Fitri Santoso,21,HR Staff,33723895
Citra Pratama,59,Accountant,34722997
Joko Pratama,24,Marketing Specialist,19772816
Wati Suryani,44,Data Analyst,40631832
Fitri Suryani,43,QA Engineer,26537602
Fitri Kusuma,27,Office Administrator,30800000
Hadi Firmansyah,36,Accountant,13481668
Citra Gunawan,47,Operations Manager,18848603
Zaki Gunawan,57,Customer Support,9133578
Rina Firmansyah,47,Marketing Specialist,23685121
Nur Hidayat,52,QA Engineer,40233610
Eka Firmansyah,22,Accountant,18436643
Mega Hidayat,54,QA Engineer,5824780
Qori Saputra,58,HR Staff,15387265
Wati Suryani,37,Product Manager,36229914
Citra Gunawan,41,Marketing Specialist,5076225
Dewi Santoso,28,Customer Support,37277086
Zaki Wijaya,19,Operations Manager,37483063
Umar Firmansyah,23,Software Engineer,24113937
Mega Suryani,58,QA Engineer,13712152
Andi Pratama,38,Operations Manager,37768392
Oki Nugroho,50,UI/UX Designer,5685409
Dewi Gunawan,46,HR Staff,44916616
Kiki Rahayu,30,Office Administrator,29934508
Andi Nugroho,36,Data Analyst,25037934
Indra Firmansyah,47,Sales Executive,30229948
Hadi Santoso,18,Data Analyst,6263221
Wati Gunawan,32,Accountant,13613144
Zaki Santoso,35,QA Engineer,39444415
Siti Wijaya,52,HR Staff,28288586
Hadi Halim,56,Software Engineer,10274660
Rina Setiawan,45,Product Manager,30872004
Tono Santoso,20,UI/UX Designer,11084273
Kiki Pratama,32,Accountant,40991573
Rina Wibowo,59,HR Staff,5424792
Umar Saputra,43,Sales Executive,23938938
Umar Pratama,42,Customer Support,4650167
Kiki Setiawan,32,Office Administrator,17260733
Budi Saputra,56,Product Manager,16313804
Nur Saputra,59,Software Engineer,29961756
Indra Nugroho,24,Office Administrator,5291903
Fitri Halim,57,UI/UX Designer,10741856
Qori Saputra,30,Marketing Specialist,9889594
Wati Rahayu,26,Office Administrator,40170369
Yanto Santoso,59,UI/UX Designer,30851801
Hadi Firmansyah,49,QA Engineer,25474562
Wati Pratama,21,Customer Support,20673722
Dewi Firmansyah,43,Data Analyst,27849718
Fitri Kusuma,47,Customer Support,42759228
Wati Firmansyah,22,HR Staff,27738818
Andi Setiawan,53,Product Manager,24336762
Vina Gunawan,47,Accountant,29963643
Fitri Nugroho,45,HR Staff,28988290
Wati Halim,34,QA Engineer,21918016
Wati Saputra,47,Operations Manager,28660054
Tono Santoso,55,Sales Executive,19038587
Oki Rahayu,19,HR Staff,26721776
Zaki Wijaya,37,Customer Support,40761717
Citra Nugroho,31,Customer Support,40178218
Yanto Setiawan,41,Operations Manager,16212716
Gita Wibowo,49,Customer Support,26044315
Andi Rahayu,41,UI/UX Designer,33765714
Citra Saputra,22,QA Engineer,19893933
Putri Suryani,23,Software Engineer,15242728
Gita Saputra,44,Customer Support,32738471
Eka Firmansyah,30,Product Manager,34872164
Qori Rahayu,18,UI/UX Designer,4432589
Zaki Wibowo,31,Customer Support,20922740
Zaki Santoso,57,Software Engineer,11075774
Zaki Suryani,45,UI/UX Designer,18763476
Andi Firmansyah,33,Sales Executive,38813412
Umar Setiawan,26,HR Staff,36339924
Gita Santoso,58,Operations Manager,34917297
Siti Kusuma,37,QA Engineer,16640631
Rina Saputra,33,Product Manager,17672739
Zaki Suryani,56,Product Manager,33868531
Kiki Gunawan,52,Sales Executive,21458272
Oki Halim,52,UI/UX Designer,44979320
Lestari Wibowo,33,Office Administrator,18116251
Budi Firmansyah,41,Customer Support,39294876
Joko Halim,30,Office Administrator,38077628
Lestari Gunawan,58,Customer Support,9902966
Yanto Wijaya,34,HR Staff,9330344
Wati Setiawan,56,UI/UX Designer,11238308
Gita Pratama,21,Marketing Specialist,5369673
Indra Suryani,53,Operations Manager,18070643
Lestari Hidayat,25,Data Analyst,11837942
Eka Saputra,53,Accountant,35722885
Andi Wibowo,57,Accountant,39884777
Vina Wibowo,41,Product Manager,15924538
Eka Gunawan,45,Marketing Specialist,27850986
Andi Kusuma,51,HR Staff,14071788
Eka Rahayu,54,Sales Executive,4258750
Hadi Hidayat,32,Product Manager,30963395
Eka Halim,48,Operations Manager,22656327
Budi Rahayu,51,Operations Manager,39841300
Siti Setiawan,31,Marketing Specialist,11835481
Putri Suryani,19,Data Analyst,8032521
Dewi Rahayu,20,Data Analyst,26204080
Andi Wibowo,26,Software Engineer,24966635
Fitri Kusuma,55,HR Staff,13420967
Budi Kusuma,47,Office Administrator,19504381
Zaki Rahayu,57,Data Analyst,30782310
Oki Kusuma,53,Office Administrator,31072920
Andi Wibowo,48,QA Engineer,30143512
Lestari Nugroho,29,Software Engineer,13760799
Vina Nugroho,42,HR Staff,19533235
Oki Nugroho,39,Product Manager,39395536
Putri Kusuma,46,Data Analyst,34819188
Vina Hidayat,49,Marketing Specialist,21859101
Citra Santoso,51,UI/UX Designer,22474383
Nur Gunawan,27,Software Engineer,7633193
Andi Firmansyah,57,Software Engineer,36453954
Siti Setiawan,31,Software Engineer,31027379
Hadi Setiawan,49,HR Staff,37518362
Hadi Wibowo,44,Operations Manager,18529664
Kiki Setiawan,21,HR Staff,21486285
Putri Firmansyah,52,Product Manager,22596881
Umar Firmansyah,51,Data Analyst,13411537
Qori Santoso,23,Office Administrator,22935670
Yanto Kusuma,56,Product Manager,41136549
Joko Suryani,57,Accountant,13317286
Tono Setiawan,39,Sales Executive,41788939
Andi Wijaya,40,Accountant,26896490
Tono Kusuma,31,Marketing Specialist,10621609
Siti Suryani,58,Marketing Specialist,25481549
Tono Gunawan,42,Marketing Specialist,12685128
Eka Halim,60,Data Analyst,39970937
Mega Setiawan,33,Accountant,13863060
Siti Santoso,40,QA Engineer,43772352
Joko Saputra,28,QA Engineer,13284442
Umar Setiawan,27,Sales Executive,43951383
Eka Firmansyah,59,Accountant,14496979
Citra Suryani,40,Sales Executive,8994671
Budi Hidayat,51,Data Analyst,8554479
Putri Pratama,54,Operations Manager,14767475
Gita Wibowo,23,Marketing Specialist,15609266
Indra Santoso,52,Sales Executive,15407281
Rina Pratama,45,HR Staff,36808739
Fitri Setiawan,23,UI/UX Designer,37209764
Wati Suryani,18,Operations Manager,37849015
Qori Wibowo,53,Product Manager,33249939
Qori Rahayu,30,Office Administrator,5079202
Gita Wijaya,22,HR Staff,8226433
Hadi Wijaya,18,UI/UX Designer,26163510
Joko Santoso,25,Data Analyst,17936311
Joko Gunawan,47,Product Manager,6345587
Hadi Saputra,35,Data Analyst,11250158
Umar Suryani,32,Software Engineer,21652584
Indra Wijaya,39,Software Engineer,25718899
Umar Nugroho,25,Office Administrator,42695630
Vina Hidayat,44,Software Engineer,29322039
Gita Firmansyah,39,Marketing Specialist,26256198
Dewi Kusuma,43,UI/UX Designer,20580292
Citra Halim,50,Data Analyst,14212602
Hadi Wijaya,45,Office Administrator,20319859
Putri Hidayat,48,Software Engineer,38998894
Lestari Firmansyah,28,Operations Manager,5169646
Siti Setiawan,34,QA Engineer,42416573
Rina Halim,37,HR Staff,13736493
Lestari Firmansyah,30,Sales Executive,38508207
Wati Setiawan,40,Marketing Specialist,37516338
Rina Wijaya,19,QA Engineer,28749566
Gita Saputra,30,QA Engineer,14086734
Citra Rahayu,26,Marketing Specialist,22183234
Lestari Setiawan,59,Sales Executive,23128964
Zaki Halim,18,Accountant,16662314
Citra Halim,24,Marketing Specialist,43569345
Zaki Nugroho,47,Marketing Specialist,32821710
Dewi Gunawan,46,Sales Executive,22596061
Mega Hidayat,43,Data Analyst,16708440
Budi Wibowo,21,Accountant,37008222
Dewi Gunawan,22,HR Staff,40637183
Indra Saputra,20,Accountant,29925933
Citra Wijaya,44,UI/UX Designer,29920976
Gita Santoso,25,Marketing Specialist,21806802
Wati Rahayu,44,Sales Executive,32527287
Mega Kusuma,56,Marketing Specialist,33626551
Citra Wijaya,55,Product Manager,39757875
Citra Halim,24,Marketing Specialist,15144183
Citra Rahayu,42,Marketing Specialist,27207634
Oki Saputra,31,UI/UX Designer,27392408
Nur Wijaya,55,Marketing Specialist,30236540
Wati Pratama,58,HR Staff,35088964
Nur Saputra,40,HR Staff,28887499
Andi Kusuma,21,Data Analyst,24594541
Kiki Nugroho,41,Marketing Specialist,40736891
Mega Wijaya,49,Sales Executive,5141982
Fitri Hidayat,18,Software Engineer,19453594
Yanto Suryani,41,Software Engineer,40877035
Siti Hidayat,44,HR Staff,26370771
Wati Suryani,52,UI/UX Designer,5829569
Qori Wibowo,49,Operations Manager,16348248
Eka Hidayat,41,QA Engineer,31638443
Joko Saputra,23,Product Manager,7356434
Fitri Firmansyah,29,Sales Executive,10726817
Siti Hidayat,52,Operations Manager,15777669
Kiki Wijaya,24,Office Administrator,19278792
Joko Nugroho,47,Office Administrator,10774305
Nur Wibowo,31,UI/UX Designer,23861749
Hadi Wibowo,36,Product Manager,18391790
Hadi Saputra,35,HR Staff,29960278
Umar Setiawan,20,Marketing Specialist,35231342
Lestari Kusuma,50,Product Manager,5201190
Zaki Nugroho,28,Office Administrator,10944732
Mega Kusuma,36,HR Staff,5071701
Zaki Santoso,20,UI/UX Designer,27043060
Citra Pratama,32,UI/UX Designer,21194420
Joko Nugroho,31,QA Engineer,18694647
Yanto Suryani,35,Product Manager,23410320
Kiki Pratama,57,Data Analyst,35207945
Mega Suryani,49,Software Engineer,31908381
Dewi Halim,18,UI/UX Designer,35076159
Kiki Nugroho,26,UI/UX Designer,21050857
Dewi Nugroho,51,Product Manager,27745557
Yanto Nugroho,52,Customer Support,30113615
Tono Nugroho,54,Office Administrator,29896695
Tono Saputra,34,Customer Support,31073875
Kiki Santoso,47,HR Staff,25631964
Indra Halim,49,Sales Executive,25843481
Hadi Gunawan,39,Customer Support,40549984
Zaki Firmansyah,30,Customer Support,20435712
Qori Rahayu,28,UI/UX Designer,17553973
Oki Wijaya,26,UI/UX Designer,44021039
Tono Rahayu,41,Sales Executive,23085635
Siti Setiawan,52,HR Staff,42609338
Budi Pratama,21,Office Administrator,9809259
Gita Firmansyah,30,Product Manager,41835691
Fitri Setiawan,43,UI/UX Designer,36608076
Umar Nugroho,47,Office Administrator,21182977
Nur Setiawan,28,Accountant,8828910
Lestari Firmansyah,28,Marketing Specialist,17949562
Fitri Wibowo,48,QA Engineer,28186413
Joko Halim,23,Accountant,17882817
Siti Saputra,53,Customer Support,38467151
Andi Setiawan,57,Sales Executive,40994322
Vina Firmansyah,43,HR Staff,16314646
Putri Firmansyah,44,QA Engineer,39893749
Fitri Firmansyah,42,Marketing Specialist,39922068
Budi Kusuma,57,Accountant,28300269
Citra Hidayat,48,Software Engineer,5053335
Citra Wijaya,22,Software Engineer,22887477
Qori Gunawan,32,QA Engineer,35328403
Andi Nugroho,56,HR Staff,23071764
Yanto Suryani,42,QA Engineer,13331218
Gita Halim,20,QA Engineer,24405468
Kiki Suryani,27,Marketing Specialist,23833042
Nur Saputra,42,Data Analyst,34205884
Lestari Firmansyah,40,HR Staff,29958187
Indra Wijaya,30,Sales Executive,28665234
Lestari Wibowo,55,Data Analyst,42019718
Gita Suryani,28,Customer Support,36951226
Gita Hidayat,23,Operations Manager,20695468
Andi Suryani,41,HR Staff,4265389
Lestari Nugroho,43,Marketing Specialist,26574296
Mega Rahayu,52,Accountant,11005631
Zaki Rahayu,35,Software Engineer,21639069
Joko Halim,37,Customer Support,8423273
Vina Setiawan,29,Software Engineer,10378432
Putri Nugroho,32,Software Engineer,6747848
Dewi Kusuma,58,Customer Support,18996752
Mega Wibowo,39,Marketing Specialist,19170490
Indra Saputra,58,HR Staff,17572463
Tono Firmansyah,45,QA Engineer,39683719
Lestari Gunawan,58,QA Engineer,29170410
Rina Setiawan,58,Accountant,9592270
Wati Firmansyah,54,HR Staff,37947745
Mega Santoso,31,Data Analyst,16075406
Yanto Pratama,20,HR Staff,11232222
Dewi Pratama,34,Accountant,27459194
Kiki Rahayu,48,Operations Manager,10727967
Zaki Santoso,29,Marketing Specialist,42498179
Umar Gunawan,22,Marketing Specialist,9924409
Dewi Suryani,48,Data Analyst,20928314
Zaki Kusuma,25,Accountant,23004943
Fitri Gunawan,57,Accountant,42551539
Citra Wijaya,46,Operations Manager,38846129
Lestari Wibowo,52,QA Engineer,8532230
Kiki Santoso,19,HR Staff,27636472
Lestari Setiawan,54,Office Administrator,29430518
Indra Wibowo,42,UI/UX Designer,38212635
Nur Gunawan,23,Marketing Specialist,37537195
Dewi Nugroho,29,UI/UX Designer,5972537
Eka Gunawan,53,Data Analyst,39959935
Umar Hidayat,22,Customer Support,23864667
Tono Rahayu,28,UI/UX Designer,17874310
Vina Suryani,55,Office Administrator,43574291
Wati Wijaya,40,Operations Manager,5577722
Qori Suryani,48,Accountant,11573882
Budi Gunawan,45,Software Engineer,43485698
Budi Rahayu,55,Office Administrator,43195337
Lestari Nugroho,52,Operations Manager,40530796
Zaki Pratama,22,Product Manager,14836486
Yanto Wijaya,25,Operations Manager,24109872
Qori Hidayat,56,Customer Support,42265672
Budi Kusuma,34,Software Engineer,29650938
Fitri Setiawan,44,Data Analyst,8225666
Umar Wijaya,46,Sales Executive,28075003
Yanto Gunawan,60,Accountant,5468135
Andi Suryani,53,Office Administrator,15732966
Yanto Suryani,23,Marketing Specialist,9485329
Zaki Setiawan,42,Accountant,6361605
Mega Pratama,18,Marketing Specialist,21600521
Citra Santoso,48,UI/UX Designer,12524765
Putri Hidayat,41,Operations Manager,4129454
Yanto Hidayat,46,Customer Support,36710774
Fitri Kusuma,36,Software Engineer,11142443
Qori Santoso,19,Software Engineer,35021431
Hadi Halim,47,Product Manager,19094486
Vina Gunawan,32,Office Administrator,13502864
Mega Pratama,58,UI/UX Designer,10896763
Mega Nugroho,26,Office Administrator,30148535
Andi Setiawan,20,Accountant,14348651
Zaki Firmansyah,39,Office Administrator,20796945
Umar Gunawan,52,QA Engineer,38505240
Zaki Halim,51,Customer Support,14296517
Siti Firmansyah,52,HR Staff,22233025
Vina Halim,54,Marketing Specialist,12544364
Eka Rahayu,58,Software Engineer,33538419
Siti Rahayu,33,HR Staff,43380567
Vina Rahayu,38,Customer Support,33075716
Mega Wibowo,25,HR Staff,10981763
Umar Nugroho,33,Operations Manager,36230714
Indra Santoso,46,Data Analyst,22012223
Rina Halim,21,Software Engineer,18328692
Umar Kusuma,56,Product Manager,13370176
Umar Halim,55,Software Engineer,4566494
Joko Suryani,59,HR Staff,17422204
Eka Wibowo,56,Customer Support,43961130
Oki Wijaya,51,Customer Support,21061897
Joko Halim,45,HR Staff,36883710
Indra Wibowo,59,Sales Executive,43176812
Mega Halim,49,Marketing Specialist,9938435
Yanto Firmansyah,36,Customer Support,27921234
Budi Halim,25,Data Analyst,8477247
Siti Pratama,52,Marketing Specialist,7733445
Oki Setiawan,59,Customer Support,23319553
Citra Saputra,53,Sales Executive,30739198
Oki Pratama,49,Data Analyst,19504459
Nur Firmansyah,51,Customer Support,24936987
Mega Saputra,35,Operations Manager,43827618
Putri Suryani,47,Marketing Specialist,22612825
Gita Suryani,25,Accountant,23561160
Gita Wijaya,45,HR Staff,26573982
Joko Wijaya,57,Marketing Specialist,39298742
Dewi Wibowo,50,Operations Manager,18835319
Yanto Firmansyah,44,Operations Manager,39915903
Putri Setiawan,56,Office Administrator,18921306
Oki Suryani,43,HR Staff,41348803
Hadi Gunawan,57,Software Engineer,38397139
Siti Kusuma,38,Marketing Specialist,32508080
Rina Wijaya,30,Sales Executive,9411902
Vina Firmansyah,30,Office Administrator,37094911
Wati Rahayu,59,Customer Support,36347882
Hadi Rahayu,18,Sales Executive,16555790
Nur Wijaya,34,Office Administrator,13231931
Andi Gunawan,60,Marketing Specialist,43119394
Fitri Suryani,23,Sales Executive,9784224
Wati Santoso,33,Accountant,28510786
Rina Wibowo,36,Product Manager,27897411
Umar Gunawan,53,Software Engineer,22029673
Indra Kusuma,34,Customer Support,16702143
Qori Hidayat,24,QA Engineer,39944357
Oki Wibowo,39,Operations Manager,4279299
Budi Rahayu,25,UI/UX Designer,14622461
Siti Suryani,52,Marketing Specialist,5060266
Nur Rahayu,33,Accountant,25776483
Zaki Wibowo,40,Operations Manager,16224173
Vina Santoso,47,HR Staff,30584057
Fitri Gunawan,52,Office Administrator,22011625
Tono Rahayu,59,Marketing Specialist,43505165
Mega Wijaya,48,Operations Manager,6903493
Hadi Nugroho,37,Customer Support,28750823
Citra Saputra,33,Data Analyst,39025661
Qori Pratama,50,Data Analyst,29239511
Dewi Pratama,28,Operations Manager,42166123
Dewi Santoso,42,Marketing Specialist,18213553
Putri Santoso,39,Sales Executive,28176501
Oki Nugroho,26,Marketing Specialist,37875694
Budi Suryani,33,Sales Executive,25124420
Lestari Wibowo,40,Accountant,19918587
Nur Gunawan,27,UI/UX Designer,8523269
Nur Gunawan,22,Operations Manager,17876915
Putri Santoso,18,Accountant,5446783
Rina Firmansyah,46,Data Analyst,7399079
Vina Setiawan,57,HR Staff,35521750
Indra Suryani,56,Sales Executive,20772207
Budi Rahayu,42,Data Analyst,9779902
Vina Rahayu,32,Office Administrator,40572004
Andi Hidayat,46,Sales Executive,23712061
Rina Rahayu,39,Data Analyst,42418883
Citra Nugroho,22,Software Engineer,14823896
Indra Wibowo,51,Sales Executive,37039042
Qori Suryani,52,QA Engineer,11973621
Zaki Wibowo,51,HR Staff,22227219
Dewi Setiawan,33,Operations Manager,34284831
Putri Gunawan,41,HR Staff,7541216
Oki Rahayu,18,Software Engineer,14459747
Andi Wibowo,50,Software Engineer,13313173
Eka Wijaya,29,Accountant,15126955
Fitri Wibowo,34,Software Engineer,23032763
Joko Pratama,40,Office Administrator,20663925
Mega Nugroho,21,Marketing Specialist,33912112
Tono Firmansyah,54,Operations Manager,6419523
Oki Suryani,39,Marketing Specialist,12248546
Qori Suryani,23,Sales Executive,20243113
Fitri Nugroho,40,Data Analyst,25233042
Oki Firmansyah,51,Operations Manager,25371244
Dewi Rahayu,59,QA Engineer,28058427
Oki Wijaya,21,HR Staff,26866125
Lestari Suryani,57,QA Engineer,42379967
Putri Santoso,34,UI/UX Designer,12147078
Yanto Halim,22,Marketing Specialist,27767812
Kiki Kusuma,52,Accountant,18193441
Budi Setiawan,52,Customer Support,26726961
Umar Hidayat,55,Software Engineer,4096646
Oki Kusuma,56,Customer Support,37515379
Putri Saputra,53,Product Manager,13823303
Rina Wijaya,31,Office Administrator,38411601
Gita Nugroho,19,Sales Executive,39172331
Qori Wibowo,59,Data Analyst,42181975
Joko Firmansyah,25,Accountant,5470474
Putri Setiawan,51,Customer Support,33782395
Budi Santoso,49,Product Manager,13190624
Citra Hidayat,50,Product Manager,10532621
Indra Kusuma,52,QA Engineer,43115817
Fitri Suryani,60,Marketing Specialist,13758757
Dewi Hidayat,41,Accountant,13124287
Indra Wijaya,18,Customer Support,17557810
Citra Halim,49,Marketing Specialist,13621295
Fitri Rahayu,25,Sales Executive,18710983
Oki Saputra,33,Customer Support,23106738
Putri Suryani,40,UI/UX Designer,8629372
Yanto Santoso,53,Product Manager,28271533
Tono Gunawan,40,Office Administrator,26717802
Indra Santoso,37,Accountant,11682764
Tono Gunawan,38,Marketing Specialist,9971534
Putri Nugroho,57,Operations Manager,15751447
Eka Setiawan,24,Office Administrator,28123858
Dewi Setiawan,53,Operations Manager,38986951
Wati Rahayu,50,Office Administrator,27349880
Budi Pratama,31,QA Engineer,20498834
Citra Wibowo,56,Product Manager,38122251
Indra Kusuma,28,Product Manager,23992314
Gita Pratama,21,UI/UX Designer,9457412
Indra Halim,35,Customer Support,14317810
Gita Wijaya,43,Marketing Specialist,6026229
Yanto Saputra,60,Accountant,24835558
Indra Gunawan,22,Office Administrator,10721794
Tono Saputra,21,HR Staff,9107000
Fitri Hidayat,25,Data Analyst,8092144
Eka Hidayat,51,Customer Support,16015288
Indra Halim,38,Marketing Specialist,4519481
Indra Gunawan,50,Operations Manager,13212690
Lestari Suryani,18,QA Engineer,9654850
Wati Gunawan,37,Accountant,42730564
Lestari Kusuma,28,Marketing Specialist,4526320
Siti Rahayu,29,Marketing Specialist,19021004
Zaki Pratama,60,Product Manager,39380856
Nur Halim,51,HR Staff,13876294
Yanto Kusuma,29,Data Analyst,28694421
Dewi Pratama,52,Marketing Specialist,33560202
Eka Halim,41,Office Administrator,14007537
Indra Kusuma,33,Marketing Specialist,25684010
Putri Saputra,20,Software Engineer,35507487
Mega Wijaya,42,Sales Executive,30395358
Vina Rahayu,45,Customer Support,15087317
Lestari Wibowo,42,Operations Manager,7143816
Siti Hidayat,20,UI/UX Designer,30337191
Eka Rahayu,20,Software Engineer,37132260
Kiki Suryani,18,Accountant,22063302
Tono Gunawan,28,Sales Executive,43938890
Gita Pratama,38,Product Manager,31705779
Umar Setiawan,31,Product Manager,34587810
Hadi Suryani,37,Product Manager,4662522
Hadi Suryani,41,Operations Manager,7732716
Putri Kusuma,23,Customer Support,17073578
Dewi Nugroho,32,HR Staff,19022822
Gita Santoso,49,Accountant,32059174
Citra Wijaya,43,Marketing Specialist,31213119
Oki Setiawan,26,Accountant,23438466
Hadi Gunawan,26,Office Administrator,18598582
Joko Saputra,59,Office Administrator,21555155
Putri Halim,35,Product Manager,36493018
Tono Halim,26,Accountant,22049846
Vina Kusuma,41,UI/UX Designer,33805127
Hadi Saputra,27,QA Engineer,29864580
Hadi Wijaya,24,Data Analyst,13089706
Budi Rahayu,51,Marketing Specialist,6256228
Vina Rahayu,18,Data Analyst,17290465
Tono Setiawan,19,Customer Support,13129438
Kiki Setiawan,60,Accountant,16060570
Rina Kusuma,18,UI/UX Designer,31547561
Fitri Wijaya,49,Operations Manager,44944642
Vina Wibowo,34,Office Administrator,41599306
Kiki Halim,45,Office Administrator,29852655
Mega Santoso,32,Sales Executive,29151211
Vina Firmansyah,31,Data Analyst,39545055
Kiki Saputra,19,Product Manager,24150755
Kiki Halim,42,QA Engineer,41082931
Kiki Kusuma,43,Sales Executive,19512295
Eka Rahayu,59,Sales Executive,32429074
Andi Hidayat,18,Product Manager,6856997
Kiki Gunawan,51,Sales Executive,9988633
Indra Nugroho,39,Marketing Specialist,29524661
Zaki Nugroho,58,Marketing Specialist,35206531
Vina Santoso,49,UI/UX Designer,5310088
Siti Saputra,37,Product Manager,41037973
Nur Setiawan,36,Operations Manager,35387685
Hadi Gunawan,58,Data Analyst,8002188
Oki Gunawan,20,Marketing Specialist,36307197
Yanto Suryani,22,QA Engineer,31275517
Umar Nugroho,24,Software Engineer,44034952
Gita Gunawan,47,Software Engineer,31118137
Budi Setiawan,29,HR Staff,17223106
Rina Santoso,46,Product Manager,37656197
Wati Santoso,46,Marketing Specialist,21278081
Yanto Firmansyah,52,Office Administrator,24771358
Qori Kusuma,46,Data Analyst,32504384
Zaki Saputra,45,Office Administrator,16411661
Tono Hidayat,37,UI/UX Designer,22352778
Kiki Rahayu,54,Product Manager,40031805
Indra Setiawan,49,UI/UX Designer,7192144
Vina Kusuma,57,Software Engineer,19709425
Putri Pratama,54,Office Administrator,22293394
Mega Santoso,33,Office Administrator,40593426
Zaki Pratama,58,UI/UX Designer,17132472
Oki Pratama,52,QA Engineer,31497554
Lestari Firmansyah,18,Accountant,5332174
Siti Halim,46,Sales Executive,38100198
Citra Saputra,30,Data Analyst,22699976
Fitri Santoso,53,Office Administrator,19055896
Wati Halim,33,HR Staff,34544296
Rina Santoso,57,Marketing Specialist,23857703
Kiki Setiawan,23,HR Staff,33158573
Dewi Nugroho,43,Product Manager,35246399
Mega Suryani,21,QA Engineer,30260787
Dewi Kusuma,27,Marketing Specialist,25526816
Kiki Wibowo,40,HR Staff,6083246
Dewi Wijaya,53,Product Manager,10471142
Umar Pratama,44,Customer Support,24442610
Siti Firmansyah,42,QA Engineer,37024182
Wati Nugroho,25,Product Manager,34807068
Hadi Nugroho,34,Product Manager,6420083
Indra Pratama,36,Software Engineer,15849241
Eka Pratama,28,QA Engineer,15365764
Dewi Firmansyah,23,Office Administrator,27221318
Andi Nugroho,36,Office Administrator,18241465
Fitri Hidayat,37,QA Engineer,8826246
Lestari Setiawan,45,Marketing Specialist,42555023
Gita Setiawan,47,Operations Manager,41947460
Vina Pratama,46,Data Analyst,4365689
Rina Firmansyah,30,Software Engineer,19875591
Siti Firmansyah,53,Sales Executive,26661245
Dewi Hidayat,22,HR Staff,30637358
Nur Suryani,51,Office Administrator,10408182
Budi Santoso,23,Customer Support,27814299
Nur Wijaya,44,Accountant,10728581
Zaki Nugroho,47,Accountant,7183540
Hadi Wibowo,34,HR Staff,4385425
Wati Gunawan,39,UI/UX Designer,22047456
Zaki Saputra,44,Product Manager,12783753
Budi Saputra,52,HR Staff,31766324
Qori Gunawan,51,Sales Executive,36303686
Fitri Wibowo,42,Operations Manager,4146892
Wati Setiawan,22,Data Analyst,35539507
Zaki Saputra,49,Customer Support,34427585
Andi Wibowo,33,Product Manager,35645487
Qori Suryani,47,Software Engineer,40483472
Oki Wijaya,40,Accountant,19821601
Putri Setiawan,41,Sales Executive,6941668
Nur Firmansyah,46,Software Engineer,20493092
Gita Nugroho,55,HR Staff,22976174
Yanto Nugroho,21,Operations Manager,36752775
Andi Kusuma,36,Product Manager,22898409
Yanto Wijaya,47,HR Staff,22235403
Fitri Santoso,59,Data Analyst,38921706
Vina Setiawan,20,HR Staff,20143119
Hadi Setiawan,40,Marketing Specialist,44074694
Kiki Halim,53,Office Administrator,20224672
Lestari Kusuma,31,Software Engineer,19419077
Budi Pratama,18,Software Engineer,33246862
Andi Suryani,44,Accountant,10861111
Kiki Kusuma,30,Product Manager,35912847
Zaki Pratama,24,Operations Manager,37921675
Eka Wijaya,55,QA Engineer,31454196
Qori Saputra,26,Sales Executive,22924518
Eka Wibowo,54,UI/UX Designer,27694458
Rina Halim,39,Software Engineer,31288600
Siti Kusuma,48,UI/UX Designer,31418752
Lestari Firmansyah,22,Sales Executive,9874923
Hadi Santoso,59,Data Analyst,24795429
Rina Rahayu,51,Customer Support,24954162
Gita Wijaya,56,Software Engineer,23415698
Zaki Halim,44,UI/UX Designer,32828379
Kiki Setiawan,44,Accountant,22009551
Umar Saputra,27,Software Engineer,5587365
Zaki Hidayat,22,Operations Manager,39051629
Oki Wibowo,35,Software Engineer,43923460
Lestari Gunawan,46,Office Administrator,35489036
Qori Wibowo,58,Software Engineer,15099602
Oki Gunawan,48,UI/UX Designer,41022232
Putri Nugroho,42,HR Staff,16456801
Wati Wijaya,52,Software Engineer,22864013
Dewi Rahayu,21,Software Engineer,37322284
Budi Wijaya,57,Accountant,41913676
Nur Pratama,40,HR Staff,34196071
Siti Kusuma,28,Office Administrator,31643104
Dewi Setiawan,35,UI/UX Designer,37879999
Budi Firmansyah,22,Customer Support,8011495
Siti Firmansyah,58,Marketing Specialist,25175948
Mega Setiawan,55,Accountant,43882648
Budi Kusuma,25,Accountant,25698454
Putri Wijaya,57,Data Analyst,11278787
Tono Kusuma,36,Operations Manager,27880428
Nur Wibowo,21,Operations Manager,24681541
Nur Suryani,44,Marketing Specialist,24039905
Putri Santoso,44,Product Manager,17489102
Dewi Setiawan,19,Software Engineer,8906071
Umar Wibowo,37,Data Analyst,37146969
Nur Halim,36,Accountant,23997910
Umar Wibowo,42,Data Analyst,32905992
Eka Firmansyah,45,Customer Support,14230436
Putri Wibowo,54,Sales Executive,16452060
Fitri Wijaya,50,Office Administrator,43187353
Eka Pratama,55,QA Engineer,6065180
Hadi Saputra,44,Marketing Specialist,25850910
Indra Setiawan,60,Operations Manager,6072183
Citra Santoso,58,Sales Executive,40659762
Nur Wibowo,52,Software Engineer,7898846
Rina Suryani,37,Operations Manager,30723768
Wati Santoso,44,Product Manager,13677481
Siti Halim,32,UI/UX Designer,17541316
Andi Santoso,19,Accountant,33727953
Nur Kusuma,32,Software Engineer,24602125
Wati Rahayu,56,HR Staff,41232312
Zaki Rahayu,38,Software Engineer,15951129
Oki Pratama,31,Office Administrator,37862129
Hadi Halim,56,Office Administrator,10847811
Wati Wibowo,35,Software Engineer,39878155
Qori Kusuma,48,Data Analyst,28855967
Tono Wibowo,39,Product Manager,27056610
Umar Gunawan,38,Software Engineer,36331048
Qori Nugroho,20,Office Administrator,13294813
Fitri Wibowo,42,Marketing Specialist,39087548
Umar Wibowo,53,Software Engineer,11256180
Hadi Setiawan,59,Software Engineer,10092540
Lestari Setiawan,18,Operations Manager,27598470
Mega Santoso,54,Customer Support,6259499
Qori Saputra,57,Marketing Specialist,42654526
Nur Saputra,32,Operations Manager,27984161
Umar Kusuma,34,Customer Support,25171598
Kiki Hidayat,30,Marketing Specialist,18248923
Zaki Halim,25,Software Engineer,36935399
Fitri Gunawan,27,QA Engineer,5421116
Tono Pratama,28,UI/UX Designer,13486408
Gita Setiawan,57,QA Engineer,32851810
Kiki Wibowo,26,Accountant,22405520
Oki Rahayu,23,Operations Manager,8904266
Putri Hidayat,28,Sales Executive,36269353
Eka Nugroho,33,HR Staff,17545491
Budi Santoso,34,UI/UX Designer,37078450
Eka Firmansyah,34,HR Staff,24378651
Gita Suryani,23,HR Staff,29239579
Mega Kusuma,22,QA Engineer,18554795
Oki Gunawan,27,Customer Support,42452466
Umar Wijaya,21,QA Engineer,13522491
Joko Nugroho,37,HR Staff,20374702
Qori Kusuma,49,HR Staff,19442218
Eka Wijaya,34,HR Staff,4981731
Rina Halim,51,Office Administrator,24815552
Umar Firmansyah,57,Accountant,10108154
Tono Nugroho,56,Operations Manager,8290392
Umar Gunawan,56,Office Administrator,41850310
Zaki Pratama,20,Data Analyst,24359530
Qori Rahayu,44,Software Engineer,35365715
Dewi Nugroho,24,Product Manager,21473519
Siti Wibowo,60,Product Manager,40877126
Fitri Wijaya,48,UI/UX Designer,42099185
Qori Pratama,22,Data Analyst,29871091
Hadi Firmansyah,60,Operations Manager,15592488
Eka Hidayat,40,HR Staff,21203629
Citra Pratama,34,Product Manager,7297305
Putri Firmansyah,53,Software Engineer,4564983
Vina Santoso,27,Marketing Specialist,11140410
Wati Rahayu,34,Sales Executive,32959008
Citra Wibowo,27,Sales Executive,7447618
Rina Halim,33,Marketing Specialist,39376257
Umar Kusuma,18,UI/UX Designer,41276021
Dewi Pratama,39,Product Manager,12458910
Joko Kusuma,54,Software Engineer,23557541
Zaki Suryani,37,Operations Manager,42505107
Eka Halim,35,Product Manager,8769337
Kiki Wijaya,33,HR Staff,17159945
Eka Saputra,45,Data Analyst,12322499
Putri Wijaya,32,Accountant,11119080
Mega Rahayu,52,UI/UX Designer,26864405
Eka Wibowo,57,QA Engineer,24303417
Tono Saputra,35,Operations Manager,19167067
Qori Setiawan,26,Office Administrator,5842772
Mega Rahayu,54,UI/UX Designer,42865575
Oki Santoso,59,Software Engineer,19359544
Putri Gunawan,26,Marketing Specialist,22286294
Zaki Kusuma,20,Marketing Specialist,6215933
Andi Santoso,30,Office Administrator,35890939
Lestari Kusuma,40,Sales Executive,37200678
Siti Saputra,56,Accountant,19909085
Budi Santoso,24,Data Analyst,30534819
Yanto Hidayat,29,Product Manager,43888079
Vina Kusuma,50,Software Engineer,12768530
Indra Firmansyah,51,QA Engineer,19584433
Fitri Rahayu,24,Customer Support,35564668
Eka Rahayu,24,Marketing Specialist,25065282
Lestari Santoso,22,Software Engineer,38411105
Gita Suryani,40,Sales Executive,14037326
Joko Setiawan,45,Marketing Specialist,13651559
Fitri Hidayat,59,HR Staff,16903627
Tono Pratama,34,Office Administrator,34436181
Budi Santoso,56,Software Engineer,12426702
Qori Rahayu,21,HR Staff,37650911
Dewi Pratama,39,Data Analyst,14848331
Rina Gunawan,25,Customer Support,30508999
Eka Halim,35,HR Staff,13618927
Dewi Firmansyah,47,QA Engineer,23507950
Rina Firmansyah,56,UI/UX Designer,8457850
Hadi Gunawan,20,Product Manager,10541802
Eka Rahayu,57,Data Analyst,27440139
Zaki Wibowo,45,Customer Support,17910222
Dewi Suryani,32,Customer Support,26787046
Dewi Gunawan,39,Office Administrator,10394588
Siti Gunawan,30,Data Analyst,13111047
Rina Nugroho,56,QA Engineer,7081440
Zaki Saputra,57,Accountant,40290984
Vina Suryani,60,Sales Executive,32212212
Joko Suryani,21,Office Administrator,40557318
Lestari Setiawan,18,Sales Executive,10654125
Dewi Setiawan,31,Software Engineer,22902270
Yanto Gunawan,27,Data Analyst,40152817
Indra Saputra,31,Operations Manager,44094270
Indra Saputra,47,UI/UX Designer,35692417
Mega Santoso,31,Customer Support,30166105
Nur Pratama,18,Customer Support,17451739
Rina Kusuma,38,QA Engineer,40367414
Gita Halim,18,QA Engineer,42202991
Budi Wibowo,40,UI/UX Designer,44085591
Wati Kusuma,46,Data Analyst,21116651
Mega Rahayu,37,Sales Executive,6773893
Siti Hidayat,42,Customer Support,41729137
Qori Halim,48,Accountant,8722116
Fitri Gunawan,21,Office Administrator,30297483
Oki Nugroho,42,HR Staff,37364668
Siti Saputra,39,Sales Executive,4160963
Eka Halim,32,QA Engineer,22564961
Joko Nugroho,42,Accountant,24678090
Gita Saputra,49,Customer Support,39366808
Hadi Santoso,28,Office Administrator,31616343
Budi Nugroho,56,Product Manager,9205004
Dewi Santoso,40,QA Engineer,9705278
Oki Rahayu,51,Sales Executive,16368487
Eka Setiawan,22,QA Engineer,37675185
Kiki Nugroho,25,UI/UX Designer,33306338
Lestari Gunawan,55,Operations Manager,29424583
Budi Setiawan,31,Data Analyst,29237118
Budi Firmansyah,35,Marketing Specialist,23873233
Dewi Hidayat,36,HR Staff,6994907
Fitri Gunawan,31,Office Administrator,43616366
Dewi Suryani,45,UI/UX Designer,4629262
Andi Setiawan,29,Marketing Specialist,16242669
Joko Nugroho,29,Operations Manager,42224506
Fitri Saputra,37,Operations Manager,34657616
Fitri Wijaya,31,Software Engineer,24241746
Nur Saputra,39,Accountant,29616431
Joko Nugroho,57,QA Engineer,5059707
Rina Gunawan,45,Sales Executive,13171721
Indra Wijaya,31,Sales Executive,9686930
Andi Gunawan,38,Operations Manager,41140432
Qori Kusuma,23,Product Manager,21791749
Andi Kusuma,18,Sales Executive,6364007
Yanto Rahayu,39,Product Manager,28478126
Wati Pratama,45,Marketing Specialist,14183626
Oki Gunawan,19,Office Administrator,19817501
Qori Pratama,34,Operations Manager,33181351
Hadi Firmansyah,36,Operations Manager,11845128
Budi Santoso,46,HR Staff,17722581
Mega Santoso,56,UI/UX Designer,38694482
Budi Santoso,25,Data Analyst,4598355
Indra Saputra,38,QA Engineer,6383315
Gita Halim,26,Software Engineer,7646903
Citra Halim,32,UI/UX Designer,33950173
Andi Kusuma,26,UI/UX Designer,26342018
Nur Pratama,48,Software Engineer,31608948
Putri Kusuma,59,HR Staff,25008427
Joko Saputra,56,Marketing Specialist,33383077
Nur Firmansyah,44,Operations Manager,4654894
Wati Rahayu,18,Office Administrator,24474940
Joko Halim,27,Product Manager,10116235
Indra Pratama,58,QA Engineer,32243551
Nur Suryani,48,Operations Manager,36634386
Wati Setiawan,53,Customer Support,36501102
Zaki Hidayat,26,QA Engineer,11133564
Umar Suryani,57,QA Engineer,42419610
Kiki Wijaya,19,Marketing Specialist,23685925
Siti Hidayat,51,Software Engineer,35301671
Citra Kusuma,51,Marketing Specialist,36183818
Wati Saputra,41,Operations Manager,19425855
Qori Wijaya,41,Sales Executive,18256724
Tono Pratama,56,Software Engineer,42594998
Joko Wijaya,53,Operations Manager,6937691
Fitri Setiawan,41,Marketing Specialist,20933251
Andi Setiawan,25,Operations Manager,33961645
Zaki Hidayat,18,Accountant,39815868
Vina Hidayat,19,Accountant,11503871
Andi Hidayat,21,Accountant,21309730
Wati Setiawan,57,Accountant,21313071
Mega Wijaya,27,Sales Executive,44851397
Tono Wibowo,57,Sales Executive,25445045
Mega Santoso,58,Customer Support,15247943
Qori Pratama,44,Accountant,10279920
Vina Kusuma,52,Marketing Specialist,44641415
Hadi Nugroho,35,Software Engineer,19771686
Hadi Nugroho,39,Office Administrator,17694134
Indra Gunawan,24,Customer Support,12917077
Nur Firmansyah,55,Accountant,16383604
Kiki Suryani,22,Operations Manager,34422094
Qori Kusuma,45,HR Staff,31279486
Mega Suryani,40,Marketing Specialist,13432585
Joko Wibowo,43,Accountant,44080872
Nur Wijaya,46,HR Staff,8542965
Siti Firmansyah,19,Sales Executive,29212419
Qori Wijaya,46,Product Manager,25517322
Rina Wibowo,29,Customer Support,19744657
Putri Gunawan,42,UI/UX Designer,19709589
Dewi Firmansyah,30,Software Engineer,44304926
Gita Suryani,52,Operations Manager,42624547
Wati Hidayat,34,QA Engineer,38557412
Putri Kusuma,30,Software Engineer,14824320
Nur Rahayu,26,Marketing Specialist,34526848
Oki Wibowo,33,Product Manager,16785237
Gita Firmansyah,33,QA Engineer,20177295
Oki Santoso,57,Software Engineer,33978199
Siti Setiawan,56,HR Staff,17199926
Dewi Gunawan,60,Software Engineer,31626598
Rina Firmansyah,38,Operations Manager,29707786
Qori Rahayu,38,HR Staff,43019683
Andi Wijaya,20,Sales Executive,11696250
Putri Wijaya,21,Operations Manager,11571893
Eka Kusuma,28,UI/UX Designer,38178900
Indra Wibowo,33,Marketing Specialist,38745793
Joko Rahayu,60,QA Engineer,29851319
Umar Wibowo,34,Software Engineer,12242007
Oki Saputra,37,Sales Executive,16053798
Oki Wibowo,20,UI/UX Designer,25503354
Dewi Rahayu,25,Office Administrator,37923098
Siti Firmansyah,49,UI/UX Designer,16174304
Dewi Nugroho,50,Data Analyst,44061715
Indra Setiawan,44,Data Analyst,31572132
Rina Wibowo,44,QA Engineer,41406861
Nur Setiawan,57,Accountant,31579583
Tono Saputra,34,HR Staff,39332149
Hadi Gunawan,20,UI/UX Designer,39610148
Oki Santoso,53,Software Engineer,43096469
Lestari Halim,29,Customer Support,40697177
Andi Nugroho,32,Operations Manager,43512217
Mega Nugroho,39,Data Analyst,21972282
Zaki Saputra,49,Office Administrator,31256512
Wati Pratama,49,Accountant,17099389
Putri Setiawan,37,Marketing Specialist,39144976
Wati Wibowo,56,Software Engineer,10160012
Yanto Nugroho,21,UI/UX Designer,31596456
Oki Kusuma,18,Customer Support,37221992
Nur Hidayat,40,Data Analyst,19961698
Budi Hidayat,27,Accountant,26440174
Eka Firmansyah,51,Sales Executive,30551637
Citra Setiawan,36,Data Analyst,37440370
Wati Saputra,54,Marketing Specialist,27238840
Hadi Setiawan,29,Accountant,38733593
Andi Hidayat,23,UI/UX Designer,21804145
Budi Hidayat,49,Customer Support,32950133
Tono Pratama,30,Software Engineer,29554564
Wati Wibowo,60,Accountant,43749760
Vina Suryani,49,Office Administrator,17390160
Tono Wibowo,49,Accountant,10532901
Oki Gunawan,36,Customer Support,22863324
Budi Hidayat,28,Customer Support,40898426
Joko Santoso,23,HR Staff,37631551
Vina Gunawan,32,Office Administrator,22635713
Dewi Wibowo,20,Operations Manager,17280224
Hadi Wibowo,29,Software Engineer,25019720
Zaki Kusuma,59,Office Administrator,5079433
Tono Saputra,57,Operations Manager,41449040
Indra Rahayu,25,Office Administrator,13639349
Wati Kusuma,31,Operations Manager,31008083
Eka Halim,59,UI/UX Designer,12674969
Rina Santoso,41,Office Administrator,40397687
Vina Santoso,31,Marketing Specialist,20998411
Indra Pratama,22,Operations Manager,27849832
Eka Suryani,32,Marketing Specialist,22926587
Fitri Suryani,46,UI/UX Designer,40415165
Nur Wijaya,54,Data Analyst,12983463
Wati Kusuma,49,Office Administrator,23669700
Tono Firmansyah,60,QA Engineer,27365964
Tono Nugroho,22,Operations Manager,42177594
Dewi Hidayat,36,Software Engineer,23493970
Indra Santoso,53,HR Staff,9195766
Joko Pratama,52,Accountant,18304790
Yanto Setiawan,23,Data Analyst,12606309
Gita Saputra,45,Software Engineer,30753387
Nur Kusuma,18,Accountant,43839067
Umar Rahayu,29,Accountant,20734732
Joko Nugroho,55,Customer Support,24891518
Eka Wibowo,54,Office Administrator,17552622
Hadi Pratama,39,HR Staff,28631844
Umar Nugroho,19,Office Administrator,34215607
Fitri Gunawan,40,HR Staff,8070898
Indra Pratama,33,Office Administrator,33936718
Siti Suryani,59,Operations Manager,26021028
Tono Saputra,26,HR Staff,21565591
Yanto Saputra,56,Sales Executive,5300851
Rina Firmansyah,44,Data Analyst,24599460
Nur Gunawan,57,UI/UX Designer,40184159
Wati Kusuma,19,Sales Executive,31335002
Eka Hidayat,39,Accountant,17005582
Rina Wibowo,53,Operations Manager,11993678
Siti Setiawan,43,QA Engineer,38052636
Andi Rahayu,45,HR Staff,44484030
Eka Setiawan,33,Accountant,10606602
Mega Pratama,21,Operations Manager,14105590
Tono Saputra,24,Data Analyst,31734525
Oki Wibowo,43,Office Administrator,16145044
Fitri Rahayu,59,Marketing Specialist,30881696
Umar Setiawan,43,UI/UX Designer,43083646
Zaki Kusuma,25,Sales Executive,9657865
Wati Saputra,42,Software Engineer,38443645
Dewi Rahayu,53,Data Analyst,18014527
Eka Halim,57,Operations Manager,6691117
Putri Pratama,31,UI/UX Designer,23415631
Rina Setiawan,44,Office Administrator,44530450
Siti Firmansyah,23,QA Engineer,16807157
Vina Firmansyah,34,Operations Manager,23378089
Qori Saputra,27,Customer Support,8763225
Citra Rahayu,51,QA Engineer,30949280
Rina Kusuma,52,Sales Executive,26458190
Kiki Wibowo,41,Marketing Specialist,22073289
Oki Santoso,42,Data Analyst,20142031
Dewi Santoso,44,Sales Executive,12875543
Citra Pratama,49,Customer Support,23643198
Hadi Nugroho,45,Marketing Specialist,16618837
Hadi Wijaya,42,QA Engineer,4917810
Joko Gunawan,30,Operations Manager,16687768
Zaki Pratama,20,Data Analyst,44506528
Oki Halim,21,Data Analyst,34765745
Vina Suryani,60,Customer Support,32238090
Lestari Nugroho,54,HR Staff,39945841
Joko Wijaya,48,Office Administrator,10506412
Dewi Kusuma,41,Software Engineer,42390386
Vina Halim,32,UI/UX Designer,39950593
Yanto Suryani,29,Product Manager,31420652
Tono Gunawan,19,Software Engineer,7126395
Wati Gunawan,42,Product Manager,39323048
Qori Firmansyah,37,Sales Executive,28807594
Andi Kusuma,40,UI/UX Designer,5115333
Umar Wijaya,34,HR Staff,31222114
Citra Gunawan,48,Customer Support,11414603
Dewi Setiawan,53,Customer Support,28149940
Gita Gunawan,60,Customer Support,6428390
Andi Wibowo,45,Customer Support,28238032
Nur Gunawan,45,HR Staff,26028195
Andi Gunawan,38,Data Analyst,20488369
Nur Hidayat,46,Accountant,15778750
Tono Pratama,24,Accountant,15564198
Indra Wibowo,40,Office Administrator,28941632
Mega Hidayat,20,Office Administrator,26033704
Mega Suryani,41,Product Manager,12162585
Yanto Setiawan,59,UI/UX Designer,38934971
Andi Halim,47,HR Staff,34995451
Budi Rahayu,36,Operations Manager,11459649
Qori Nugroho,30,UI/UX Designer,34073804
Oki Wijaya,23,Data Analyst,13026274
Mega Rahayu,58,UI/UX Designer,38514302
Budi Kusuma,55,Office Administrator,44913044
Vina Suryani,19,Product Manager,26317225
Indra Santoso,41,UI/UX Designer,13592216
Gita Wibowo,27,Data Analyst,41589096
Vina Santoso,49,Software Engineer,26614608
Yanto Firmansyah,60,Sales Executive,8886000
Joko Kusuma,34,HR Staff,17655094
Dewi Wibowo,20,Marketing Specialist,8141547
Umar Pratama,27,Operations Manager,33643713
Citra Firmansyah,39,Product Manager,20835966
Dewi Suryani,57,HR Staff,16755719
Tono Pratama,47,Sales Executive,18432941
Indra Saputra,55,Accountant,38494237
Lestari Wijaya,25,UI/UX Designer,38073717
Dewi Rahayu,31,Marketing Specialist,30649635
Citra Suryani,42,UI/UX Designer,26757642
Dewi Pratama,51,Operations Manager,38569048
Rina Santoso,35,Software Engineer,5036540
Dewi Santoso,31,Data Analyst,10490326
Putri Pratama,58,Customer Support,37849684
Hadi Hidayat,41,UI/UX Designer,41317372
Dewi Rahayu,33,Sales Executive,37385046
Joko Gunawan,53,UI/UX Designer,41655100
Umar Saputra,37,UI/UX Designer,4302470
Fitri Kusuma,58,Data Analyst,44681343
Joko Saputra,51,Operations Manager,37896595
Budi Santoso,55,Marketing Specialist,8927037
Gita Wibowo,28,QA Engineer,44989650
Eka Rahayu,58,Operations Manager,30713537
Siti Firmansyah,23,Customer Support,16382762
Lestari Wijaya,37,Sales Executive,44814540
Andi Wijaya,51,Office Administrator,23120246
Budi Firmansyah,55,Sales Executive,16291673
Nur Rahayu,43,Operations Manager,6167165
Andi Gunawan,54,Data Analyst,18563877
Rina Nugroho,33,Office Administrator,10433458
Zaki Kusuma,53,Customer Support,15290753
Putri Halim,44,Sales Executive,7580049
Lestari Firmansyah,41,Customer Support,40072379
Umar Suryani,37,QA Engineer,4565267
Budi Nugroho,58,QA Engineer,38023598
Indra Gunawan,30,Data Analyst,10171748
Vina Saputra,60,Data Analyst,20517184
Citra Suryani,42,Sales Executive,37027799
Nur Hidayat,24,Customer Support,29868457
Joko Hidayat,53,Product Manager,13220962
Zaki Wijaya,43,QA Engineer,44160099
Fitri Pratama,55,HR Staff,33233420
Umar Halim,21,QA Engineer,22386092
Fitri Setiawan,20,Software Engineer,11297540
Siti Wijaya,26,Sales Executive,34368255
Umar Gunawan,23,Marketing Specialist,25540311
Joko Kusuma,48,Customer Support,42216071
Andi Kusuma,52,Accountant,29031638
Siti Halim,34,Marketing Specialist,13230647
Kiki Saputra,20,QA Engineer,15918879
Siti Pratama,46,Product Manager,41498168
Budi Kusuma,35,QA Engineer,16920675
Kiki Wibowo,33,Customer Support,43526099
Andi Setiawan,35,Accountant,44544345
Mega Pratama,50,UI/UX Designer,22741386
Hadi Hidayat,20,Software Engineer,19548423
Nur Halim,60,Office Administrator,24711924
Oki Rahayu,48,Sales Executive,10766366
Andi Suryani,49,Office Administrator,44351697
Andi Gunawan,28,Customer Support,32761949
Nur Firmansyah,50,Customer Support,41129059
Lestari Halim,59,HR Staff,33760286
Indra Setiawan,35,Product Manager,18204488
Dewi Rahayu,37,Marketing Specialist,15647331
Umar Hidayat,34,Product Manager,4620323
Wati Firmansyah,55,UI/UX Designer,22317775
Yanto Suryani,34,Marketing Specialist,43547313
Putri Hidayat,41,QA Engineer,41783087
Gita Wibowo,22,Accountant,24808723
Lestari Halim,53,Sales Executive,11216506
Wati Wibowo,47,Customer Support,27425661
Joko Suryani,55,QA Engineer,35205292
Budi Rahayu,55,Software Engineer,44039553
Zaki Pratama,43,Operations Manager,14375064
Tono Saputra,36,QA Engineer,33640741
Siti Nugroho,60,QA Engineer,4097704
Vina Suryani,38,Customer Support,15076382
Lestari Firmansyah,41,Accountant,27436602
Citra Kusuma,51,Sales Executive,32229388
Kiki Santoso,28,Office Administrator,9766737
Mega Wijaya,52,Office Administrator,36842128
Kiki Hidayat,28,Marketing Specialist,39204848
Joko Kusuma,42,HR Staff,15349070
Gita Kusuma,38,UI/UX Designer,9587588
Indra Saputra,53,Data Analyst,8186141
Kiki Saputra,23,Office Administrator,34593290
Dewi Rahayu,51,Software Engineer,42236373
Zaki Kusuma,57,Software Engineer,31159154
Hadi Firmansyah,42,Sales Executive,6213721
Qori Saputra,38,Product Manager,8544865
Rina Santoso,23,Product Manager,37212279
Citra Wibowo,21,UI/UX Designer,44296292
Citra Gunawan,30,Software Engineer,19488563
Rina Wijaya,43,UI/UX Designer,5689545
Hadi Pratama,28,Marketing Specialist,38324903
Citra Suryani,38,Office Administrator,34902258
Rina Wibowo,47,HR Staff,39917349
Yanto Gunawan,37,Data Analyst,37746636
Wati Firmansyah,22,Product Manager,19071649
Oki Rahayu,33,Office Administrator,28703551
Oki Rahayu,55,Accountant,30331579
Rina Rahayu,40,UI/UX Designer,5885406
Andi Halim,25,Accountant,26028615
Andi Halim,58,UI/UX Designer,14015089
Umar Saputra,29,QA Engineer,32801964
Dewi Santoso,27,QA Engineer,28517401
Andi Halim,41,Sales Executive,32360733
Dewi Rahayu,32,Operations Manager,21667661
Gita Wijaya,26,HR Staff,13380964
Dewi Pratama,49,Accountant,39876467
Mega Santoso,54,Customer Support,6042657
Joko Halim,32,Software Engineer,26591928
Yanto Santoso,37,UI/UX Designer,37979960
Citra Gunawan,21,Office Administrator,19531461
Indra Hidayat,31,UI/UX Designer,40861770
Yanto Pratama,57,Marketing Specialist,39075613
Budi Setiawan,36,Office Administrator,5533453
Wati Rahayu,55,Customer Support,11143171
Tono Saputra,23,Software Engineer,23489910
Qori Kusuma,36,Product Manager,23138330
Mega Gunawan,58,Data Analyst,13777665
Nur Suryani,44,Product Manager,32761039
Lestari Firmansyah,44,Office Administrator,16146779
Mega Firmansyah,24,Data Analyst,7109731
Citra Kusuma,31,UI/UX Designer,17583579
Kiki Suryani,51,Software Engineer,11974816
Rina Kusuma,24,Customer Support,44819957
Andi Rahayu,34,Customer Support,16612563
Rina Rahayu,26,Data Analyst,44698302
Siti Saputra,46,Marketing Specialist,43672446
Wati Rahayu,52,UI/UX Designer,44527644
Budi Gunawan,60,QA Engineer,15566040
Siti Saputra,50,Software Engineer,4277412
Hadi Kusuma,18,Customer Support,16264815
Zaki Saputra,35,Accountant,22581201
Hadi Nugroho,56,Operations Manager,29714314
Kiki Hidayat,35,Accountant,29957011
Citra Suryani,60,QA Engineer,37934571
Wati Wijaya,56,Accountant,43865605
Mega Kusuma,49,HR Staff,39100213
Budi Saputra,52,Product Manager,42603322
Dewi Nugroho,35,Marketing Specialist,40449076
Oki Rahayu,50,Software Engineer,16909306
Umar Halim,57,QA Engineer,21585722
Mega Nugroho,35,Sales Executive,15291218
Siti Wibowo,57,Office Administrator,15674798
Gita Gunawan,51,Marketing Specialist,41286633
Indra Hidayat,29,Office Administrator,43971072
Mega Rahayu,22,QA Engineer,42503010
Nur Kusuma,31,Accountant,15884159
Rina Setiawan,22,HR Staff,26834582
Joko Wibowo,47,Product Manager,41104762
Andi Nugroho,30,Office Administrator,30585934
Eka Firmansyah,18,Product Manager,22051201
Eka Setiawan,26,HR Staff,37112074
Citra Pratama,31,UI/UX Designer,13856733
Umar Santoso,29,Customer Support,14045878
Nur Rahayu,55,Software Engineer,17210870
Kiki Wibowo,46,UI/UX Designer,28012997
Kiki Saputra,22,UI/UX Designer,33039016
Tono Santoso,59,Operations Manager,12190540
Kiki Setiawan,32,Accountant,37216903
Oki Gunawan,25,Accountant,11308039
Lestari Wijaya,47,Customer Support,40203699
Umar Wijaya,36,Accountant,12632685
Eka Kusuma,48,Operations Manager,44599158
Lestari Wijaya,43,Customer Support,31004661
Indra Gunawan,58,QA Engineer,40167433
Vina Wijaya,54,Data Analyst,40764021
Vina Rahayu,45,Customer Support,42172816
Hadi Kusuma,52,HR Staff,22955156
Fitri Kusuma,44,Marketing Specialist,35909330
Kiki Wibowo,42,Customer Support,22129793
Rina Setiawan,23,UI/UX Designer,29281620
Hadi Santoso,34,Marketing Specialist,13752591
Citra Kusuma,26,Operations Manager,25906223
Dewi Halim,36,Software Engineer,11907496
Indra Suryani,47,Accountant,40298055
Joko Kusuma,47,Sales Executive,32420244
Indra Wibowo,40,Marketing Specialist,21382425
Yanto Kusuma,58,Data Analyst,10849648
Yanto Wibowo,55,Data Analyst,43538329
Rina Wibowo,58,Sales Executive,13994959
Wati Kusuma,52,HR Staff,28380252
Kiki Wibowo,49,UI/UX Designer,9432025
Budi Halim,32,HR Staff,26921302
Kiki Wijaya,54,HR Staff,36001310
Vina Pratama,27,Marketing Specialist,44906641
Zaki Pratama,40,Software Engineer,41645245
Yanto Suryani,25,Accountant,9898852
Tono Pratama,38,Sales Executive,26040129
Nur Nugroho,40,Product Manager,16974776
Vina Kusuma,48,Data Analyst,20136056
Citra Santoso,53,Marketing Specialist,42510312
Mega Hidayat,28,Operations Manager,36193587
Siti Hidayat,24,Sales Executive,16807940
Umar Wibowo,24,Sales Executive,44365101
Zaki Setiawan,21,Sales Executive,6324402
Citra Suryani,23,Accountant,5262077
Hadi Saputra,58,UI/UX Designer,6642338
Andi Rahayu,57,Marketing Specialist,12845312
Gita Wijaya,56,QA Engineer,38183783
Vina Santoso,26,Customer Support,12114708
Putri Wijaya,44,HR Staff,11616373
Kiki Halim,60,Office Administrator,43962160
Joko Kusuma,33,Data Analyst,12410739
Indra Kusuma,29,Sales Executive,35887823
Qori Santoso,32,Marketing Specialist,6643571
Dewi Pratama,39,Customer Support,13978199
Lestari Wijaya,36,Marketing Specialist,8434135
Fitri Wibowo,45,Customer Support,29785781
Budi Rahayu,48,Accountant,13353039
Gita Hidayat,32,Operations Manager,39460696
Zaki Gunawan,35,Software Engineer,44833508
Indra Pratama,40,Office Administrator,32606810
Eka Rahayu,38,Operations Manager,7617017
Putri Pratama,36,Software Engineer,10729134
Joko Rahayu,35,Operations Manager,13765160
Nur Setiawan,20,HR Staff,13189253
Joko Santoso,18,Data Analyst,16555764
Gita Setiawan,52,Product Manager,22935567
Qori Wijaya,37,Software Engineer,34793542
Lestari Firmansyah,44,Data Analyst,5004545
Lestari Firmansyah,36,HR Staff,13860036
Umar Nugroho,20,HR Staff,4453544
Putri Suryani,27,Software Engineer,11048586
Dewi Halim,25,Sales Executive,35149245
Putri Wibowo,60,Office Administrator,28640241
Qori Wibowo,52,Accountant,12885117
Oki Gunawan,48,QA Engineer,22855106
Indra Setiawan,42,Sales Executive,31007259
Zaki Wibowo,39,Marketing Specialist,43350750
Umar Kusuma,33,Software Engineer,7457862
Citra Rahayu,38,HR Staff,25525326
Umar Firmansyah,42,HR Staff,30427409
Citra Nugroho,36,Marketing Specialist,43084919
Joko Wibowo,24,Product Manager,17056793
Lestari Wijaya,29,Marketing Specialist,4302898
Tono Wibowo,28,Accountant,8503248
Citra Firmansyah,35,Sales Executive,29687520
Qori Suryani,60,QA Engineer,28769493
Umar Rahayu,39,Product Manager,37938421
Wati Gunawan,56,Marketing Specialist,21284509
Wati Wibowo,56,HR Staff,21899473
Putri Saputra,33,QA Engineer,9826631
Joko Nugroho,56,Data Analyst,21342755
Oki Wijaya,47,HR Staff,15175658
Indra Santoso,19,Operations Manager,9786621
Oki Kusuma,32,Sales Executive,4084893
Kiki Nugroho,38,Product Manager,29752585
Zaki Wijaya,58,Product Manager,21787963
Fitri Nugroho,44,Operations Manager,15979706
Gita Santoso,29,Office Administrator,24310022
Eka Wibowo,19,Product Manager,39983886
Indra Nugroho,48,UI/UX Designer,43121868
Wati Nugroho,57,Data Analyst,27656888
Hadi Gunawan,38,Accountant,6428595
Mega Pratama,34,Data Analyst,5099690
Yanto Halim,44,QA Engineer,39708353
Hadi Pratama,19,UI/UX Designer,39501013
Gita Gunawan,50,HR Staff,11811159
Joko Saputra,40,Accountant,27173660
Zaki Pratama,59,Customer Support,42208858
Yanto Suryani,58,Product Manager,13811202
Dewi Wijaya,41,Product Manager,17263647
Andi Rahayu,27,UI/UX Designer,19637999
Lestari Gunawan,28,Operations Manager,43053722
Umar Setiawan,37,Marketing Specialist,4210962
Lestari Kusuma,29,Sales Executive,27923973
Kiki Wibowo,50,Customer Support,19197939
Andi Hidayat,46,Data Analyst,7332588
Indra Rahayu,28,Customer Support,25265158
Indra Gunawan,25,Product Manager,34285840
Nur Rahayu,22,Sales Executive,29578171
Nur Saputra,42,Operations Manager,4001922
Budi Saputra,44,Software Engineer,22768427
Citra Wibowo,29,Office Administrator,7234810
Indra Pratama,55,Operations Manager,43284385
Lestari Hidayat,44,Operations Manager,7791235
Fitri Firmansyah,54,HR Staff,19296245
Zaki Pratama,26,Customer Support,5959988
Zaki Saputra,43,HR Staff,33662895
Tono Pratama,58,Customer Support,18472764
Wati Setiawan,60,Sales Executive,11773109
Siti Suryani,22,Operations Manager,23235019
Putri Nugroho,52,Data Analyst,17984004
Eka Nugroho,33,Software Engineer,16463600
Yanto Wibowo,55,HR Staff,7165133
Nur Kusuma,49,Operations Manager,29674506
Zaki Halim,35,Marketing Specialist,34519090
Qori Rahayu,57,Marketing Specialist,7567858
Fitri Halim,20,HR Staff,34494642
Putri Gunawan,46,Product Manager,43763865
Wati Halim,29,Office Administrator,44700832
Indra Santoso,34,Marketing Specialist,5697863
Lestari Setiawan,40,Office Administrator,28346598
Umar Saputra,31,Operations Manager,20994260
Joko Santoso,25,Sales Executive,27599874
Lestari Halim,18,Operations Manager,8061031
Mega Wijaya,28,Customer Support,33513013
Dewi Gunawan,36,Data Analyst,36477350
Fitri Halim,27,Sales Executive,32157802
Lestari Halim,30,Accountant,35694187
Vina Halim,57,Sales Executive,8943688
Hadi Gunawan,33,HR Staff,13681346
Qori Hidayat,31,Software Engineer,14375894
Eka Wibowo,23,Office Administrator,18624238
Umar Firmansyah,30,UI/UX Designer,4007809
Kiki Saputra,49,QA Engineer,8503677
Andi Santoso,54,HR Staff,22415958
Rina Suryani,36,Office Administrator,15479195
Mega Setiawan,46,Customer Support,21258659
Kiki Rahayu,55,Marketing Specialist,6456066
Zaki Kusuma,57,Software Engineer,26700083
Dewi Kusuma,32,Accountant,12888330
Eka Halim,54,Software Engineer,15843188
Eka Gunawan,43,Product Manager,21783834
Dewi Kusuma,34,Customer Support,12896773
Zaki Halim,35,Accountant,19431086
Tono Pratama,39,Office Administrator,30688056
Zaki Gunawan,52,Operations Manager,37976874
Rina Santoso,28,QA Engineer,8738298
Zaki Rahayu,42,Sales Executive,35909541
Dewi Santoso,49,Software Engineer,6228681
Eka Gunawan,60,Product Manager,18395116
Qori Kusuma,45,Software Engineer,41598480
Rina Hidayat,46,Operations Manager,25493748
Gita Saputra,52,Sales Executive,8449807
Fitri Rahayu,58,UI/UX Designer,11258835
Hadi Suryani,43,Office Administrator,7502651
Vina Suryani,43,Customer Support,27224449
Kiki Suryani,38,Customer Support,31057320
Gita Wibowo,59,Marketing Specialist,38006450
Andi Hidayat,29,Sales Executive,12734264
Gita Suryani,51,Marketing Specialist,18004483
Nur Setiawan,49,Customer Support,24404233
Kiki Wibowo,33,Sales Executive,27786080
Eka Halim,58,Office Administrator,40693845
Tono Kusuma,59,Office Administrator,5069716
Nur Halim,32,Customer Support,11003129
Qori Saputra,49,QA Engineer,37488305
Nur Wibowo,26,UI/UX Designer,16131413
Umar Halim,23,Software Engineer,17153509
Nur Hidayat,45,Accountant,7264815
Wati Setiawan,50,Office Administrator,32306820
Joko Rahayu,29,Data Analyst,27251143
Zaki Pratama,36,Accountant,29982955
Gita Halim,56,HR Staff,17011319
Tono Pratama,28,QA Engineer,8549871
Oki Setiawan,59,Product Manager,16042411
Citra Kusuma,43,QA Engineer,36314930
Joko Pratama,28,UI/UX Designer,13790958
Joko Wijaya,26,Operations Manager,5389259
Nur Suryani,60,Office Administrator,18404757
Umar Rahayu,21,UI/UX Designer,17213089
Mega Wibowo,19,Accountant,6979285
Hadi Saputra,49,Customer Support,27949679
Mega Halim,33,Marketing Specialist,40903630
Indra Gunawan,43,Marketing Specialist,8178475
Eka Saputra,41,Marketing Specialist,7212992
Mega Wibowo,47,Data Analyst,32179052
Citra Wibowo,50,Marketing Specialist,32821082
Mega Wibowo,44,UI/UX Designer,29915277
Hadi Saputra,30,Software Engineer,25710956
Kiki Wijaya,48,QA Engineer,9075249
Nur Firmansyah,30,QA Engineer,6792528
Joko Wijaya,23,HR Staff,30324103
Vina Firmansyah,20,Office Administrator,44757798
Umar Saputra,56,Marketing Specialist,29282200
Qori Setiawan,30,Sales Executive,18900389
Oki Nugroho,53,UI/UX Designer,14558731
Kiki Wibowo,44,Customer Support,35624939
Eka Setiawan,25,Office Administrator,17571966
Zaki Rahayu,46,Marketing Specialist,24040424
Mega Nugroho,26,UI/UX Designer,23426266
Andi Nugroho,36,Software Engineer,22428844
Tono Nugroho,53,Product Manager,14366053
Rina Rahayu,44,Accountant,8726661
Wati Firmansyah,25,HR Staff,35181607
Citra Setiawan,60,Office Administrator,10060714
Kiki Saputra,23,Marketing Specialist,30221339
Citra Wibowo,39,Sales Executive,43123473
Hadi Santoso,57,UI/UX Designer,14678271
Vina Kusuma,28,QA Engineer,15379240
Indra Rahayu,58,Software Engineer,19086705
Kiki Nugroho,37,Operations Manager,37752770
Budi Suryani,50,Accountant,11148696
Dewi Hidayat,53,Sales Executive,44400404
Tono Wibowo,34,QA Engineer,7627537
Yanto Firmansyah,19,QA Engineer,21268629
Umar Santoso,41,Data Analyst,29571239
Citra Kusuma,40,Software Engineer,44505844
Budi Gunawan,60,QA Engineer,22960090
Joko Nugroho,24,Operations Manager,9817956
Siti Halim,34,Software Engineer,31082080
Putri Halim,59,Marketing Specialist,30710987
Indra Nugroho,42,Product Manager,5015955
Qori Saputra,30,Marketing Specialist,40084779
Tono Setiawan,56,Product Manager,33882388
Citra Wibowo,32,Customer Support,22511824
Indra Suryani,22,Product Manager,17593405
Oki Wibowo,38,Customer Support,32349475
Indra Pratama,19,Software Engineer,30853472
Yanto Halim,58,Software Engineer,37753635
Dewi Nugroho,29,Office Administrator,34161156
Oki Firmansyah,42,Marketing Specialist,9057996
Qori Pratama,37,Accountant,9333207
Siti Santoso,25,Customer Support,8592048
Putri Suryani,53,Software Engineer,36326162
Nur Rahayu,56,Sales Executive,35313931
Fitri Hidayat,56,Data Analyst,9115056
Dewi Santoso,24,Data Analyst,10810573
Rina Firmansyah,50,Accountant,33858443
Eka Santoso,59,Marketing Specialist,8208009
Wati Saputra,23,Operations Manager,37927383
Tono Rahayu,38,Product Manager,26905814
Andi Rahayu,45,QA Engineer,34160751
Siti Wibowo,22,QA Engineer,19909872
Siti Wibowo,36,Customer Support,42012659
Vina Halim,47,Sales Executive,34916017
Citra Gunawan,20,Product Manager,13113922
Siti Hidayat,59,Marketing Specialist,34665818
Rina Kusuma,44,Data Analyst,8273862
Budi Pratama,49,Office Administrator,36630750
Fitri Wibowo,57,Accountant,43138244
Rina Kusuma,42,Operations Manager,23090442
Wati Wibowo,25,Customer Support,27955649
Wati Setiawan,21,Data Analyst,24027414
Lestari Gunawan,58,Customer Support,40694051
Mega Santoso,29,Sales Executive,18741762
Vina Suryani,50,Software Engineer,36253914
Nur Setiawan,33,Operations Manager,9710794
Budi Nugroho,32,Office Administrator,16469957
Oki Hidayat,28,QA Engineer,23237257
Putri Setiawan,26,Software Engineer,8780993
Budi Nugroho,59,Software Engineer,27370683
Zaki Hidayat,41,Marketing Specialist,20113648
Vina Gunawan,50,UI/UX Designer,41361743
Joko Pratama,39,Product Manager,13849363
Dewi Halim,20,Software Engineer,43652865
Andi Kusuma,53,HR Staff,41552311
Mega Rahayu,47,Product Manager,10640681
Vina Wijaya,37,Customer Support,37387351
Umar Firmansyah,36,Marketing Specialist,22768488
Indra Suryani,55,Product Manager,13129658
Rina Nugroho,56,Marketing Specialist,12816495
Joko Kusuma,26,HR Staff,30306572
Joko Kusuma,50,Product Manager,6822959
Qori Firmansyah,37,Software Engineer,38212449
Putri Wibowo,22,Office Administrator,9077784
Hadi Setiawan,39,Data Analyst,18906361
Eka Kusuma,21,Marketing Specialist,43769041
Citra Gunawan,56,Operations Manager,10391035
Oki Wijaya,22,Data Analyst,39678428
Joko Saputra,50,Operations Manager,33969603
Lestari Wibowo,60,HR Staff,37295824
Fitri Rahayu,31,Customer Support,24399321
Tono Nugroho,20,Office Administrator,5209224
Hadi Gunawan,55,Product Manager,40634004
Umar Firmansyah,52,Software Engineer,26736749
Qori Setiawan,27,QA Engineer,4305975
Citra Wibowo,33,Office Administrator,43860589
Budi Suryani,18,HR Staff,23252559
Wati Firmansyah,49,Office Administrator,37832827
Putri Setiawan,47,Product Manager,28486174
Hadi Setiawan,27,UI/UX Designer,37124353
Kiki Wibowo,42,Office Administrator,25665515
Hadi Wijaya,50,Marketing Specialist,17246747
Lestari Gunawan,40,HR Staff,23005264
Siti Wibowo,51,Product Manager,14948653
Mega Saputra,54,Software Engineer,5536863
Nur Suryani,29,UI/UX Designer,40949713
Oki Wijaya,28,Software Engineer,39641963
Indra Saputra,58,QA Engineer,29291735
Indra Kusuma,39,Office Administrator,33722785
Mega Suryani,48,Data Analyst,34082643
Eka Setiawan,33,Office Administrator,31219526
Eka Pratama,56,Operations Manager,30166923
Nur Halim,55,UI/UX Designer,40032971
Oki Rahayu,58,Product Manager,17304824
Putri Firmansyah,41,Marketing Specialist,12072723
Oki Saputra,24,Sales Executive,8066532
Yanto Hidayat,18,Marketing Specialist,23579595
Zaki Wibowo,44,QA Engineer,35154809
Andi Setiawan,42,Product Manager,7185645
Eka Santoso,35,Office Administrator,5120863
Joko Kusuma,49,UI/UX Designer,24891787
Yanto Suryani,33,Customer Support,36609140
Mega Hidayat,54,Office Administrator,14013471
Citra Wijaya,24,Sales Executive,4010026
Joko Rahayu,48,HR Staff,30750357
Wati Setiawan,33,Product Manager,42754038
Gita Nugroho,56,HR Staff,23183108
Eka Nugroho,45,UI/UX Designer,22466767
Yanto Pratama,47,Operations Manager,19255675
Joko Santoso,54,Office Administrator,11319843
Rina Saputra,27,Office Administrator,8893590
Dewi Saputra,40,Software Engineer,23060197
Budi Gunawan,36,Marketing Specialist,12615349
Qori Kusuma,21,HR Staff,31921120
Tono Nugroho,30,Operations Manager,19771016
Dewi Wijaya,37,Customer Support,36900206
Siti Rahayu,44,Sales Executive,20452568
Vina Rahayu,47,UI/UX Designer,4553994
Nur Hidayat,43,Customer Support,27919609
Lestari Pratama,48,Software Engineer,8049799
Siti Pratama,30,Accountant,12179191
Wati Setiawan,43,Customer Support,11715210
Rina Gunawan,29,Operations Manager,16763276
Mega Wibowo,49,Product Manager,23136975
Lestari Santoso,49,UI/UX Designer,5067199
Yanto Gunawan,42,Operations Manager,16690530
Eka Pratama,28,UI/UX Designer,10165311
Eka Kusuma,39,Software Engineer,42443481
Yanto Firmansyah,22,Customer Support,41620425
Putri Pratama,25,Accountant,19554184
Kiki Nugroho,39,Operations Manager,26361739
Indra Gunawan,41,Customer Support,36623178
Gita Santoso,44,HR Staff,19309575
Mega Halim,44,Data Analyst,6766635
Nur Santoso,32,Customer Support,15289401
Eka Wijaya,45,HR Staff,15208503
Dewi Gunawan,49,Software Engineer,10514302
Yanto Pratama,25,HR Staff,41371685
Wati Halim,31,Office Administrator,4480141
Siti Pratama,55,Operations Manager,8985914
Umar Pratama,33,HR Staff,32611996
Hadi Kusuma,40,Accountant,41848299
Qori Santoso,58,UI/UX Designer,17592701
Umar Pratama,25,UI/UX Designer,14835066
Hadi Saputra,56,Product Manager,32712717
Joko Saputra,49,QA Engineer,16947375
Siti Pratama,37,Marketing Specialist,37188311
Fitri Pratama,47,Software Engineer,26532516
Lestari Suryani,47,Customer Support,19705938
Dewi Setiawan,58,Marketing Specialist,18523495
Rina Setiawan,18,HR Staff,15348804
Putri Kusuma,40,UI/UX Designer,9754287
Eka Pratama,24,Data Analyst,40348804
Vina Wijaya,29,Customer Support,39385697
Citra Gunawan,21,Sales Executive,10841833
Qori Firmansyah,57,Office Administrator,41932206
Joko Halim,49,Product Manager,16344367
Tono Santoso,18,Marketing Specialist,41225158
Citra Kusuma,59,Customer Support,13910147
Joko Firmansyah,53,Office Administrator,23811091
Yanto Pratama,29,Sales Executive,28502058
Zaki Suryani,40,QA Engineer,15689519
Joko Nugroho,59,Marketing Specialist,29935587
Budi Wijaya,25,Marketing Specialist,15842731
Kiki Hidayat,49,Accountant,7363373
Hadi Halim,46,Data Analyst,14123324
Indra Kusuma,59,Software Engineer,25384288
Zaki Wibowo,49,QA Engineer,15222234
Qori Suryani,52,Software Engineer,7839702
Indra Wibowo,34,Marketing Specialist,34373347
Wati Pratama,34,Sales Executive,42016918
Eka Suryani,37,HR Staff,14569844
Yanto Saputra,18,Data Analyst,44818742
Oki Rahayu,41,Product Manager,12258191
Lestari Firmansyah,43,Software Engineer,33523937
Budi Halim,49,Marketing Specialist,33805306
Eka Saputra,29,Operations Manager,25444003
Wati Halim,18,HR Staff,18288688
Umar Suryani,56,Office Administrator,16430208
Lestari Suryani,27,Marketing Specialist,44646695
Putri Kusuma,23,Product Manager,30532783
Umar Pratama,18,Accountant,25590277
Indra Saputra,48,UI/UX Designer,17049230
Mega Pratama,36,Office Administrator,31604282
Gita Halim,18,Accountant,30702184
Zaki Wibowo,44,HR Staff,26231627
Gita Rahayu,59,Operations Manager,9712454
Andi Saputra,52,Product Manager,29540065
Wati Wibowo,32,UI/UX Designer,19125596
Zaki Nugroho,44,Software Engineer,20227457
Indra Santoso,35,QA Engineer,22029418
Zaki Nugroho,41,Data Analyst,24502232
Vina Halim,43,Customer Support,17927489
Rina Wijaya,60,UI/UX Designer,33005817
Eka Halim,44,Product Manager,28808599
Lestari Suryani,45,Operations Manager,41619020
Nur Pratama,28,Software Engineer,11090298
Andi Halim,30,Product Manager,37998119
Wati Suryani,29,Marketing Specialist,23167931
Dewi Saputra,28,Software Engineer,24806039
Umar Saputra,23,Product Manager,11883331
Putri Saputra,33,Customer Support,41610407
Indra Wibowo,48,Data Analyst,25599714
Zaki Halim,43,Operations Manager,16275610
Dewi Wijaya,56,Office Administrator,14507996
Gita Kusuma,36,Operations Manager,30167850
Hadi Hidayat,44,QA Engineer,10990858
Vina Pratama,30,HR Staff,40819983
Putri Suryani,49,Software Engineer,35036415
Hadi Halim,38,Accountant,36274852
Andi Halim,49,UI/UX Designer,6416734
Joko Halim,46,Data Analyst,16270191
Lestari Rahayu,46,HR Staff,13417088
Rina Pratama,33,Accountant,23896406
Hadi Wibowo,57,Sales Executive,6991960
Joko Halim,50,Accountant,34991052
Mega Kusuma,35,Sales Executive,11451626
Eka Setiawan,18,Sales Executive,4390148
Nur Nugroho,58,HR Staff,6858696
Rina Saputra,19,Data Analyst,7749584
Dewi Saputra,33,Product Manager,42333061
Mega Firmansyah,57,HR Staff,4873761
Siti Saputra,57,Marketing Specialist,17151746
Yanto Rahayu,49,Software Engineer,8060913
Siti Nugroho,39,Sales Executive,35099971
Citra Hidayat,22,Product Manager,35168952
Yanto Halim,44,HR Staff,8057413
Indra Santoso,20,QA Engineer,9910457
Eka Rahayu,38,HR Staff,20114091
Nur Setiawan,23,Office Administrator,28729088
Dewi Wibowo,52,Accountant,7127961
Putri Firmansyah,41,UI/UX Designer,30524514
Umar Gunawan,37,Product Manager,24116970
Tono Firmansyah,33,Accountant,23345306
Eka Rahayu,42,UI/UX Designer,20418264
Andi Kusuma,40,Operations Manager,25847506
Rina Suryani,51,Office Administrator,11083616
Dewi Nugroho,31,Marketing Specialist,35023617
Wati Suryani,30,Accountant,40624931
Budi Firmansyah,57,Marketing Specialist,18667194
Kiki Wibowo,19,Accountant,41683091
Oki Setiawan,52,QA Engineer,14325079
Rina Gunawan,31,HR Staff,26854954
Oki Kusuma,42,Customer Support,10086086
Vina Gunawan,58,Product Manager,28725740
Eka Kusuma,26,UI/UX Designer,41997027
Siti Wibowo,23,Marketing Specialist,35886932
Fitri Pratama,19,Accountant,14309497
Andi Suryani,48,Office Administrator,35504417
Tono Hidayat,52,UI/UX Designer,6173923
Rina Kusuma,54,Data Analyst,40192032
Mega Setiawan,60,Office Administrator,19095382
Rina Suryani,26,Office Administrator,4598355
Qori Saputra,53,Office Administrator,23994097
Vina Gunawan,43,Sales Executive,15754649
Eka Santoso,22,Accountant,37594018
Yanto Hidayat,50,Product Manager,23453611
Wati Rahayu,43,QA Engineer,43696370
Oki Setiawan,35,Office Administrator,23460572
Yanto Firmansyah,51,Accountant,33816811
Citra Suryani,60,Accountant,37074746
Andi Firmansyah,38,Customer Support,5992406
Wati Pratama,32,Data Analyst,13958734
Kiki Hidayat,59,Sales Executive,37161696
Mega Wibowo,49,HR Staff,17429458
Oki Firmansyah,38,Product Manager,44418963
Zaki Wibowo,60,QA Engineer,23998305
Lestari Kusuma,30,HR Staff,27447118
Yanto Wibowo,28,Accountant,6462702
Tono Gunawan,46,Data Analyst,9942526
Eka Suryani,43,UI/UX Designer,32871253
Andi Nugroho,38,Operations Manager,43248592
Andi Rahayu,49,Marketing Specialist,16782502
Citra Firmansyah,39,Product Manager,37611374
Budi Hidayat,49,QA Engineer,32008511
Rina Firmansyah,51,UI/UX Designer,10991440
Putri Halim,20,Operations Manager,10619242
Vina Firmansyah,36,Operations Manager,24876071
Fitri Rahayu,34,Office Administrator,8166534
Oki Firmansyah,40,Software Engineer,41598593
Umar Halim,25,Marketing Specialist,9411971
Hadi Wijaya,25,UI/UX Designer,40185636
Fitri Kusuma,53,Product Manager,22290831
Wati Setiawan,59,HR Staff,41259902
Gita Hidayat,50,Product Manager,10746722
Rina Setiawan,33,Data Analyst,23700835
Vina Gunawan,42,Sales Executive,23200899
Siti Pratama,19,Product Manager,25133810
Eka Wibowo,26,Data Analyst,27420145
Indra Hidayat,25,Accountant,35180441
Indra Setiawan,20,Marketing Specialist,43352605
Wati Gunawan,39,Sales Executive,13425489
Qori Wijaya,22,Marketing Specialist,7137878
Fitri Rahayu,18,Accountant,41325339
Siti Gunawan,50,Product Manager,29140931
Fitri Hidayat,30,UI/UX Designer,32519519
Yanto Rahayu,58,HR Staff,39548115
Kiki Halim,26,Data Analyst,21609982
Andi Pratama,59,QA Engineer,28307908
Putri Santoso,19,Marketing Specialist,39944906
Yanto Firmansyah,53,UI/UX Designer,36123048
Andi Kusuma,45,Sales Executive,6609694
Qori Gunawan,18,Sales Executive,20590283
Vina Pratama,28,QA Engineer,4567485
Siti Wibowo,47,Data Analyst,30786268
Fitri Firmansyah,19,Accountant,43393422
Wati Pratama,54,Office Administrator,27884728
Hadi Suryani,29,Customer Support,19782457
Vina Firmansyah,18,Data Analyst,38385287
Citra Kusuma,52,Customer Support,18315535
Wati Pratama,27,QA Engineer,6755704
Oki Wijaya,21,Customer Support,39769473
Eka Santoso,58,UI/UX Designer,15198735
Rina Kusuma,24,Operations Manager,34085375
Vina Gunawan,30,Customer Support,37766074
Siti Suryani,21,Office Administrator,34999743
Andi Rahayu,58,Office Administrator,40022130
Joko Rahayu,51,Sales Executive,30362277
Oki Pratama,40,Data Analyst,40208269
Budi Setiawan,24,Customer Support,23634476
Lestari Wibowo,46,Operations Manager,15438812
Gita Gunawan,40,QA Engineer,38328868
Andi Suryani,36,HR Staff,12814695
Citra Santoso,58,HR Staff,21693721
Citra Gunawan,50,Accountant,18348822
Kiki Firmansyah,24,Marketing Specialist,14124235
Umar Setiawan,21,Operations Manager,37358923
Siti Pratama,51,Accountant,38973962
Wati Nugroho,53,QA Engineer,18214396
Putri Hidayat,31,Product Manager,29001232
Citra Kusuma,40,Sales Executive,44427005
Budi Wibowo,57,Marketing Specialist,5529674
Yanto Rahayu,47,Customer Support,42551306
Putri Pratama,31,UI/UX Designer,35335769
Budi Hidayat,51,UI/UX Designer,18327491
Umar Gunawan,18,Data Analyst,10706624
Budi Wibowo,21,Product Manager,10421832
Dewi Suryani,42,Data Analyst,37419967
Rina Suryani,19,Data Analyst,14957501
Tono Saputra,44,Office Administrator,27593246
Rina Suryani,51,Office Administrator,18188393
Zaki Gunawan,24,Customer Support,9261758
Gita Wijaya,49,HR Staff,26854607
Citra Nugroho,33,Customer Support,14761968
Citra Wijaya,52,Marketing Specialist,24473469
Zaki Halim,28,UI/UX Designer,40562801
Umar Wibowo,26,Operations Manager,13031075
Vina Halim,32,HR Staff,8816723
Qori Suryani,57,Accountant,26866328
Indra Hidayat,35,Software Engineer,14639409
Indra Wibowo,37,Operations Manager,18006184
Lestari Wibowo,25,UI/UX Designer,23863669
Fitri Gunawan,20,HR Staff,10125903
Citra Gunawan,30,Data Analyst,10922086
Siti Nugroho,37,Data Analyst,21761281
Dewi Wibowo,31,Product Manager,35755764
Lestari Wijaya,43,QA Engineer,28422448
Lestari Pratama,19,Sales Executive,8190164
Kiki Gunawan,34,Office Administrator,18958380
Indra Kusuma,31,Product Manager,18124464
Mega Pratama,50,Software Engineer,13987180
Putri Hidayat,34,UI/UX Designer,41289351
Wati Halim,19,Marketing Specialist,43101281
Citra Saputra,49,Data Analyst,18092241
Kiki Wijaya,43,HR Staff,6292934
Gita Gunawan,46,Data Analyst,35936675
Andi Halim,41,Marketing Specialist,42646851
Vina Suryani,53,Operations Manager,14247454
Gita Pratama,56,Marketing Specialist,11886950
Gita Setiawan,20,HR Staff,15176243
Vina Wijaya,32,Product Manager,6477482
Nur Kusuma,24,Office Administrator,28767812
Joko Gunawan,42,Data Analyst,29468537
Lestari Halim,37,Sales Executive,38736956
Vina Setiawan,50,Sales Executive,20131459
Siti Rahayu,30,UI/UX Designer,24864883
Siti Nugroho,39,Marketing Specialist,13288462
Joko Santoso,19,Customer Support,26532815
Gita Pratama,49,Software Engineer,41357533
Zaki Saputra,50,Software Engineer,42097096
Qori Santoso,38,Sales Executive,43498457
Oki Suryani,24,Product Manager,22392746
Tono Rahayu,22,UI/UX Designer,25692161
Zaki Saputra,43,HR Staff,34784577
Yanto Pratama,27,Office Administrator,32988610
Mega Halim,29,Operations Manager,31516861
Gita Wijaya,60,Accountant,10254469
Yanto Wibowo,32,Office Administrator,39682118
Wati Setiawan,55,Data Analyst,42876193
Zaki Wijaya,44,Marketing Specialist,10954249
Eka Hidayat,33,QA Engineer,13805792
Oki Gunawan,45,Data Analyst,20482053
Dewi Rahayu,22,Customer Support,29158682
Andi Firmansyah,38,HR Staff,26965221
Hadi Nugroho,29,UI/UX Designer,5363970
Nur Firmansyah,32,Sales Executive,4294326
Umar Halim,18,Office Administrator,23538719
Siti Hidayat,24,UI/UX Designer,17087190
Vina Gunawan,41,Sales Executive,36463645
Tono Firmansyah,28,Sales Executive,16498014
Dewi Setiawan,24,HR Staff,22172912
Qori Nugroho,34,Customer Support,38721978
Tono Saputra,37,Software Engineer,35902260
Fitri Gunawan,32,HR Staff,42804834
Lestari Nugroho,40,Accountant,13200823
Citra Wibowo,50,Data Analyst,26392578
Tono Nugroho,33,Office Administrator,18496079
Dewi Halim,47,Product Manager,10706516
Nur Wijaya,34,QA Engineer,44097167
Wati Rahayu,34,Customer Support,13252755
Dewi Setiawan,23,Accountant,17352217
Zaki Halim,29,Customer Support,16324928
Putri Halim,55,Sales Executive,22746766
Indra Gunawan,39,Accountant,7811036
Wati Firmansyah,54,Customer Support,20031688
Lestari Suryani,35,Operations Manager,26731367
Dewi Wijaya,59,UI/UX Designer,40422937
Lestari Rahayu,57,Software Engineer,21790386
Lestari Kusuma,39,Sales Executive,14759753
Vina Firmansyah,44,UI/UX Designer,5564174
Nur Nugroho,43,Data Analyst,36087555
Qori Nugroho,40,Operations Manager,19549844
Wati Halim,35,Data Analyst,21828358
Lestari Rahayu,34,Data Analyst,14194222
Indra Gunawan,19,Data Analyst,6310059
Umar Wijaya,44,QA Engineer,25147515
Andi Gunawan,56,UI/UX Designer,4376720
Budi Nugroho,18,Customer Support,31074532
Umar Pratama,39,Product Manager,4564411
Andi Wijaya,38,Office Administrator,11467490
Indra Pratama,20,QA Engineer,21636957
Dewi Gunawan,31,Sales Executive,37587665
Nur Saputra,25,Product Manager,8487664
Gita Rahayu,47,Office Administrator,36737954
Umar Wijaya,26,Office Administrator,38745892
Fitri Suryani,36,Sales Executive,26850343
Wati Halim,22,Data Analyst,41345646
Qori Gunawan,53,UI/UX Designer,36154505
Tono Firmansyah,36,Office Administrator,11851306
Umar Pratama,21,HR Staff,32274878
Qori Firmansyah,53,Software Engineer,40978060
Nur Wibowo,39,HR Staff,18905875
Hadi Pratama,18,Office Administrator,15076201
Dewi Firmansyah,28,Marketing Specialist,18000707
Vina Wijaya,39,Office Administrator,24834087
Nur Nugroho,50,Customer Support,7871513
Mega Kusuma,32,Software Engineer,24283388
Umar Halim,34,Software Engineer,38220621
Tono Saputra,42,Software Engineer,25242908
Lestari Santoso,31,HR Staff,32828726
Hadi Wibowo,33,Product Manager,10887556
Eka Wibowo,43,UI/UX Designer,8697226
Indra Wijaya,25,Accountant,39367013
Indra Hidayat,43,HR Staff,6769756
Fitri Halim,60,UI/UX Designer,14460793
Zaki Saputra,56,Office Administrator,23330936
Qori Suryani,52,Customer Support,25455462
Qori Firmansyah,25,Data Analyst,9840265
Hadi Pratama,49,Operations Manager,29178577
Fitri Saputra,42,Software Engineer,8382642
Siti Gunawan,20,Marketing Specialist,26997925
Joko Firmansyah,27,Data Analyst,42684862
Yanto Hidayat,37,Data Analyst,5937422
Vina Halim,59,Operations Manager,22261881
Siti Santoso,26,Product Manager,16917043
Lestari Nugroho,59,Operations Manager,12376024
Kiki Gunawan,55,Sales Executive,17172435
Vina Nugroho,48,QA Engineer,15470611
Mega Firmansyah,50,HR Staff,44467313
Wati Santoso,51,Customer Support,14483550
Qori Kusuma,54,Product Manager,24991863
Dewi Halim,37,Product Manager,8792391
Zaki Suryani,34,Accountant,15736163
Fitri Kusuma,27,UI/UX Designer,23473479
Yanto Pratama,28,Product Manager,24476848
Citra Hidayat,44,Marketing Specialist,32589002
Dewi Suryani,35,Marketing Specialist,29778083
Yanto Nugroho,40,Marketing Specialist,34968652
Mega Kusuma,46,Accountant,33315595
Lestari Rahayu,37,Marketing Specialist,29537657
Yanto Saputra,33,Software Engineer,8254997
Nur Halim,41,HR Staff,4640010
Mega Halim,46,Software Engineer,35504464
Kiki Kusuma,37,Software Engineer,9876750
Fitri Hidayat,20,HR Staff,36842378
Hadi Halim,53,UI/UX Designer,15569526
Siti Saputra,44,QA Engineer,28820772
Mega Hidayat,57,QA Engineer,17433062
Eka Firmansyah,32,Sales Executive,12843795
Gita Santoso,46,Customer Support,38683030
Putri Suryani,31,Accountant,32657840
Kiki Rahayu,38,Accountant,10305820
Rina Setiawan,40,Product Manager,31457790
Hadi Gunawan,56,Data Analyst,9157259
Dewi Wijaya,30,Sales Executive,19439835
Tono Rahayu,43,HR Staff,32429504
Umar Firmansyah,45,HR Staff,41011878
Qori Wijaya,22,HR Staff,18327305
Hadi Hidayat,45,QA Engineer,16937399
Gita Wijaya,35,Sales Executive,30256596
Vina Wijaya,46,Operations Manager,4629042
Hadi Pratama,42,Data Analyst,29869500
Umar Santoso,21,Marketing Specialist,16102369
Fitri Hidayat,34,Customer Support,35427523
Putri Rahayu,57,Sales Executive,37972247
Budi Saputra,42,Sales Executive,34353145
Dewi Setiawan,44,Data Analyst,40521798
Joko Halim,33,Software Engineer,34948781
Budi Kusuma,40,HR Staff,31027839
Lestari Halim,46,QA Engineer,42077852
Joko Pratama,19,Operations Manager,31398959
Andi Suryani,23,Data Analyst,5859566
Eka Rahayu,43,Data Analyst,44869883
Kiki Pratama,56,Office Administrator,4539321
Gita Firmansyah,53,Accountant,9071806
Kiki Wijaya,45,Product Manager,39641229
Zaki Santoso,57,QA Engineer,5169654
Qori Setiawan,52,Customer Support,18916160
Siti Wijaya,55,Data Analyst,7090198
Fitri Wibowo,34,Office Administrator,5397002
Oki Pratama,58,Office Administrator,20192419
Eka Firmansyah,56,Office Administrator,25493527
Dewi Gunawan,24,HR Staff,22224975
Zaki Nugroho,28,Product Manager,22865976
Hadi Rahayu,34,Accountant,44193495
Rina Setiawan,37,Sales Executive,10915418
Zaki Setiawan,31,Data Analyst,27776137
Qori Hidayat,37,Sales Executive,33476192
Yanto Gunawan,35,Customer Support,10609899
Yanto Gunawan,23,Sales Executive,44918245
Wati Setiawan,19,Data Analyst,9076620
Lestari Wijaya,54,HR Staff,35591046
Andi Pratama,26,QA Engineer,41990836
Hadi Rahayu,22,Software Engineer,43142368
Mega Firmansyah,25,QA Engineer,4503535
Tono Halim,40,Marketing Specialist,9105126
Indra Firmansyah,20,Data Analyst,13309104
Dewi Setiawan,23,Accountant,26730168
Budi Santoso,35,Office Administrator,11766009
Tono Suryani,41,Marketing Specialist,43772807
Kiki Setiawan,30,Product Manager,19764526
Gita Wijaya,33,Accountant,40776290
Joko Santoso,34,Office Administrator,20007271
Dewi Nugroho,45,QA Engineer,23995839
Andi Setiawan,49,Data Analyst,7601888
Dewi Rahayu,31,QA Engineer,32603427
Hadi Wijaya,60,Software Engineer,41079384
Wati Rahayu,26,Sales Executive,5919017
Kiki Saputra,59,Sales Executive,27921815
Rina Setiawan,22,Marketing Specialist,21826093
Fitri Nugroho,40,Product Manager,38704520
Lestari Halim,20,Product Manager,23039686
Budi Kusuma,51,Office Administrator,10725801
Lestari Gunawan,38,Customer Support,39523918
Umar Nugroho,40,Marketing Specialist,44344092
Lestari Gunawan,51,HR Staff,17630015
Yanto Nugroho,23,UI/UX Designer,15874220
Oki Saputra,59,Data Analyst,8477520
Nur Saputra,18,QA Engineer,11194360
Lestari Setiawan,35,Office Administrator,42345527
Budi Wibowo,20,Software Engineer,22135053
Tono Rahayu,57,Data Analyst,17091288
Oki Kusuma,42,Operations Manager,37411560
Gita Setiawan,42,Data Analyst,23133928
Zaki Suryani,21,Data Analyst,33339836
Wati Setiawan,36,Customer Support,25365381
Putri Kusuma,31,QA Engineer,8862785
Rina Halim,54,Sales Executive,15903576
Putri Suryani,29,Sales Executive,42895447
Citra Santoso,23,HR Staff,40455899
Kiki Kusuma,20,UI/UX Designer,12449424
Wati Setiawan,40,Accountant,28366078
Lestari Firmansyah,58,Accountant,37813919
Indra Hidayat,37,Sales Executive,32826061
Citra Hidayat,38,UI/UX Designer,7390645
Lestari Saputra,33,Customer Support,18415323
Joko Halim,26,Marketing Specialist,41880534
Dewi Halim,23,QA Engineer,43313655
Gita Hidayat,31,Office Administrator,35772356
Indra Santoso,34,Accountant,38170549
Putri Wijaya,27,Accountant,34335557
Gita Rahayu,29,Data Analyst,33129320
Zaki Suryani,32,Accountant,4007493
Citra Saputra,41,QA Engineer,44788788
Wati Gunawan,28,Data Analyst,30501466
Tono Pratama,23,Sales Executive,38186819
Siti Firmansyah,48,Product Manager,37715963
Siti Saputra,25,Office Administrator,20919236
Joko Hidayat,45,Data Analyst,33180146
Lestari Hidayat,25,Accountant,33909438
Qori Setiawan,43,Product Manager,20658541
Dewi Firmansyah,32,Operations Manager,31606651
Tono Hidayat,29,Customer Support,18615606
Andi Rahayu,37,Marketing Specialist,25595153
Yanto Kusuma,30,Customer Support,9270238
Putri Wibowo,33,Marketing Specialist,40852232
Putri Wibowo,54,QA Engineer,7192560
Kiki Hidayat,50,Accountant,14318146
Lestari Wijaya,31,HR Staff,31460374
Rina Kusuma,21,Accountant,24959593
Nur Nugroho,21,Office Administrator,37777204
Oki Kusuma,21,Accountant,7459255
Hadi Suryani,18,UI/UX Designer,28814177
Indra Hidayat,54,Accountant,17870352
Nur Nugroho,33,HR Staff,15839892
Budi Nugroho,34,Data Analyst,12612766
Andi Pratama,60,UI/UX Designer,17202467
Vina Wibowo,51,Software Engineer,9415043
Umar Hidayat,46,Product Manager,20992226
Gita Wibowo,40,Operations Manager,40064090
Vina Hidayat,31,Sales Executive,11994235
Andi Rahayu,53,Product Manager,28812021
Joko Rahayu,45,Customer Support,37974756
Yanto Suryani,58,QA Engineer,10056526
Andi Pratama,41,Office Administrator,7266537
Budi Wijaya,36,HR Staff,7684196
Siti Gunawan,48,Data Analyst,25290477
Andi Suryani,49,Data Analyst,42026239
Kiki Wibowo,47,Accountant,31641133
Rina Wibowo,26,Accountant,27915632
Tono Hidayat,50,QA Engineer,22004065
Citra Nugroho,26,Sales Executive,6641122
Oki Saputra,21,Sales Executive,22282695
Lestari Nugroho,47,Product Manager,22420055
Dewi Gunawan,58,Office Administrator,13467559
Tono Kusuma,26,Sales Executive,29117888
Hadi Santoso,31,Operations Manager,11395123
Nur Halim,42,QA Engineer,33305093
Eka Halim,25,Sales Executive,38130421
Eka Halim,41,Marketing Specialist,12740606
Zaki Wijaya,36,Office Administrator,41777869
Putri Halim,47,Product Manager,26141495
Zaki Gunawan,35,Accountant,6616000
Indra Wibowo,50,Marketing Specialist,44392686
Putri Nugroho,51,Product Manager,33126783
Oki Gunawan,19,Operations Manager,37265722
Rina Firmansyah,59,Sales Executive,22627572
Wati Firmansyah,60,UI/UX Designer,44969785
Budi Hidayat,55,Operations Manager,14167439
Dewi Pratama,52,Office Administrator,4611028
Indra Pratama,32,Sales Executive,44037489
Eka Kusuma,32,Customer Support,32613263
Citra Hidayat,59,QA Engineer,43355841
Joko Halim,30,Data Analyst,23619687
Mega Gunawan,59,Operations Manager,27069112
Kiki Firmansyah,23,Software Engineer,15255827
Tono Firmansyah,48,Customer Support,32740465
Vina Wijaya,59,Data Analyst,17848961
Fitri Firmansyah,32,Marketing Specialist,19722122
Citra Wibowo,37,UI/UX Designer,8225287
Wati Gunawan,20,Operations Manager,22552429
Vina Pratama,56,UI/UX Designer,17113566
Budi Rahayu,46,Accountant,15710129
Rina Pratama,38,Sales Executive,17036299
Joko Setiawan,41,Data Analyst,12821033
Oki Kusuma,32,Operations Manager,28980163
Vina Saputra,54,Product Manager,33275424
Yanto Gunawan,38,Customer Support,11453583
Budi Firmansyah,40,Data Analyst,31045921
Lestari Suryani,44,Sales Executive,22676627
Nur Suryani,18,Accountant,31266853
Dewi Santoso,29,Accountant,21239101
Budi Santoso,44,Office Administrator,36086128
Kiki Pratama,26,Accountant,11286519
Lestari Hidayat,35,Sales Executive,6291723
Wati Kusuma,60,Customer Support,24365432
Citra Pratama,33,Accountant,27724301
Zaki Gunawan,53,Office Administrator,17089475
Rina Pratama,58,Accountant,41130851
Joko Rahayu,41,Data Analyst,16063538
Putri Firmansyah,50,Software Engineer,42747956
Rina Pratama,52,Office Administrator,10534135
Mega Santoso,19,Marketing Specialist,4837621
Indra Suryani,45,Accountant,8786547
Kiki Wijaya,53,QA Engineer,42811624
Budi Hidayat,32,Data Analyst,42779813
Vina Wijaya,57,QA Engineer,16473639
Umar Wijaya,49,Product Manager,19255615
Oki Saputra,50,UI/UX Designer,13359644
Yanto Rahayu,40,Accountant,39043085
Umar Santoso,50,UI/UX Designer,10122096
Joko Pratama,35,Accountant,40982569
Joko Gunawan,59,QA Engineer,11280835
Zaki Suryani,45,UI/UX Designer,24862819
Budi Wibowo,51,Operations Manager,10515204
Lestari Halim,34,Data Analyst,34674205
Wati Pratama,31,Sales Executive,7869371
Oki Firmansyah,49,QA Engineer,44016496
Lestari Santoso,22,Customer Support,37057579
Siti Wibowo,34,Software Engineer,36589459
Umar Gunawan,49,Customer Support,14602488
Zaki Kusuma,59,Office Administrator,35638976
Budi Firmansyah,19,Data Analyst,20834778
Hadi Pratama,53,QA Engineer,27589918
Dewi Nugroho,41,Marketing Specialist,28212120
Lestari Suryani,42,Software Engineer,40756776
Eka Setiawan,25,Office Administrator,35228907
Gita Nugroho,22,Sales Executive,30189544
Umar Setiawan,35,Sales Executive,11673478
Tono Halim,54,HR Staff,31545288
Kiki Firmansyah,20,Accountant,32859327
Eka Kusuma,37,HR Staff,35117080
Citra Saputra,35,Office Administrator,17479975
Yanto Wibowo,52,Data Analyst,37970704
Hadi Saputra,24,QA Engineer,42674238
Putri Rahayu,59,Office Administrator,36410368
Yanto Gunawan,49,Software Engineer,42846079
Indra Gunawan,47,Data Analyst,34529358
Mega Wibowo,58,Marketing Specialist,28218442
Lestari Santoso,18,Data Analyst,21284328
Wati Pratama,36,Product Manager,16005150
Gita Santoso,56,Sales Executive,33279309
Tono Firmansyah,41,Sales Executive,10922108
Citra Rahayu,35,Software Engineer,39644862
Lestari Wijaya,26,Software Engineer,24094763
Nur Gunawan,22,Data Analyst,19054056
Nur Firmansyah,46,Marketing Specialist,27068699
Yanto Firmansyah,34,Sales Executive,20135123
Tono Rahayu,38,Operations Manager,16776356
Zaki Pratama,19,Operations Manager,35029189
Siti Santoso,38,QA Engineer,35191745
Yanto Firmansyah,45,Product Manager,43216099
Kiki Hidayat,18,Marketing Specialist,42972909
Citra Suryani,27,Marketing Specialist,30501905
Hadi Hidayat,22,Marketing Specialist,29578828
Mega Kusuma,18,UI/UX Designer,38867011
Eka Kusuma,37,QA Engineer,31196608
Joko Hidayat,28,HR Staff,22183399
Zaki Wijaya,36,QA Engineer,34353923
Putri Hidayat,43,Marketing Specialist,20430163
Indra Firmansyah,21,Office Administrator,42596329
Fitri Saputra,49,HR Staff,22329303
Putri Nugroho,56,HR Staff,16083901
Vina Hidayat,27,QA Engineer,6626065
Siti Kusuma,24,UI/UX Designer,26291500
Rina Santoso,24,HR Staff,30898649
Indra Halim,55,UI/UX Designer,37269460
Eka Suryani,34,Customer Support,31969665
Oki Wijaya,40,Operations Manager,5270264
Kiki Wibowo,55,Product Manager,16158203
Nur Wijaya,43,Data Analyst,30303043
Vina Firmansyah,18,Customer Support,16005362
Tono Firmansyah,39,Accountant,25974189
Kiki Gunawan,52,Data Analyst,11739672
Putri Rahayu,36,Sales Executive,34586934
Nur Wijaya,20,UI/UX Designer,11484425
Mega Kusuma,46,Data Analyst,8274249
Wati Setiawan,23,Software Engineer,22804793
Tono Nugroho,19,Software Engineer,14221272
Tono Firmansyah,22,Software Engineer,43241072
Dewi Halim,25,Accountant,32178814
Wati Suryani,59,Office Administrator,10590597
Dewi Gunawan,48,Accountant,12871544
Gita Suryani,24,HR Staff,26333383
Fitri Pratama,25,Customer Support,40525581
Mega Firmansyah,59,QA Engineer,19335543
Mega Firmansyah,20,UI/UX Designer,18989202
Gita Wibowo,36,Operations Manager,12469116
Rina Gunawan,42,Sales Executive,13121803
Indra Halim,52,Software Engineer,22933309
Citra Kusuma,34,QA Engineer,38987959
Kiki Gunawan,28,Data Analyst,44783951
Siti Setiawan,43,QA Engineer,28096104
Qori Saputra,21,Software Engineer,14844390
Tono Hidayat,36,Product Manager,41944987
Lestari Pratama,37,Customer Support,40845871
Hadi Nugroho,45,Operations Manager,35144724
Dewi Gunawan,39,QA Engineer,38716213
Qori Pratama,35,QA Engineer,42116675
Mega Setiawan,23,QA Engineer,18242430
Indra Nugroho,59,Sales Executive,33993042
Zaki Santoso,42,Sales Executive,15541312
Fitri Rahayu,58,Operations Manager,22724055
Nur Kusuma,60,HR Staff,39313657
Qori Gunawan,37,Office Administrator,8952257
Lestari Pratama,19,Marketing Specialist,7036812
Wati Nugroho,20,Operations Manager,9417521
Dewi Saputra,54,Software Engineer,39164904
Wati Saputra,51,UI/UX Designer,7527362
Dewi Suryani,46,Operations Manager,13072027
Lestari Suryani,22,Data Analyst,10783486
Lestari Kusuma,28,Product Manager,21961686
Citra Rahayu,35,Operations Manager,26922272
Umar Santoso,27,Sales Executive,34551916
Gita Santoso,29,Marketing Specialist,8396516
Dewi Gunawan,31,Office Administrator,25937523
Hadi Halim,26,QA Engineer,11431276
Rina Nugroho,26,Marketing Specialist,19712649
Vina Hidayat,30,HR Staff,38826076
Gita Nugroho,37,Data Analyst,22011378
Gita Hidayat,32,HR Staff,30459916
Umar Halim,18,UI/UX Designer,19156166
Lestari Wijaya,53,Software Engineer,6545656
Putri Halim,32,UI/UX Designer,23709658
Qori Pratama,44,UI/UX Designer,42351071
Qori Saputra,22,QA Engineer,38601958
Budi Santoso,24,Office Administrator,5523066
Oki Suryani,54,Marketing Specialist,30975273
Rina Wijaya,23,Accountant,23698164
Dewi Halim,56,QA Engineer,20223084
Joko Hidayat,27,Customer Support,38086601
Qori Saputra,20,UI/UX Designer,28668960
Siti Rahayu,33,HR Staff,38868436
Nur Setiawan,25,Sales Executive,39358225
Nur Wijaya,46,Accountant,30214322
Siti Setiawan,52,Sales Executive,10118463
Joko Kusuma,51,Product Manager,37880281
Kiki Rahayu,39,QA Engineer,10837575
Oki Pratama,58,Data Analyst,25323376
Gita Santoso,31,Product Manager,6154178
Dewi Hidayat,34,QA Engineer,13707609
Budi Kusuma,52,Sales Executive,29382884
Andi Pratama,44,HR Staff,40085555
Lestari Nugroho,27,Sales Executive,32545315
Indra Nugroho,40,Office Administrator,8196575
Fitri Saputra,20,Marketing Specialist,37284977
Zaki Halim,21,UI/UX Designer,44070755
Vina Setiawan,23,Data Analyst,28778345
Qori Hidayat,25,Product Manager,24030452
Nur Wibowo,24,Operations Manager,42783742
Lestari Pratama,29,Product Manager,24010118
Gita Halim,58,Sales Executive,16863467
Mega Santoso,57,Product Manager,21461941
Tono Halim,36,HR Staff,8852347
Hadi Santoso,28,Office Administrator,15086650
Vina Hidayat,37,Customer Support,14269335
Nur Saputra,45,Marketing Specialist,15299498
Kiki Halim,52,Customer Support,39591588
Tono Wijaya,51,Sales Executive,35312274
Budi Rahayu,41,Data Analyst,29903219
Lestari Kusuma,35,HR Staff,16158552
Hadi Nugroho,27,Marketing Specialist,42987606
Nur Hidayat,32,Operations Manager,20608185
Andi Setiawan,28,UI/UX Designer,38887882
Wati Saputra,59,Office Administrator,19372307
Oki Santoso,42,Software Engineer,12165738
Vina Santoso,22,UI/UX Designer,34554797
Budi Wibowo,49,QA Engineer,33348704
Oki Saputra,32,Accountant,34535297
Citra Saputra,26,Data Analyst,22873451
Zaki Setiawan,22,Office Administrator,37810234
Eka Pratama,34,Accountant,16895508
Budi Firmansyah,25,Office Administrator,44016259
Yanto Pratama,23,Data Analyst,20213626
Tono Wibowo,37,Marketing Specialist,24529357
Andi Santoso,47,Software Engineer,34066991
Umar Wijaya,38,HR Staff,42310314
Zaki Halim,56,QA Engineer,34688020
Qori Firmansyah,24,HR Staff,37470793
Wati Firmansyah,43,HR Staff,9111631
Budi Setiawan,36,HR Staff,24776323
Dewi Hidayat,24,UI/UX Designer,30357524
Umar Rahayu,32,Data Analyst,42746652
Oki Kusuma,35,Office Administrator,43817612
Putri Halim,40,Operations Manager,42012069
Eka Kusuma,29,Accountant,34903621
Indra Kusuma,37,Marketing Specialist,40056104
Kiki Halim,44,Data Analyst,25194992
Yanto Kusuma,33,Software Engineer,31384422
Yanto Wibowo,28,Customer Support,33336508
Qori Saputra,55,Product Manager,34001215
Dewi Setiawan,18,HR Staff,30580892
Eka Pratama,46,QA Engineer,20219752
Fitri Wijaya,25,Product Manager,13896296
Citra Wibowo,49,Accountant,10916503
Rina Wibowo,27,Customer Support,33502256
Indra Saputra,55,Accountant,9365805
Dewi Suryani,33,HR Staff,37970011
Citra Hidayat,57,Operations Manager,9784511
Siti Pratama,21,Marketing Specialist,42790778
Umar Wijaya,53,Office Administrator,14746907
Joko Wijaya,39,Customer Support,22691809
Rina Firmansyah,47,Accountant,44881404
Wati Firmansyah,56,UI/UX Designer,33311241
Citra Suryani,29,Data Analyst,40284546
Lestari Hidayat,40,Sales Executive,33632066
Andi Nugroho,41,UI/UX Designer,18365759
Zaki Nugroho,40,Operations Manager,31991103
Siti Kusuma,52,HR Staff,36770522
Citra Saputra,22,HR Staff,36517623
Nur Pratama,24,Customer Support,33350238
Citra Santoso,51,Product Manager,35338465
Fitri Rahayu,39,Office Administrator,8696599
Nur Rahayu,24,Sales Executive,43721770
Oki Wibowo,25,Marketing Specialist,44697599
Nur Santoso,45,Product Manager,38798288
Umar Nugroho,18,UI/UX Designer,19110140
Gita Hidayat,58,HR Staff,26829994
Rina Gunawan,47,Office Administrator,6559084
Kiki Santoso,24,Office Administrator,12005709
Qori Halim,30,HR Staff,23079826
Budi Wijaya,41,Sales Executive,5306200
Indra Wibowo,46,Product Manager,26034070
Nur Hidayat,47,QA Engineer,39724100
Siti Hidayat,42,Operations Manager,6027311
Eka Hidayat,41,Accountant,44196077
Fitri Suryani,18,Sales Executive,23929038
Budi Gunawan,23,Data Analyst,43396431
Citra Suryani,22,Software Engineer,20725578
Yanto Halim,27,Data Analyst,17831844
Nur Nugroho,56,Software Engineer,27792345
Kiki Setiawan,21,Product Manager,34556157
Putri Pratama,27,QA Engineer,41329087
Andi Santoso,33,UI/UX Designer,40672679
Siti Gunawan,18,Product Manager,40545850
Oki Rahayu,21,Sales Executive,31068327
Siti Santoso,22,UI/UX Designer,44565915
Kiki Gunawan,59,Product Manager,33395409
Qori Firmansyah,30,Marketing Specialist,13964257
Oki Firmansyah,24,Accountant,15193265
Nur Halim,36,QA Engineer,11002475
Eka Firmansyah,52,Operations Manager,4481173
Hadi Kusuma,34,Product Manager,11851896
Dewi Setiawan,53,Data Analyst,22261704
Gita Kusuma,33,Accountant,27631725
Oki Halim,21,Marketing Specialist,9107387
Putri Saputra,20,Accountant,13497229
Citra Santoso,50,HR Staff,16334693
Dewi Suryani,23,Customer Support,41110562
Lestari Gunawan,42,Operations Manager,39000190
Fitri Suryani,50,HR Staff,39678711
Yanto Suryani,55,Operations Manager,18081537
Oki Gunawan,42,Operations Manager,35660906
Kiki Rahayu,21,Marketing Specialist,7032858
Zaki Wibowo,31,Software Engineer,10242288
Dewi Pratama,49,Marketing Specialist,5819792
Mega Halim,52,Software Engineer,20839259
Wati Wibowo,33,UI/UX Designer,32251108
Mega Kusuma,31,Software Engineer,20575449
Joko Saputra,38,UI/UX Designer,20040206
Tono Gunawan,22,Marketing Specialist,4554512
Dewi Nugroho,45,Data Analyst,22863229
Oki Halim,45,Office Administrator,43329762
Putri Gunawan,46,Data Analyst,26538765
Nur Hidayat,49,Software Engineer,33387499
Joko Saputra,44,QA Engineer,42506430
Wati Hidayat,47,QA Engineer,18028087
Vina Rahayu,37,QA Engineer,5128619
Indra Rahayu,42,Customer Support,22334705
Rina Pratama,56,Operations Manager,18581733
Lestari Pratama,22,HR Staff,36122789
Mega Wijaya,29,HR Staff,31813653
Rina Santoso,20,Software Engineer,29185184
Lestari Santoso,40,Marketing Specialist,32944691
Fitri Wijaya,28,QA Engineer,29046228
Kiki Hidayat,38,Customer Support,20458336
Zaki Rahayu,34,HR Staff,27533642
Rina Saputra,29,HR Staff,10390333
Mega Suryani,20,Operations Manager,15170451
Dewi Santoso,33,HR Staff,15379154
Joko Suryani,32,Operations Manager,16068067
Oki Santoso,47,QA Engineer,38964996
Qori Nugroho,24,Office Administrator,43407018
Gita Setiawan,43,Software Engineer,27137168
Siti Nugroho,50,Software Engineer,30935855
Siti Suryani,21,Accountant,39922751
Fitri Gunawan,46,Customer Support,12149656
Hadi Saputra,43,Sales Executive,17730156
Wati Hidayat,43,Marketing Specialist,30415983
Rina Gunawan,42,Data Analyst,27245606
Rina Saputra,49,HR Staff,40031117
Andi Pratama,41,QA Engineer,4842902
Fitri Wibowo,27,QA Engineer,7709236
Mega Wijaya,45,Sales Executive,4720707
Mega Suryani,26,Operations Manager,27642506
Zaki Nugroho,31,HR Staff,6657824
Qori Saputra,24,Data Analyst,8633043
Eka Saputra,42,Office Administrator,22504217
Budi Hidayat,41,Office Administrator,39455749
Putri Suryani,53,Software Engineer,6204498
Fitri Hidayat,30,Office Administrator,19288576
Yanto Firmansyah,42,Software Engineer,10637108
Lestari Setiawan,22,Sales Executive,19911349
Andi Wibowo,28,Accountant,8333720
Umar Saputra,55,Customer Support,28021222
Budi Setiawan,54,UI/UX Designer,17722335
Budi Saputra,32,Operations Manager,34071136
Indra Kusuma,54,QA Engineer,33752414
Yanto Suryani,33,Operations Manager,22922675
Budi Gunawan,50,Operations Manager,34026358
Vina Hidayat,49,Sales Executive,12203540
Oki Nugroho,33,Product Manager,34967451
Mega Rahayu,54,HR Staff,25998950
Umar Firmansyah,40,Product Manager,29025036
Putri Wibowo,25,Product Manager,13737469
Kiki Wijaya,60,Product Manager,41219731
Gita Santoso,48,Software Engineer,44578585
Siti Saputra,34,QA Engineer,14759656
Nur Saputra,46,Operations Manager,19853162
Hadi Suryani,37,Office Administrator,30524493
Siti Pratama,58,Accountant,6968089
Citra Pratama,35,Product Manager,6681851
Oki Wijaya,60,Accountant,35311468
Andi Halim,30,Sales Executive,38441195
Putri Rahayu,26,Operations Manager,9499608
Lestari Firmansyah,32,Software Engineer,20454672
Mega Kusuma,37,Marketing Specialist,7757196
Hadi Gunawan,39,Marketing Specialist,36047854
Budi Hidayat,20,Product Manager,39760708
Indra Hidayat,22,UI/UX Designer,43657373
Fitri Santoso,50,Product Manager,28468073
Budi Kusuma,28,Accountant,38950024
Oki Wibowo,52,Operations Manager,34052228
Mega Wijaya,60,Sales Executive,42549760
Mega Setiawan,27,HR Staff,34163806
Rina Rahayu,47,Operations Manager,17607915
Umar Saputra,60,HR Staff,28396772
Gita Wibowo,42,Customer Support,36381267
Dewi Firmansyah,30,UI/UX Designer,31410639
Umar Rahayu,56,Software Engineer,21467009
Rina Nugroho,22,Operations Manager,11918105
Eka Wijaya,32,Sales Executive,43872636
Siti Wijaya,37,Software Engineer,12056269
Tono Hidayat,56,HR Staff,38283091
Hadi Firmansyah,44,Sales Executive,27288098
Siti Santoso,21,QA Engineer,4510682
Yanto Pratama,57,HR Staff,13828763
Zaki Setiawan,34,QA Engineer,23869329
Citra Wibowo,34,Operations Manager,8722134
Oki Wijaya,53,Office Administrator,9420661
Rina Nugroho,30,Data Analyst,18264525
Rina Rahayu,55,Sales Executive,37686026
Gita Wijaya,48,Product Manager,9392206
Hadi Halim,44,Marketing Specialist,26136022
Budi Santoso,21,QA Engineer,44161436
Hadi Suryani,46,Operations Manager,12353639
Mega Santoso,31,Sales Executive,37624010
Kiki Wijaya,30,Data Analyst,20835354
Nur Firmansyah,20,Sales Executive,16133943
Hadi Kusuma,51,Marketing Specialist,21970813
Gita Kusuma,55,HR Staff,4263151
Joko Kusuma,52,Product Manager,25217040
Budi Hidayat,49,Product Manager,23290543
Wati Gunawan,26,Sales Executive,22276019
Oki Rahayu,55,Sales Executive,15141460
Kiki Wijaya,48,Office Administrator,10510165
Andi Suryani,39,Marketing Specialist,22383695
Dewi Kusuma,38,QA Engineer,32673088
Zaki Pratama,58,Data Analyst,13593663
Siti Firmansyah,49,Product Manager,30065762
Umar Pratama,43,Software Engineer,14831117
Lestari Halim,38,Marketing Specialist,37456092
Mega Wibowo,24,Accountant,17995789
Vina Kusuma,30,UI/UX Designer,12138367
Putri Firmansyah,27,Sales Executive,33089411
Indra Nugroho,27,Product Manager,16043773
Wati Gunawan,49,Customer Support,41046097
Kiki Hidayat,22,Product Manager,35590043
Siti Suryani,46,UI/UX Designer,43676437
Siti Santoso,32,Marketing Specialist,22288728
Indra Firmansyah,45,Marketing Specialist,11525154
Hadi Nugroho,22,HR Staff,36639758
Zaki Wijaya,28,QA Engineer,35475875
Fitri Suryani,28,Software Engineer,37586229
Qori Halim,27,Office Administrator,25541294
Wati Setiawan,46,Data Analyst,32670596
Siti Santoso,28,Accountant,18783198
Vina Halim,24,QA Engineer,17055924
Eka Pratama,49,Sales Executive,25677782
Vina Firmansyah,52,Software Engineer,15224415
Qori Rahayu,30,Product Manager,26019099
Umar Hidayat,43,Operations Manager,5198822
Zaki Pratama,59,Sales Executive,9691435
Lestari Kusuma,28,Sales Executive,17192188
Gita Suryani,60,Product Manager,17612454
Qori Firmansyah,42,Product Manager,11651907
Fitri Firmansyah,34,Sales Executive,21693196
Wati Gunawan,28,Product Manager,18326537
Joko Rahayu,29,Product Manager,38665630
Umar Hidayat,48,QA Engineer,7807495
Andi Wibowo,53,QA Engineer,4167557
Fitri Setiawan,51,Operations Manager,18837236
Rina Wijaya,48,HR Staff,34720808
Lestari Wijaya,23,Customer Support,41782653
Nur Santoso,35,Accountant,36841210
Hadi Suryani,53,Accountant,30618206
Siti Rahayu,44,Product Manager,43381045
Zaki Halim,42,Operations Manager,20444090
Wati Suryani,27,UI/UX Designer,12791853
Zaki Hidayat,19,QA Engineer,20446303
Rina Gunawan,49,Product Manager,35671829
Siti Setiawan,41,Customer Support,28076418
Budi Setiawan,25,Sales Executive,8714093
Joko Setiawan,33,HR Staff,35939533
Yanto Santoso,24,Product Manager,24613737
Dewi Pratama,32,Accountant,27339032
Fitri Kusuma,23,Software Engineer,11010443
Gita Wibowo,37,Office Administrator,25784687
Wati Hidayat,48,Data Analyst,16261945
Kiki Halim,19,Accountant,33443183
Nur Hidayat,58,HR Staff,6230065
Vina Wijaya,24,QA Engineer,4175613
Vina Wibowo,58,Sales Executive,27838302
Budi Gunawan,23,Marketing Specialist,22471982
Kiki Wijaya,50,QA Engineer,20114315
Putri Suryani,56,UI/UX Designer,8085118
Yanto Nugroho,42,Software Engineer,17494175
Nur Nugroho,24,Office Administrator,10827381
Rina Halim,33,Data Analyst,23112585
Lestari Setiawan,42,Product Manager,9105931
Lestari Firmansyah,58,Marketing Specialist,28098448
Joko Nugroho,44,Marketing Specialist,6250760
Joko Firmansyah,18,Software Engineer,17043816
Lestari Saputra,25,Marketing Specialist,34628671
Rina Suryani,33,Office Administrator,5448097
Yanto Saputra,49,UI/UX Designer,26262940
Joko Wibowo,27,Data Analyst,10786462
Eka Wijaya,30,QA Engineer,28321494
Hadi Santoso,56,UI/UX Designer,32439850
Mega Nugroho,59,Data Analyst,41820275
Indra Pratama,50,Office Administrator,7816083
Qori Rahayu,26,UI/UX Designer,35541676
Citra Rahayu,29,Data Analyst,42240175
Citra Pratama,34,Customer Support,11247405
Fitri Hidayat,25,Marketing Specialist,22254143
Wati Suryani,32,UI/UX Designer,12826377
Gita Wibowo,49,Marketing Specialist,38326083
Joko Nugroho,41,QA Engineer,17245669
Kiki Suryani,19,Data Analyst,16717010
Mega Kusuma,47,Sales Executive,30107694
Lestari Hidayat,25,Customer Support,38543927
Fitri Firmansyah,48,Software Engineer,39534551
Vina Halim,52,QA Engineer,24770473
Qori Saputra,59,HR Staff,33477037
Citra Firmansyah,22,QA Engineer,37155283
Eka Nugroho,25,Sales Executive,20691036
Wati Halim,33,Marketing Specialist,34536411
Putri Gunawan,39,Data Analyst,42213356
Fitri Saputra,24,Data Analyst,7788353
Mega Santoso,41,Sales Executive,9011050
Qori Kusuma,56,Operations Manager,16215367
Gita Firmansyah,25,HR Staff,24974880
Qori Suryani,29,Product Manager,25400252
Wati Pratama,32,Operations Manager,33300448
Oki Rahayu,21,Operations Manager,30231536
Kiki Kusuma,56,Software Engineer,44553950
Andi Rahayu,53,QA Engineer,26633219
Mega Firmansyah,51,Accountant,6840953
Umar Setiawan,32,Marketing Specialist,16229682
Nur Suryani,26,Marketing Specialist,8389137
Wati Gunawan,42,UI/UX Designer,41974424
Andi Saputra,23,Accountant,30486870
Citra Kusuma,52,Software Engineer,5958222
Mega Rahayu,20,Software Engineer,26941941
Hadi Rahayu,49,Sales Executive,19143210
Kiki Hidayat,59,Accountant,11788294
Siti Wijaya,27,Operations Manager,4684807
Vina Hidayat,41,Product Manager,11671652
Citra Saputra,23,QA Engineer,8789583
Dewi Nugroho,45,Operations Manager,35311127
Nur Gunawan,29,Product Manager,41289167
Nur Santoso,25,Operations Manager,43127227
Eka Kusuma,28,QA Engineer,36518529
Budi Hidayat,31,QA Engineer,42719817
Indra Firmansyah,38,Software Engineer,24046521
Joko Rahayu,48,Data Analyst,38037651
Citra Hidayat,42,Data Analyst,41978258
Andi Firmansyah,25,Software Engineer,19767850
Qori Gunawan,36,Operations Manager,15966864
Indra Gunawan,24,Product Manager,26825490
Joko Firmansyah,46,QA Engineer,43307983
Hadi Pratama,29,Software Engineer,5805239
Citra Kusuma,45,Data Analyst,14874884
Eka Wibowo,41,Product Manager,20655468
Umar Halim,40,Customer Support,30378464
Umar Hidayat,29,Accountant,40708680
Indra Hidayat,55,Product Manager,28814499
Andi Wijaya,40,UI/UX Designer,19404805
Citra Saputra,56,Office Administrator,27291898
Indra Rahayu,46,Software Engineer,31723752
Andi Saputra,25,Software Engineer,43581394
Indra Santoso,33,Customer Support,32709045
Lestari Halim,27,QA Engineer,35343114
Mega Wibowo,60,Marketing Specialist,29683921
Nur Rahayu,51,Sales Executive,15821933
Zaki Saputra,38,Product Manager,28869731
Gita Saputra,31,Operations Manager,42042820
Gita Gunawan,40,Operations Manager,34473651
Gita Pratama,60,Product Manager,19752842
Tono Saputra,44,Product Manager,11961687
Fitri Kusuma,42,Accountant,27355493
Fitri Rahayu,50,Software Engineer,28200941
Wati Firmansyah,38,Software Engineer,34350738
Andi Gunawan,40,Operations Manager,30782945
Zaki Kusuma,33,Data Analyst,13075963
Lestari Saputra,45,Sales Executive,28866512
Tono Wijaya,21,Sales Executive,36016150
Dewi Suryani,52,Software Engineer,16110446
Oki Wibowo,36,Customer Support,44992773
Rina Hidayat,24,Product Manager,42078458
Dewi Halim,40,Customer Support,37687557
Zaki Gunawan,29,UI/UX Designer,18390201
Hadi Santoso,26,Data Analyst,16489396
Citra Santoso,38,HR Staff,36229797
Umar Halim,22,Marketing Specialist,40937392
Kiki Wijaya,58,Marketing Specialist,37288171
Siti Saputra,50,Customer Support,32286590
Tono Nugroho,33,QA Engineer,15348510
Kiki Firmansyah,37,UI/UX Designer,8116162
Hadi Wibowo,23,UI/UX Designer,32640576
Hadi Pratama,52,Customer Support,30469944
Eka Nugroho,32,Operations Manager,39243492
Qori Saputra,27,Data Analyst,21438282
Putri Santoso,20,Accountant,7852236
Gita Wijaya,39,Customer Support,17646214
Mega Halim,28,Software Engineer,18340580
Budi Nugroho,26,Product Manager,44106491
Qori Suryani,55,QA Engineer,28429766
Indra Hidayat,23,Software Engineer,26447553
Gita Saputra,54,HR Staff,43572807
Tono Setiawan,21,Sales Executive,42561242
Wati Suryani,46,UI/UX Designer,18827801
Tono Wijaya,59,HR Staff,14028240
Putri Suryani,60,UI/UX Designer,33103994
Gita Santoso,34,Operations Manager,11895993
Putri Saputra,21,Product Manager,7961546
Nur Firmansyah,32,Sales Executive,10144105
Eka Wijaya,27,Sales Executive,6568073
Putri Firmansyah,21,Customer Support,19696005
Siti Saputra,47,Product Manager,31959540
Indra Suryani,20,Office Administrator,16339964
Yanto Halim,29,Marketing Specialist,27931075
Citra Wibowo,39,Sales Executive,28125351
Putri Firmansyah,46,Software Engineer,42313328
Oki Kusuma,36,Software Engineer,16007545
Vina Gunawan,33,Software Engineer,23682147
Vina Santoso,34,Software Engineer,10383265
Joko Suryani,23,Software Engineer,44619242
Yanto Pratama,29,QA Engineer,9660683
Wati Santoso,27,Software Engineer,13060920
Fitri Hidayat,33,Sales Executive,39308832
Eka Hidayat,44,Operations Manager,23227588
Budi Hidayat,56,Operations Manager,24711513
Tono Pratama,21,Customer Support,12495011
Siti Firmansyah,28,Accountant,43852497
Rina Halim,29,Product Manager,32496356
Rina Wibowo,35,Accountant,32479429
Budi Rahayu,48,Accountant,26522381
Siti Firmansyah,20,Operations Manager,26942326
Joko Hidayat,34,Software Engineer,6489496
Umar Suryani,27,Marketing Specialist,13729460
Putri Kusuma,57,Product Manager,8450215
Joko Kusuma,28,Operations Manager,20428874
Wati Hidayat,42,Software Engineer,24001819
Wati Suryani,25,Sales Executive,14732448
Tono Nugroho,55,Sales Executive,27620736
Hadi Wibowo,42,Data Analyst,29453376
Citra Wibowo,57,HR Staff,33358977
Budi Wibowo,38,HR Staff,26561918
Lestari Hidayat,30,Product Manager,17269742
Indra Santoso,31,Data Analyst,13197077
Yanto Saputra,55,Marketing Specialist,38469706
Mega Santoso,41,Operations Manager,43920254
Qori Gunawan,32,Office Administrator,9219954
Lestari Gunawan,32,QA Engineer,10618438
Nur Halim,47,Data Analyst,40965702
Dewi Pratama,22,UI/UX Designer,44094738
Lestari Pratama,23,Data Analyst,22466453
Lestari Gunawan,29,QA Engineer,42203377
Rina Nugroho,26,Product Manager,33879760
Budi Santoso,38,Product Manager,37316082
Indra Pratama,60,Marketing Specialist,35539302
Gita Hidayat,31,Marketing Specialist,5218607
Gita Rahayu,50,HR Staff,15834464
Kiki Kusuma,21,Operations Manager,23160034
Budi Pratama,24,Product Manager,33099292
Dewi Hidayat,31,QA Engineer,36238929
Fitri Pratama,48,QA Engineer,21444799
Citra Gunawan,48,Customer Support,37226790
Siti Pratama,28,UI/UX Designer,5037578
Zaki Halim,46,QA Engineer,30075922
Qori Rahayu,39,Customer Support,27332616
Vina Wibowo,33,Customer Support,24711329
Lestari Halim,21,Operations Manager,44526858
Mega Setiawan,35,QA Engineer,5822989
Qori Rahayu,28,Operations Manager,26045973
Indra Nugroho,57,Customer Support,11026875
Indra Wijaya,47,UI/UX Designer,43568671
Gita Wibowo,44,Accountant,5137231
Qori Gunawan,53,Operations Manager,34610653
Rina Setiawan,59,Operations Manager,38265564
Mega Gunawan,18,UI/UX Designer,17184453
Joko Halim,40,QA Engineer,4828723
Umar Saputra,35,Operations Manager,14963107
Fitri Setiawan,28,Software Engineer,27003198
Budi Firmansyah,24,Customer Support,28451841
Rina Santoso,27,Accountant,33388700
Umar Wijaya,25,Software Engineer,36336186
Rina Nugroho,18,UI/UX Designer,44645143
Gita Pratama,37,UI/UX Designer,43048988
Joko Gunawan,34,Product Manager,40247687
Mega Firmansyah,57,HR Staff,17124873
Lestari Wijaya,48,Product Manager,41032045
Budi Firmansyah,43,HR Staff,24974737
Siti Wijaya,58,Customer Support,9862101
Oki Rahayu,45,Operations Manager,27829366
Andi Gunawan,55,QA Engineer,14333940
Lestari Rahayu,25,Product Manager,22874025
Indra Nugroho,25,Software Engineer,16227053
Siti Rahayu,41,HR Staff,6372391
Wati Pratama,23,HR Staff,21264246
Indra Santoso,19,Marketing Specialist,5315768
Yanto Wibowo,19,Sales Executive,42954013
Qori Wijaya,51,Marketing Specialist,9370667
Kiki Rahayu,47,UI/UX Designer,30688978
Andi Wibowo,43,Accountant,30201678
Hadi Nugroho,37,Customer Support,40797411
Gita Firmansyah,53,Product Manager,23783714
Eka Kusuma,42,Software Engineer,12916837
Wati Pratama,43,Accountant,4058880
Tono Setiawan,36,UI/UX Designer,4329464
Oki Pratama,50,Data Analyst,26755980
Nur Wijaya,18,Operations Manager,17922912
Joko Wibowo,29,UI/UX Designer,44338071
Putri Nugroho,52,Customer Support,27336344
Joko Firmansyah,40,Operations Manager,42688237
Qori Wijaya,30,Sales Executive,20033407
Tono Santoso,45,QA Engineer,38351800
Kiki Wijaya,28,Software Engineer,8711488
Siti Firmansyah,43,Software Engineer,21575012
Indra Setiawan,59,Software Engineer,15232695
Qori Suryani,35,QA Engineer,20567524
Tono Pratama,28,QA Engineer,31296871
Wati Nugroho,50,Product Manager,15630091
Joko Santoso,43,Accountant,26490381
Putri Halim,44,Data Analyst,21704834
Yanto Halim,21,Office Administrator,22071761
Andi Kusuma,41,UI/UX Designer,38157752
Andi Wijaya,22,HR Staff,29178245
Citra Setiawan,55,Data Analyst,27410383
Lestari Wijaya,58,QA Engineer,15373538
Qori Nugroho,30,Sales Executive,11043777
Vina Wijaya,57,Marketing Specialist,41869160
Siti Wijaya,57,QA Engineer,40646772
Rina Rahayu,53,HR Staff,14186929
Joko Firmansyah,52,Office Administrator,36064494
Oki Nugroho,44,UI/UX Designer,5497557
Dewi Gunawan,38,Marketing Specialist,28255718
Yanto Wibowo,53,Operations Manager,15798621
Budi Wijaya,41,Accountant,29269963
Vina Firmansyah,27,Product Manager,4555303
Zaki Nugroho,58,Accountant,4777886
Andi Pratama,57,Data Analyst,31982035
Fitri Suryani,37,Office Administrator,29622699
Indra Gunawan,28,QA Engineer,27499304
Siti Wibowo,19,Sales Executive,7801665
Kiki Wibowo,30,Customer Support,35065456
Oki Wibowo,22,Accountant,6205874
Nur Kusuma,33,Software Engineer,24549936
Umar Rahayu,41,Marketing Specialist,19954098
Qori Hidayat,23,Marketing Specialist,18180837
Budi Gunawan,26,Sales Executive,29265732
Hadi Pratama,57,Data Analyst,44740756
Fitri Pratama,41,UI/UX Designer,7294632
Siti Nugroho,58,UI/UX Designer,43709659
Citra Setiawan,36,Sales Executive,37320110
Gita Pratama,21,Marketing Specialist,9089513
Mega Firmansyah,59,HR Staff,35879750
Oki Firmansyah,25,Product Manager,28650459
Fitri Rahayu,21,Operations Manager,7640260
Indra Halim,51,Data Analyst,14268538
Nur Suryani,60,HR Staff,11792309
Rina Saputra,19,Software Engineer,24951469
Umar Hidayat,53,Office Administrator,39802428
Andi Setiawan,59,Operations Manager,34459559
Nur Wijaya,58,Data Analyst,15854618
Kiki Suryani,41,Sales Executive,27022287
Tono Nugroho,55,Software Engineer,35439639
Oki Wibowo,57,Accountant,13023596
Fitri Santoso,54,Office Administrator,18275012
Hadi Hidayat,35,Accountant,40980521
Lestari Gunawan,22,Accountant,29982345
Wati Kusuma,56,Office Administrator,42432088
Dewi Setiawan,40,Sales Executive,36708049
Nur Santoso,28,Accountant,21886107
Rina Pratama,53,QA Engineer,25735027
Fitri Setiawan,37,Marketing Specialist,35852075
Siti Halim,33,QA Engineer,34515299
Gita Wibowo,38,QA Engineer,18258856
Tono Wibowo,48,UI/UX Designer,27043487
Indra Firmansyah,45,Marketing Specialist,12075720
Andi Setiawan,43,Operations Manager,28698236
Umar Pratama,53,Office Administrator,11257018
Tono Setiawan,25,Product Manager,42080228
Kiki Pratama,24,QA Engineer,19121348
Vina Hidayat,55,Accountant,5292958
Fitri Wibowo,35,QA Engineer,4128170
Joko Kusuma,24,Operations Manager,39643291
Qori Nugroho,18,Accountant,38231769
Joko Wijaya,46,Data Analyst,33639627
Fitri Wijaya,59,Marketing Specialist,25770698
Dewi Kusuma,40,UI/UX Designer,33263837
Siti Wibowo,36,Operations Manager,39137143
Zaki Halim,42,Customer Support,35688042
Mega Rahayu,47,Software Engineer,6245436
Nur Nugroho,51,QA Engineer,30635194
Vina Wijaya,47,Operations Manager,12704954
Mega Rahayu,52,Marketing Specialist,10381629
Siti Pratama,55,Customer Support,42359650
Kiki Saputra,23,Operations Manager,29554269
Fitri Santoso,47,Operations Manager,7845590
Umar Wijaya,40,Data Analyst,21964047
Nur Gunawan,40,QA Engineer,23196230
Fitri Hidayat,41,Software Engineer,20407780
Andi Saputra,47,Customer Support,24987013
Citra Firmansyah,41,Product Manager,13049379
Siti Hidayat,32,Accountant,4438577
Nur Saputra,22,Marketing Specialist,18206356
Nur Saputra,36,Sales Executive,16233733
Joko Halim,48,Office Administrator,24836889
Hadi Pratama,23,Customer Support,37496108
Lestari Nugroho,42,Marketing Specialist,41025430
Tono Suryani,42,Product Manager,27077716
Andi Hidayat,26,Marketing Specialist,21330937
Qori Nugroho,57,Office Administrator,15153367
Zaki Santoso,59,Product Manager,29399518
Yanto Setiawan,39,Operations Manager,9200500
Mega Gunawan,58,Product Manager,8532208
Joko Nugroho,49,Marketing Specialist,24637352
Tono Nugroho,46,UI/UX Designer,9887499
Citra Rahayu,37,QA Engineer,8983679
Lestari Nugroho,45,QA Engineer,30414958
Budi Setiawan,28,Office Administrator,43712785
Oki Saputra,49,Office Administrator,44826814
Eka Pratama,30,Sales Executive,9091417
Oki Hidayat,59,UI/UX Designer,22082864
Siti Firmansyah,29,QA Engineer,30218730
Qori Wijaya,25,Office Administrator,4869332
Dewi Suryani,44,Customer Support,18163268
Citra Santoso,58,Data Analyst,17465794
Gita Wibowo,35,Software Engineer,26381200
Vina Wibowo,27,UI/UX Designer,27308860
Eka Wibowo,23,Accountant,22022838
Umar Santoso,60,UI/UX Designer,42201142
Dewi Gunawan,49,UI/UX Designer,28639228
Lestari Santoso,36,Software Engineer,11603406
Budi Santoso,32,Data Analyst,40924018
Wati Kusuma,42,Data Analyst,20402342
Hadi Wibowo,38,HR Staff,44299335
Tono Wijaya,30,Accountant,4835014
Wati Kusuma,30,UI/UX Designer,16337143
Fitri Hidayat,26,Accountant,13497910
Oki Wibowo,29,Software Engineer,15047477
Hadi Wijaya,23,Office Administrator,34711604
Wati Wijaya,59,Sales Executive,35532230
Umar Halim,28,Operations Manager,5142773
Putri Firmansyah,19,Marketing Specialist,4754317
Citra Santoso,31,Marketing Specialist,27944047
Rina Santoso,23,HR Staff,33738089
Gita Setiawan,34,Sales Executive,35673753
Rina Santoso,28,Customer Support,6350251
Joko Hidayat,39,HR Staff,10770396
Hadi Suryani,58,Data Analyst,15739740
Hadi Firmansyah,56,Marketing Specialist,20962662
Gita Nugroho,55,UI/UX Designer,27019995
Nur Firmansyah,27,Accountant,35050717
Zaki Rahayu,49,Marketing Specialist,38597568
Indra Hidayat,21,HR Staff,25318741
Zaki Setiawan,45,QA Engineer,18838301
Indra Firmansyah,55,UI/UX Designer,38353707
Tono Wijaya,34,Customer Support,32925311
Vina Pratama,46,Data Analyst,39547444
Citra Halim,23,QA Engineer,35882372
Wati Wijaya,46,Operations Manager,44907423
Siti Halim,29,HR Staff,22335452
Gita Firmansyah,49,Accountant,10736620
Eka Suryani,33,Accountant,7371507
Eka Pratama,41,Product Manager,37387047
Lestari Rahayu,32,Software Engineer,34705498
Joko Pratama,29,Data Analyst,17679814
Lestari Gunawan,56,UI/UX Designer,31424269
Hadi Rahayu,52,Operations Manager,14168911
Vina Nugroho,33,Sales Executive,26927776
Oki Santoso,23,Sales Executive,18929385
Indra Nugroho,35,HR Staff,4089864
Qori Santoso,57,Accountant,38492438
Joko Santoso,53,UI/UX Designer,44691168
Zaki Suryani,38,Marketing Specialist,33388109
Gita Firmansyah,26,Customer Support,30430118
Putri Gunawan,39,Customer Support,23375797
Wati Setiawan,52,Accountant,29162386
Andi Nugroho,46,Product Manager,9473032
Dewi Firmansyah,31,QA Engineer,17525640
Yanto Nugroho,51,QA Engineer,39279374
Yanto Kusuma,24,Product Manager,24407240
Yanto Setiawan,49,HR Staff,4678188
Gita Pratama,33,HR Staff,24636788
Fitri Halim,56,Office Administrator,38469906
Vina Rahayu,23,Operations Manager,35954149
Hadi Suryani,24,Data Analyst,29194401
Fitri Wibowo,19,Software Engineer,9640718
Yanto Gunawan,29,UI/UX Designer,42972550
Budi Wibowo,50,Office Administrator,38167333
Oki Setiawan,49,Office Administrator,15610860
Zaki Kusuma,40,Data Analyst,40013641
Eka Pratama,60,Customer Support,6906220
Indra Nugroho,35,Data Analyst,26116340
Yanto Halim,38,Operations Manager,27804425
Wati Firmansyah,59,UI/UX Designer,10913415
Budi Nugroho,18,Software Engineer,29211142
Yanto Rahayu,24,Operations Manager,30898784
Indra Pratama,54,Customer Support,25733579
Yanto Nugroho,27,Accountant,9497386
Dewi Santoso,44,Product Manager,31153709
Vina Halim,28,UI/UX Designer,44115736
Vina Pratama,23,Product Manager,42583019
Joko Pratama,46,Customer Support,15968445
Oki Kusuma,27,HR Staff,40016285
Wati Setiawan,31,Office Administrator,19731777
Siti Kusuma,40,Accountant,5023419
Lestari Setiawan,47,Marketing Specialist,38053610
Tono Pratama,60,Marketing Specialist,6050426
Gita Pratama,25,QA Engineer,26369379
Putri Nugroho,26,HR Staff,23282941
Andi Kusuma,48,Software Engineer,28869626
Lestari Saputra,52,Software Engineer,42755869
Lestari Kusuma,53,Data Analyst,44310381
Gita Saputra,56,Office Administrator,8951893
Yanto Suryani,19,UI/UX Designer,42301646
Eka Pratama,26,Office Administrator,13334935
Rina Kusuma,28,Software Engineer,44261735
Zaki Rahayu,21,Operations Manager,24612113
Siti Hidayat,25,Product Manager,8976383
Wati Hidayat,26,Marketing Specialist,35614299
Umar Wijaya,26,Office Administrator,19547765
Citra Gunawan,30,QA Engineer,27964315
Tono Rahayu,41,Marketing Specialist,20240925
Qori Wijaya,18,Customer Support,43434954
Oki Gunawan,31,UI/UX Designer,39392681
Rina Wibowo,59,Marketing Specialist,32605296
Joko Nugroho,22,UI/UX Designer,41350342
Zaki Gunawan,32,HR Staff,41898725
Vina Nugroho,41,Marketing Specialist,30073022
Lestari Wijaya,54,Product Manager,40693710
Siti Rahayu,27,Accountant,21995657
Zaki Santoso,19,HR Staff,36460516
Putri Wibowo,40,Software Engineer,41577421
Umar Wijaya,46,Product Manager,33197128
Putri Pratama,59,Operations Manager,18843976
Lestari Pratama,42,Operations Manager,28548334
Budi Suryani,35,Office Administrator,17083069
Oki Pratama,41,Software Engineer,35365294
Lestari Setiawan,39,Sales Executive,9567663
Wati Wibowo,22,Customer Support,18614764
Tono Halim,19,QA Engineer,17896755
Qori Kusuma,26,Customer Support,17714066
Indra Firmansyah,51,Customer Support,24570897
Lestari Rahayu,47,Accountant,7889419
Mega Wibowo,53,Office Administrator,38415494
Wati Hidayat,34,UI/UX Designer,10594743
Mega Kusuma,44,QA Engineer,23417671
Dewi Kusuma,41,Marketing Specialist,6932704
Kiki Setiawan,56,Data Analyst,20202829
Budi Rahayu,21,UI/UX Designer,17517737
Fitri Halim,54,Customer Support,22535410
Joko Santoso,57,HR Staff,15146996
Tono Wibowo,55,Sales Executive,8853387
Budi Saputra,59,Sales Executive,26689569
Joko Setiawan,29,Sales Executive,19470056
Fitri Saputra,21,Operations Manager,42323664
Joko Halim,20,UI/UX Designer,32036280
Hadi Wijaya,44,Office Administrator,4287610
Andi Gunawan,27,Product Manager,7644801
Gita Suryani,26,Marketing Specialist,43604996
Lestari Nugroho,34,Accountant,19009063
Oki Gunawan,25,QA Engineer,11349419
Qori Pratama,30,Marketing Specialist,7041083
Budi Halim,59,Accountant,18624649
Andi Gunawan,57,Sales Executive,35402220
Gita Suryani,51,Operations Manager,38014431
Eka Nugroho,27,Marketing Specialist,32495222
Zaki Halim,51,Office Administrator,25254853
Nur Gunawan,31,HR Staff,34064946
Mega Gunawan,23,Data Analyst,13346436
Putri Kusuma,42,Data Analyst,16695722
Dewi Suryani,28,HR Staff,15476750
Rina Nugroho,31,Software Engineer,32018830
Wati Halim,35,Product Manager,39641367
Andi Pratama,35,Product Manager,44541094
Umar Firmansyah,19,UI/UX Designer,44496585
Fitri Halim,33,Operations Manager,10363926
Kiki Halim,35,UI/UX Designer,42869956
Siti Wijaya,43,HR Staff,6774209
Rina Rahayu,25,Customer Support,43957798
Qori Pratama,27,Product Manager,11355902
Vina Gunawan,39,HR Staff,7213289
Rina Santoso,57,Product Manager,34827840
Fitri Hidayat,52,Office Administrator,31716322
Indra Saputra,33,Software Engineer,44146681
Siti Pratama,47,Marketing Specialist,17936856
Tono Suryani,26,Office Administrator,16284992
Vina Halim,19,Software Engineer,10459916
Rina Wijaya,27,Accountant,14222220
Vina Wibowo,21,Marketing Specialist,19781383
Andi Firmansyah,44,Office Administrator,20625504
Gita Gunawan,52,QA Engineer,29949916
Yanto Saputra,41,Sales Executive,15207299
Lestari Wijaya,51,QA Engineer,41892044
Kiki Firmansyah,27,Customer Support,32521920
Siti Wibowo,49,Customer Support,4604253
Hadi Nugroho,22,Software Engineer,33701994
Umar Kusuma,41,Accountant,39306448
Umar Wijaya,47,HR Staff,36432576
Fitri Wijaya,51,Customer Support,39149711
Kiki Wibowo,49,Sales Executive,24160077
Indra Rahayu,31,HR Staff,9459854
Umar Nugroho,49,Accountant,33039299
Indra Wibowo,22,UI/UX Designer,40942302
Yanto Saputra,23,Accountant,20081809
Yanto Halim,51,QA Engineer,23824791
Rina Wijaya,23,QA Engineer,4341352
Vina Santoso,42,QA Engineer,4622971
Yanto Hidayat,58,Product Manager,28730956
Siti Setiawan,31,Office Administrator,27216398
Tono Halim,24,HR Staff,6669455
Umar Suryani,39,Software Engineer,42150313
Zaki Nugroho,48,UI/UX Designer,9698002
Kiki Setiawan,23,Office Administrator,4730051
Nur Rahayu,44,HR Staff,38827158
Andi Rahayu,25,UI/UX Designer,22436584
Zaki Kusuma,49,Office Administrator,12248003
Eka Saputra,48,Sales Executive,40790167
Yanto Wibowo,56,Accountant,15847682
Dewi Saputra,31,Marketing Specialist,8190031
Yanto Pratama,42,QA Engineer,11989148
Umar Santoso,46,Accountant,29628775
Umar Santoso,43,Data Analyst,33475948
Kiki Rahayu,51,Software Engineer,12290305
Dewi Setiawan,53,Accountant,40236214
Fitri Wijaya,48,Sales Executive,4782413
Siti Nugroho,50,Accountant,43853728
Umar Kusuma,58,HR Staff,29960974
Nur Nugroho,33,Product Manager,7050120
Vina Wibowo,21,Marketing Specialist,5420610
Umar Firmansyah,42,Accountant,24328865
Putri Santoso,33,Software Engineer,24724114
Indra Wijaya,21,Data Analyst,7491201
Rina Nugroho,20,HR Staff,7143986
Mega Wijaya,47,Operations Manager,37102180
Eka Kusuma,39,Marketing Specialist,15145672
Yanto Wibowo,49,Marketing Specialist,31445665
Fitri Suryani,56,Accountant,12500072
Oki Setiawan,18,Software Engineer,30482099
Umar Suryani,35,Accountant,31696462
Yanto Suryani,47,Accountant,32118929
Mega Gunawan,25,QA Engineer,39099382
Dewi Saputra,27,Operations Manager,5429645
Zaki Hidayat,19,Marketing Specialist,4518007
Joko Gunawan,56,Data Analyst,37237748
Fitri Wijaya,29,Data Analyst,40976525
Putri Santoso,32,Product Manager,10620924
Vina Gunawan,58,HR Staff,32167077
Gita Setiawan,49,UI/UX Designer,21784036
Rina Firmansyah,26,HR Staff,40556358
Oki Firmansyah,59,QA Engineer,35547931
Citra Wijaya,47,HR Staff,33250095
Oki Wibowo,26,Product Manager,28732149
Hadi Gunawan,36,Data Analyst,21301677
Fitri Rahayu,24,Product Manager,11454793
Hadi Wibowo,32,Product Manager,43140157
Budi Setiawan,23,Marketing Specialist,11813289
Umar Gunawan,38,Software Engineer,17424870
Budi Wibowo,43,UI/UX Designer,37589283
Nur Suryani,41,UI/UX Designer,23193090
Budi Suryani,43,Product Manager,32359661
Nur Kusuma,18,Customer Support,24001886
Citra Wijaya,51,Sales Executive,30903010
Indra Halim,23,HR Staff,39815240
Dewi Kusuma,27,QA Engineer,8559012
Oki Santoso,43,Operations Manager,21078807
Gita Pratama,50,Marketing Specialist,4445921
Wati Santoso,46,Product Manager,34843702
Mega Hidayat,37,UI/UX Designer,43839295
Nur Hidayat,37,HR Staff,16050032
Umar Suryani,21,Operations Manager,41778806
Putri Halim,45,Office Administrator,27537679
Fitri Firmansyah,28,Accountant,23695519
Gita Kusuma,51,QA Engineer,7778199
Indra Wibowo,43,HR Staff,17572602
Rina Santoso,29,Software Engineer,13233634
Qori Gunawan,47,Software Engineer,7321397
Lestari Saputra,25,HR Staff,22717550
Dewi Gunawan,26,Marketing Specialist,6493992
Joko Kusuma,33,Marketing Specialist,29021529
Nur Nugroho,18,Customer Support,34901461
Lestari Suryani,49,Software Engineer,23925474
Oki Kusuma,57,Product Manager,43448150
Joko Saputra,56,Customer Support,17443758
Rina Rahayu,46,HR Staff,10129904
Indra Santoso,33,Accountant,20217342
Vina Wijaya,40,Sales Executive,24742788
Nur Saputra,26,UI/UX Designer,7283133
Andi Suryani,19,QA Engineer,32500707
Joko Kusuma,27,UI/UX Designer,19343590
Andi Hidayat,56,Software Engineer,27734667
Mega Gunawan,42,Operations Manager,18581341
Zaki Kusuma,18,Sales Executive,19491271
Eka Gunawan,29,Sales Executive,21461526
Nur Rahayu,52,Customer Support,25639200
Oki Hidayat,58,Product Manager,42201075
Nur Rahayu,23,UI/UX Designer,9298381
Yanto Saputra,47,Data Analyst,20653495
Qori Gunawan,26,Customer Support,10981556
Qori Gunawan,23,UI/UX Designer,40655431
Hadi Saputra,58,Customer Support,31962469
Siti Rahayu,21,Customer Support,19560296
Putri Wibowo,36,HR Staff,26361664
Citra Setiawan,32,Product Manager,37731115
Oki Halim,55,QA Engineer,14256643
Joko Rahayu,58,Sales Executive,42308920
Citra Saputra,48,QA Engineer,35856509
Umar Halim,51,Accountant,38078445
Oki Halim,20,Customer Support,7577278
Putri Nugroho,20,Operations Manager,21769511
Hadi Nugroho,57,UI/UX Designer,38308696
Siti Gunawan,49,Sales Executive,41380659
Vina Hidayat,59,Accountant,13934568
Siti Santoso,20,UI/UX Designer,42825193
Siti Gunawan,53,Product Manager,42965673
Wati Saputra,18,Operations Manager,26939198
Kiki Pratama,34,HR Staff,17614821
Budi Gunawan,42,Marketing Specialist,44565251
Qori Wibowo,48,QA Engineer,28677145
Qori Kusuma,38,Software Engineer,31595042
Rina Firmansyah,38,Product Manager,18251296
Siti Saputra,60,Operations Manager,37750310
Eka Suryani,55,Office Administrator,13941385
Fitri Wibowo,57,Software Engineer,32973586
Andi Nugroho,44,Product Manager,42215992
Hadi Pratama,38,Office Administrator,44539196
Umar Halim,24,Sales Executive,29213930
Citra Rahayu,30,Operations Manager,26708620
Joko Suryani,50,Operations Manager,29971162
Hadi Kusuma,34,Accountant,32232953
Nur Wibowo,56,Accountant,24557796
Rina Suryani,47,QA Engineer,32481599
Budi Santoso,21,Accountant,9244723
Gita Halim,18,HR Staff,24629432
Putri Santoso,52,Software Engineer,16295035
Indra Nugroho,50,Accountant,26632276
Gita Saputra,43,Sales Executive,33440819
Andi Suryani,32,UI/UX Designer,4519797
Dewi Halim,20,QA Engineer,37490464
Tono Saputra,57,Customer Support,28513944
Citra Gunawan,26,Office Administrator,35523027
Rina Rahayu,24,Data Analyst,6085539
Vina Setiawan,20,Sales Executive,8707857
Indra Firmansyah,25,Software Engineer,20486833
Joko Wijaya,34,Data Analyst,8562447
Wati Saputra,35,Product Manager,27546595
Fitri Hidayat,56,Data Analyst,27260965
Rina Rahayu,21,Sales Executive,16358034
Wati Halim,40,Data Analyst,29447975
Umar Gunawan,46,Accountant,23042824
Fitri Wijaya,37,HR Staff,4080646
Indra Saputra,48,Accountant,26105289
Tono Wibowo,54,HR Staff,7734424
Wati Kusuma,44,Sales Executive,26253666
Budi Rahayu,20,Accountant,11690166
Yanto Halim,33,QA Engineer,40696476
Siti Pratama,38,QA Engineer,43691855
Yanto Hidayat,22,Product Manager,44415988
Indra Gunawan,55,Office Administrator,19164507
Kiki Wijaya,30,Accountant,9128041
Indra Setiawan,26,HR Staff,18135775
Eka Nugroho,33,HR Staff,32696394
Qori Wijaya,26,Customer Support,19135086
Joko Setiawan,42,Sales Executive,23373743
Gita Hidayat,29,UI/UX Designer,6252753
Vina Halim,32,Product Manager,25375424
Andi Santoso,54,Data Analyst,7220188
Hadi Gunawan,49,UI/UX Designer,27369361
Lestari Wijaya,27,Accountant,26784612
Oki Santoso,40,Customer Support,4162293
Nur Saputra,38,Accountant,35187072
Citra Halim,19,Product Manager,23339348
Joko Santoso,27,UI/UX Designer,37910741
Putri Suryani,41,Customer Support,17248091
Nur Suryani,43,Accountant,18216900
Mega Halim,25,Product Manager,11811548
Fitri Saputra,28,UI/UX Designer,40334082
Lestari Hidayat,18,Customer Support,17675048
Umar Firmansyah,27,Marketing Specialist,23067031
Vina Hidayat,40,Operations Manager,37459908
Indra Hidayat,39,Product Manager,12478869
Qori Suryani,57,Software Engineer,20476722
Putri Suryani,20,Operations Manager,11649762
Budi Rahayu,21,UI/UX Designer,16759346
Nur Hidayat,23,Data Analyst,31792306
Andi Kusuma,53,Sales Executive,28776277
Oki Saputra,42,Customer Support,16386885
Eka Nugroho,18,Product Manager,44880963
Zaki Saputra,28,Customer Support,28705800
Joko Wibowo,48,Sales Executive,6031365
Fitri Gunawan,33,QA Engineer,19957588
Hadi Saputra,59,Office Administrator,20449266
Citra Pratama,27,Operations Manager,34286117
Yanto Wijaya,30,Software Engineer,15725366
Vina Halim,53,UI/UX Designer,35659970
Nur Setiawan,48,Accountant,6354919
Citra Hidayat,43,Marketing Specialist,26326755
Citra Pratama,50,Accountant,37451304
Mega Saputra,45,Product Manager,30710405
Joko Rahayu,19,QA Engineer,15351201
Wati Wijaya,20,Operations Manager,40521716
Gita Wijaya,21,Operations Manager,42457589
Citra Nugroho,33,Customer Support,18988288
Tono Santoso,20,Customer Support,37019671
Budi Suryani,50,Product Manager,16246071
Kiki Rahayu,18,Operations Manager,33951039
Hadi Saputra,42,Sales Executive,44995260
Joko Setiawan,19,Software Engineer,35635649
Dewi Wijaya,35,QA Engineer,39948417
Budi Wibowo,30,Software Engineer,43313603
Joko Firmansyah,23,UI/UX Designer,38143977
Citra Firmansyah,55,Office Administrator,32988256
Indra Saputra,24,Customer Support,40938900
Citra Nugroho,31,Product Manager,14654042
Yanto Suryani,47,QA Engineer,24292245
Gita Halim,45,Software Engineer,38810267
Indra Setiawan,30,Marketing Specialist,23690124
Budi Hidayat,37,Accountant,23745325
Umar Halim,50,Product Manager,38997984
Wati Santoso,39,HR Staff,14422209
Hadi Hidayat,52,Data Analyst,38087209
Siti Wijaya,58,Office Administrator,39551633
Budi Pratama,24,Sales Executive,21317511
Kiki Suryani,52,Data Analyst,42971849
Rina Wibowo,24,Accountant,44375859
Umar Setiawan,31,Accountant,32040891
Dewi Pratama,46,Data Analyst,6754152
Lestari Pratama,34,Sales Executive,26538491
Siti Firmansyah,49,UI/UX Designer,29299281
Hadi Rahayu,59,Customer Support,10592785
Kiki Nugroho,54,Office Administrator,15725649
Indra Saputra,47,HR Staff,10886360
Tono Gunawan,54,Sales Executive,32723278
Yanto Setiawan,34,Software Engineer,36027500
Lestari Wibowo,47,Office Administrator,13131644
Citra Pratama,55,Software Engineer,43872211
Putri Suryani,54,HR Staff,7873847
Putri Hidayat,52,HR Staff,41827570
Citra Gunawan,45,HR Staff,13737980
Tono Wibowo,36,Software Engineer,25458039
Dewi Setiawan,54,Office Administrator,10722155
Gita Kusuma,48,Office Administrator,21971080
Indra Santoso,51,Operations Manager,5522149
Oki Kusuma,57,Sales Executive,15713596
Nur Suryani,47,HR Staff,13940136
Hadi Wibowo,47,Sales Executive,28499226
Wati Kusuma,48,HR Staff,24861740
Oki Suryani,45,Product Manager,6429760
Nur Setiawan,31,HR Staff,39356803
Hadi Saputra,59,Sales Executive,13853156
Putri Hidayat,19,Marketing Specialist,37202196
Yanto Nugroho,59,UI/UX Designer,34661494
Nur Rahayu,60,Software Engineer,19542911
Budi Pratama,27,Data Analyst,20250506
Siti Kusuma,41,Operations Manager,32893652
Oki Kusuma,40,QA Engineer,7682767
Mega Firmansyah,31,Office Administrator,13680762
Siti Rahayu,50,UI/UX Designer,21208822
Tono Pratama,50,Software Engineer,35042942
Budi Setiawan,35,QA Engineer,16384581
Vina Suryani,33,Accountant,4316495
Hadi Suryani,55,HR Staff,17320264
Siti Nugroho,37,Operations Manager,8402775
Rina Rahayu,53,Customer Support,43611839
Eka Pratama,38,QA Engineer,32819574
Rina Halim,58,Accountant,9979889
Kiki Firmansyah,24,Customer Support,37032565
Oki Saputra,50,Operations Manager,17579632
Eka Wibowo,32,Product Manager,27687367
Fitri Hidayat,37,Sales Executive,34901769
Hadi Gunawan,40,QA Engineer,23365618
Joko Setiawan,55,Office Administrator,8913296
Wati Wijaya,44,UI/UX Designer,20843306
Vina Gunawan,45,Office Administrator,25224137
Lestari Firmansyah,38,Marketing Specialist,14758104
Tono Nugroho,45,Office Administrator,40785385
Joko Nugroho,35,Marketing Specialist,17734441
Dewi Hidayat,21,Data Analyst,19403118
Umar Rahayu,60,HR Staff,33464334
Nur Santoso,47,Accountant,33389284
Oki Santoso,27,Software Engineer,4104346
Qori Wijaya,48,Product Manager,12307659
Budi Rahayu,29,HR Staff,26174202
Dewi Santoso,30,Marketing Specialist,43924429
Wati Kusuma,25,Product Manager,21388270
Rina Pratama,25,Data Analyst,32055013
Citra Setiawan,22,Customer Support,20239318
Siti Kusuma,41,Accountant,20886937
Rina Setiawan,45,Data Analyst,31148100
Hadi Suryani,60,Marketing Specialist,16228374
Lestari Gunawan,25,HR Staff,8666144
Lestari Wijaya,48,Data Analyst,15168809
Gita Pratama,34,Product Manager,20204824
Lestari Suryani,42,Operations Manager,39269183
Tono Rahayu,24,Office Administrator,16944899
Eka Setiawan,45,Office Administrator,5093400
Tono Pratama,22,Sales Executive,22863424
Lestari Pratama,30,Sales Executive,17097652
Qori Hidayat,24,UI/UX Designer,34974605
Qori Kusuma,41,Marketing Specialist,39416492
Umar Kusuma,44,Office Administrator,14788187
Zaki Hidayat,27,Operations Manager,15673941
Hadi Pratama,27,QA Engineer,9239900
Mega Suryani,28,Sales Executive,18995749
Oki Wibowo,48,Product Manager,5096717
Oki Halim,41,Office Administrator,38526932
Wati Santoso,43,Software Engineer,37255488
Umar Setiawan,52,Sales Executive,30161980
Budi Nugroho,25,Marketing Specialist,10093036
Nur Setiawan,51,Sales Executive,20437687
Mega Santoso,41,Data Analyst,11937530
Budi Saputra,21,HR Staff,9157023
Yanto Wibowo,27,Data Analyst,23142914
Lestari Rahayu,37,QA Engineer,4638381
Lestari Rahayu,55,Sales Executive,33050510
Mega Halim,57,Customer Support,43921638
Andi Pratama,21,UI/UX Designer,27982340
Andi Setiawan,60,Data Analyst,6306764
Indra Firmansyah,54,Product Manager,34273541
Qori Santoso,60,Software Engineer,6261073
Joko Santoso,44,Operations Manager,27652582
Joko Wibowo,59,Product Manager,4246851
Umar Hidayat,53,Product Manager,13663469
Rina Setiawan,37,Product Manager,44791622
Fitri Gunawan,34,QA Engineer,23505317
Zaki Setiawan,56,QA Engineer,15689534
Andi Kusuma,26,HR Staff,26069600
Lestari Kusuma,47,UI/UX Designer,43412244
Gita Firmansyah,48,Sales Executive,28462491
Wati Wijaya,58,Sales Executive,21920729
Budi Hidayat,57,Accountant,28464411
Gita Halim,45,Sales Executive,35886183
Umar Wijaya,30,Data Analyst,24664361
Oki Suryani,55,Marketing Specialist,22650446
Rina Suryani,19,Sales Executive,37690964
Tono Firmansyah,34,Product Manager,9732190
Qori Suryani,45,Operations Manager,33775204
Kiki Nugroho,52,Software Engineer,22008339
Mega Wijaya,19,QA Engineer,37657633
Qori Setiawan,59,HR Staff,21404024
Nur Wijaya,23,Marketing Specialist,42297773
Umar Kusuma,59,Sales Executive,12661979
Kiki Pratama,28,Customer Support,7923547
Vina Saputra,55,Marketing Specialist,23941339
Qori Wijaya,20,Data Analyst,19107658
Wati Rahayu,23,Software Engineer,33064164
Rina Wijaya,28,Accountant,27989547
Citra Setiawan,59,Customer Support,31604410
Andi Firmansyah,47,Sales Executive,44321003
Joko Hidayat,50,UI/UX Designer,33154454
Wati Wibowo,36,Data Analyst,9532750
Citra Firmansyah,22,Marketing Specialist,8345452
Putri Rahayu,46,UI/UX Designer,7481508
Nur Nugroho,33,Customer Support,20766675
Fitri Rahayu,26,QA Engineer,43297907
Vina Kusuma,47,Data Analyst,43540020
Zaki Rahayu,56,Sales Executive,19568225
Zaki Suryani,20,Software Engineer,15506736
Vina Gunawan,25,UI/UX Designer,44097212
Hadi Rahayu,29,Sales Executive,42228174
Zaki Saputra,51,Data Analyst,17981375
Andi Nugroho,48,Operations Manager,36002974
Citra Gunawan,49,Marketing Specialist,41063910
Oki Suryani,45,Marketing Specialist,14653810
Eka Saputra,21,Marketing Specialist,39185386
Gita Suryani,20,Sales Executive,23925631
Lestari Wibowo,34,Software Engineer,31086098
Rina Saputra,28,Marketing Specialist,42972831
Qori Wijaya,32,HR Staff,44307384
Umar Wijaya,49,HR Staff,32013958
Indra Gunawan,49,Customer Support,4024097
Kiki Wibowo,32,Customer Support,6815703
Budi Wijaya,51,Sales Executive,28619220
Kiki Hidayat,59,Operations Manager,5406138
Gita Santoso,32,Sales Executive,8304576
Gita Santoso,51,Operations Manager,24794661
Qori Halim,19,Marketing Specialist,6178196
Yanto Firmansyah,54,Operations Manager,44938040
Citra Firmansyah,60,Customer Support,39564404
Joko Rahayu,21,UI/UX Designer,14556523
Nur Gunawan,30,Marketing Specialist,21845512
Dewi Kusuma,38,Software Engineer,10198143
Eka Halim,28,Office Administrator,43943444
Qori Hidayat,30,Sales Executive,24957539
Putri Wijaya,42,UI/UX Designer,30393615
Zaki Hidayat,37,Marketing Specialist,38131013
Andi Nugroho,50,QA Engineer,43789330
Budi Halim,51,Sales Executive,9497729
Dewi Suryani,19,Operations Manager,4810521
Wati Suryani,36,Software Engineer,7554309
Gita Gunawan,53,HR Staff,39459508
Indra Hidayat,27,Accountant,4214508
Gita Halim,39,UI/UX Designer,4382695
Mega Kusuma,45,QA Engineer,39309668
Mega Rahayu,50,Customer Support,28640908
Joko Firmansyah,26,UI/UX Designer,34006362
Citra Wibowo,35,Software Engineer,31911683
Rina Saputra,35,Office Administrator,20278634
Gita Hidayat,23,HR Staff,38968764
Eka Wijaya,24,Sales Executive,41044425
Vina Firmansyah,39,Product Manager,37930799
Wati Suryani,22,Operations Manager,15982792
Citra Rahayu,44,Operations Manager,14989887
Umar Saputra,59,UI/UX Designer,43275451
Vina Suryani,31,Product Manager,25791861
Umar Nugroho,56,Operations Manager,14302640
Eka Santoso,18,Product Manager,13702445
Dewi Kusuma,30,Data Analyst,6767215
Hadi Setiawan,56,Software Engineer,43283253
Kiki Kusuma,35,Data Analyst,33914367
Eka Nugroho,53,Marketing Specialist,20703566
Lestari Santoso,60,Office Administrator,38231314
Qori Wijaya,59,HR Staff,29059415
Kiki Wibowo,32,Product Manager,9036304
Yanto Hidayat,38,Data Analyst,31780484
Siti Gunawan,29,Operations Manager,31695091
Nur Suryani,28,Sales Executive,7616058
Zaki Wibowo,55,Operations Manager,36955466
Rina Suryani,35,UI/UX Designer,44710311
Oki Santoso,31,Marketing Specialist,7877719
Rina Pratama,25,Product Manager,5655776
Nur Saputra,25,Office Administrator,34601379
Citra Setiawan,24,QA Engineer,33947211
Wati Santoso,39,Accountant,28589188
Oki Hidayat,29,Customer Support,32612315
Gita Kusuma,20,Sales Executive,37335080
Yanto Suryani,50,Accountant,26027273
Budi Nugroho,19,UI/UX Designer,8101652
Nur Gunawan,51,HR Staff,41197429
Joko Setiawan,47,Sales Executive,35824066
Putri Wijaya,49,UI/UX Designer,10382908
Mega Halim,19,Office Administrator,26666016
Joko Firmansyah,43,Product Manager,43316857
Fitri Firmansyah,53,Product Manager,7492146
Fitri Wijaya,59,QA Engineer,18922240
Rina Wijaya,46,Data Analyst,37366371
Nur Santoso,52,Sales Executive,25609511
Vina Wijaya,35,HR Staff,17791507
Indra Wijaya,54,HR Staff,18450126
Vina Nugroho,46,Accountant,38652666
Hadi Wijaya,46,QA Engineer,11432129
Oki Gunawan,30,Customer Support,34022573
Vina Gunawan,48,Product Manager,41898665
Tono Santoso,52,Operations Manager,26960724
Hadi Pratama,30,HR Staff,24952463
Umar Suryani,40,UI/UX Designer,15412570
Citra Santoso,41,QA Engineer,14080944
Tono Wijaya,52,Customer Support,28337624
Mega Hidayat,54,Sales Executive,42601226
Andi Santoso,36,Accountant,40730634
Umar Hidayat,26,Office Administrator,17671462
Lestari Firmansyah,39,UI/UX Designer,22621556
Andi Wijaya,38,Sales Executive,32254253
Rina Saputra,44,QA Engineer,22800507
Fitri Saputra,50,Office Administrator,5043026
Wati Saputra,46,Customer Support,7628557
Putri Gunawan,37,HR Staff,39966475
Hadi Gunawan,22,Customer Support,21097826
Hadi Hidayat,23,Software Engineer,41903854
Oki Suryani,30,Sales Executive,10969079
Qori Saputra,38,Marketing Specialist,24138116
Zaki Gunawan,24,Operations Manager,19720149
Siti Nugroho,40,Operations Manager,40928756
Qori Nugroho,60,Accountant,4289186
Zaki Hidayat,40,Customer Support,13656340
Siti Santoso,32,UI/UX Designer,34742503
Siti Nugroho,60,Accountant,13029471
Citra Santoso,26,Office Administrator,18160831
Zaki Gunawan,59,Sales Executive,19658029
Eka Wijaya,21,Sales Executive,19724233
Dewi Kusuma,32,Software Engineer,12413004
Siti Saputra,48,Data Analyst,34566396
Dewi Pratama,48,QA Engineer,38668407
Joko Wijaya,53,Data Analyst,34519560
Zaki Pratama,42,Office Administrator,38093878
Lestari Gunawan,22,Accountant,39304510
Oki Wijaya,22,Accountant,39650785
Andi Kusuma,49,Office Administrator,28268343
Indra Firmansyah,18,UI/UX Designer,14982749
Fitri Wibowo,41,Product Manager,19500542
Budi Suryani,31,Data Analyst,18582315
Wati Halim,23,Office Administrator,14173923
Yanto Setiawan,37,UI/UX Designer,9595017
Kiki Wibowo,52,Sales Executive,11824643
Andi Pratama,33,Product Manager,42084732
Fitri Santoso,51,Sales Executive,7521657
Fitri Nugroho,35,HR Staff,25499739
Hadi Hidayat,26,QA Engineer,26899260
Siti Suryani,19,Accountant,42138208
Vina Wijaya,33,Sales Executive,18598531
Eka Kusuma,23,Marketing Specialist,13363923
Vina Rahayu,47,Customer Support,13500539
Vina Suryani,45,Marketing Specialist,6367083
Umar Rahayu,57,Sales Executive,34080402
Gita Rahayu,44,Data Analyst,32855259
Siti Hidayat,27,Data Analyst,43107677
Siti Pratama,23,Accountant,30430472
Vina Wibowo,56,HR Staff,25005725
Oki Wibowo,55,QA Engineer,22186767
Kiki Halim,43,UI/UX Designer,41602133
Nur Halim,21,HR Staff,36838771
Vina Rahayu,25,Software Engineer,5036602
Mega Kusuma,56,Marketing Specialist,33717368
Nur Hidayat,48,Sales Executive,7418162
Dewi Setiawan,18,HR Staff,26501708
Zaki Rahayu,32,Office Administrator,19880041
Kiki Nugroho,50,UI/UX Designer,24177103
Zaki Kusuma,29,Marketing Specialist,28213475
Budi Setiawan,35,HR Staff,41446127
Andi Setiawan,56,Marketing Specialist,29868158
Vina Rahayu,28,UI/UX Designer,8706049
Qori Halim,36,Operations Manager,23866408
Kiki Kusuma,43,Sales Executive,10631376
Rina Halim,30,Customer Support,33948585
Putri Santoso,19,QA Engineer,23809076
Mega Hidayat,54,Accountant,38629162
Mega Setiawan,50,UI/UX Designer,26293907
Citra Pratama,47,UI/UX Designer,13076709
Dewi Hidayat,42,Accountant,43273620
Vina Halim,46,Operations Manager,12332707
Siti Hidayat,32,Data Analyst,4320429
Umar Nugroho,37,Sales Executive,35112732
Wati Halim,49,UI/UX Designer,24692335
Joko Halim,23,Product Manager,36002764
Vina Pratama,52,Operations Manager,15845030
Vina Nugroho,34,Customer Support,16920349
Mega Saputra,52,Sales Executive,11490327
Wati Halim,32,Software Engineer,37725347
Hadi Firmansyah,39,Software Engineer,44108669
Rina Firmansyah,55,Data Analyst,29264823
Qori Rahayu,37,Operations Manager,27550994
Eka Suryani,28,Operations Manager,10115519
Rina Nugroho,27,Office Administrator,32196406
Putri Pratama,32,Accountant,30111973
Citra Saputra,58,Office Administrator,18336467
Putri Santoso,23,HR Staff,4556255
Nur Pratama,58,Software Engineer,37436074
Yanto Santoso,19,Operations Manager,9296964
Yanto Rahayu,33,Product Manager,24841836
Kiki Wibowo,50,Office Administrator,9920191
Siti Halim,38,Accountant,26133961
Yanto Pratama,46,Accountant,7383044
Nur Wibowo,30,HR Staff,31790926
Zaki Setiawan,56,Sales Executive,10539263
Qori Wijaya,34,Software Engineer,44720223
Budi Nugroho,50,HR Staff,10655163
Dewi Hidayat,56,Software Engineer,12580504
Eka Halim,19,Office Administrator,9610936
Joko Gunawan,52,Sales Executive,23833441
Fitri Saputra,45,Product Manager,20580262
Nur Wibowo,18,Customer Support,12590035
Putri Kusuma,27,QA Engineer,42301916
Indra Setiawan,43,Accountant,8026632
Indra Pratama,40,QA Engineer,34896666
Joko Firmansyah,51,QA Engineer,15508327
Rina Rahayu,37,Marketing Specialist,25826610
Wati Halim,27,Marketing Specialist,34313822
Oki Wijaya,32,Accountant,31915818
Joko Nugroho,55,Customer Support,36791141
Lestari Saputra,58,Accountant,14858860
Qori Firmansyah,22,Customer Support,19757852
Eka Wijaya,59,QA Engineer,8994772
Vina Pratama,35,Accountant,39323471
Nur Kusuma,56,Sales Executive,32824783
Tono Wibowo,21,HR Staff,6404812
Indra Wijaya,35,QA Engineer,24813212
Andi Setiawan,34,Marketing Specialist,37226434
Umar Kusuma,55,Customer Support,6703419
Budi Setiawan,55,HR Staff,5417427
Nur Santoso,19,Software Engineer,14460866
Qori Halim,32,Sales Executive,15490655
Eka Firmansyah,50,QA Engineer,31229642
Rina Pratama,24,QA Engineer,20798444
Qori Nugroho,60,Operations Manager,14579371
Vina Wibowo,57,Office Administrator,37169517
Indra Santoso,41,Marketing Specialist,36143837
Siti Setiawan,42,Marketing Specialist,12537987
Dewi Nugroho,57,UI/UX Designer,21428964
Indra Setiawan,52,Software Engineer,40490113
Lestari Halim,24,Software Engineer,28137893
Budi Setiawan,21,Operations Manager,37896455
Dewi Rahayu,41,Customer Support,42520969
Mega Setiawan,27,Operations Manager,11764781
Nur Wijaya,24,UI/UX Designer,16960586
Gita Kusuma,54,Operations Manager,27917292
Citra Pratama,56,Software Engineer,41372184
Andi Santoso,30,Product Manager,21196978
Hadi Wibowo,26,Operations Manager,38716493
Umar Saputra,50,Office Administrator,9979380
Wati Wijaya,29,Sales Executive,16122986
Oki Kusuma,57,Sales Executive,35900666
Citra Wijaya,44,Sales Executive,38294289
Vina Nugroho,36,Operations Manager,12344544
Vina Wijaya,22,Data Analyst,6597468
Joko Wibowo,54,Accountant,44796831
Mega Pratama,59,Marketing Specialist,20816782
Nur Kusuma,48,HR Staff,27396098
Joko Firmansyah,55,Accountant,7790341
Tono Saputra,24,Office Administrator,44858175
Eka Setiawan,27,Operations Manager,38042129
Wati Rahayu,47,Office Administrator,12947313
Zaki Wibowo,54,HR Staff,24224632
Hadi Nugroho,22,Accountant,18765167
Fitri Kusuma,35,Product Manager,35778624
Fitri Nugroho,51,UI/UX Designer,14628579
Tono Saputra,37,QA Engineer,8484566
Oki Rahayu,46,Marketing Specialist,6440114
Nur Rahayu,32,HR Staff,12656684
Wati Nugroho,33,UI/UX Designer,15693429
Yanto Wibowo,45,Marketing Specialist,5191596
Eka Firmansyah,44,Customer Support,4612821
Fitri Wijaya,27,Office Administrator,6124942
Eka Saputra,24,Accountant,12480731
Qori Wijaya,57,UI/UX Designer,39855987
Joko Nugroho,44,Operations Manager,31833351
Gita Nugroho,40,Sales Executive,38148771
Andi Wijaya,25,Software Engineer,35952179
Hadi Halim,35,Sales Executive,30415872
Fitri Nugroho,55,Operations Manager,7989503
Dewi Setiawan,21,Sales Executive,36751980
Hadi Santoso,50,Accountant,12168168
Umar Nugroho,48,Accountant,42775937
Tono Saputra,58,Marketing Specialist,37393616
Joko Kusuma,43,Product Manager,25459819
Qori Setiawan,32,Office Administrator,16576814
Vina Gunawan,47,Product Manager,12934159
Siti Gunawan,22,Software Engineer,16260293
Citra Saputra,36,Operations Manager,30040445
Oki Wijaya,31,Product Manager,20196637
Zaki Gunawan,51,Product Manager,18174451
Dewi Suryani,19,Accountant,44538445
Putri Firmansyah,28,QA Engineer,17494689
Vina Setiawan,37,Operations Manager,14061372
Eka Nugroho,53,Software Engineer,30419753
Umar Firmansyah,28,Data Analyst,11102005
Citra Pratama,32,QA Engineer,25350792
Hadi Pratama,21,Sales Executive,5035176
Joko Nugroho,43,QA Engineer,37034402
Tono Rahayu,60,Operations Manager,13515675
Hadi Firmansyah,46,Marketing Specialist,44642778
Fitri Hidayat,28,Software Engineer,44455274
Vina Nugroho,38,Software Engineer,27943603
Yanto Firmansyah,57,Marketing Specialist,31649369
Yanto Wijaya,47,Sales Executive,42768107
Citra Nugroho,42,QA Engineer,21833093
Umar Setiawan,22,Accountant,15748992
Yanto Setiawan,29,Data Analyst,19052163
Siti Gunawan,35,UI/UX Designer,32725194
Mega Santoso,29,UI/UX Designer,4505232
Vina Saputra,59,Data Analyst,28996945
Indra Setiawan,29,Accountant,10784090
Budi Wijaya,56,Product Manager,6621267
Umar Gunawan,34,Customer Support,8813826
Qori Saputra,23,Sales Executive,17096288
Wati Firmansyah,49,Accountant,32438454
Rina Saputra,24,Software Engineer,18211098
Indra Firmansyah,56,HR Staff,17852833
Mega Nugroho,55,Marketing Specialist,15338332
Andi Nugroho,54,QA Engineer,37929517
Andi Hidayat,32,Software Engineer,31961127
Indra Pratama,36,Operations Manager,31504789
Citra Saputra,57,Operations Manager,29033107
Mega Rahayu,29,Operations Manager,16241415
Yanto Pratama,42,QA Engineer,9359008
Siti Saputra,57,Sales Executive,11531501
Budi Suryani,45,Data Analyst,37523433
Putri Setiawan,45,UI/UX Designer,26887416
Fitri Nugroho,30,QA Engineer,10317383
Kiki Wibowo,32,Operations Manager,20290145
Siti Wijaya,47,Operations Manager,39328288
Putri Gunawan,36,Customer Support,44915564
Fitri Suryani,29,Customer Support,14893009
Indra Saputra,48,Sales Executive,16361594
Yanto Saputra,41,Sales Executive,9013328
Qori Saputra,39,Office Administrator,4315765
Citra Wijaya,33,Accountant,35521113
Yanto Kusuma,28,Marketing Specialist,29923673
Eka Hidayat,55,QA Engineer,41187470
Fitri Setiawan,26,Sales Executive,33983915
Qori Rahayu,52,Software Engineer,38303947
Andi Rahayu,53,Data Analyst,13746493
Citra Suryani,43,HR Staff,18659776
Zaki Firmansyah,45,Accountant,6414660
Zaki Hidayat,53,QA Engineer,14474452
Siti Firmansyah,49,Office Administrator,20262191
Kiki Wijaya,33,Software Engineer,28318519
Tono Wijaya,54,Data Analyst,43586457
Fitri Santoso,22,Operations Manager,25650378
Putri Gunawan,43,UI/UX Designer,28881897
Kiki Setiawan,55,UI/UX Designer,5255473
Indra Rahayu,52,Marketing Specialist,39702984
Putri Rahayu,24,Customer Support,38657217
Lestari Kusuma,27,HR Staff,21063045
Wati Santoso,30,Office Administrator,17715865
Tono Setiawan,47,Operations Manager,42693789
Putri Santoso,33,Sales Executive,41001798
Siti Wijaya,38,Accountant,29519041
Zaki Pratama,44,QA Engineer,20808710
Mega Setiawan,29,Sales Executive,7248609
Kiki Santoso,30,Marketing Specialist,18143904
Rina Santoso,49,Operations Manager,29416574
Citra Santoso,19,QA Engineer,23550606
Umar Santoso,47,UI/UX Designer,39025810
Tono Kusuma,47,Sales Executive,32101060
Hadi Pratama,31,Data Analyst,42618303
Wati Rahayu,23,Accountant,24124194
Gita Suryani,51,Office Administrator,15850200
Yanto Halim,59,Sales Executive,13107081
Dewi Kusuma,52,Accountant,9653961
Zaki Santoso,18,Accountant,37403285
Nur Wibowo,19,Software Engineer,9887937
Fitri Pratama,50,Product Manager,37306309
Fitri Gunawan,23,Software Engineer,33771935
Siti Saputra,28,Customer Support,11267279
Joko Wijaya,49,Data Analyst,9287610
Nur Firmansyah,57,HR Staff,6356468
Umar Suryani,19,Operations Manager,40217836
Tono Saputra,58,QA Engineer,4614864
Joko Gunawan,32,Accountant,10876084
Andi Suryani,36,UI/UX Designer,27424470
Budi Saputra,42,QA Engineer,32377678
Wati Gunawan,46,Data Analyst,26053057
Yanto Hidayat,32,Operations Manager,35013349
Zaki Pratama,60,UI/UX Designer,44531301
Tono Gunawan,40,Customer Support,11852756
Joko Saputra,45,QA Engineer,20877234
Yanto Saputra,29,Customer Support,7903865
Kiki Halim,25,HR Staff,24220814
Putri Halim,55,HR Staff,29056762
Wati Wibowo,21,Office Administrator,44739543
Putri Pratama,40,Customer Support,36229625
Kiki Saputra,57,UI/UX Designer,13468570
Fitri Saputra,33,Data Analyst,30614268
Mega Rahayu,18,Software Engineer,28121004
Nur Wibowo,37,Software Engineer,31334176
Nur Setiawan,31,Data Analyst,13418030
Umar Suryani,42,Customer Support,19677396
Nur Gunawan,31,Software Engineer,30036881
Nur Gunawan,24,Marketing Specialist,36364611
Zaki Firmansyah,39,Accountant,42651831
Eka Wibowo,27,Office Administrator,35033198
Rina Firmansyah,57,Operations Manager,27003876
Andi Setiawan,56,Accountant,37206544
Fitri Nugroho,36,Accountant,35349149
Dewi Wijaya,38,Sales Executive,15246267
Gita Halim,53,Data Analyst,27557103
Qori Pratama,46,Customer Support,5026247
Vina Suryani,40,Product Manager,32701904
Putri Wibowo,54,QA Engineer,9363730
Budi Rahayu,29,Office Administrator,37031876
Qori Gunawan,39,Software Engineer,17926735
Gita Rahayu,39,HR Staff,8087055
Eka Halim,45,UI/UX Designer,20143187
Umar Nugroho,22,UI/UX Designer,9525262
Rina Wibowo,42,Accountant,15901218
Budi Gunawan,45,Software Engineer,40418994
Citra Firmansyah,29,Office Administrator,43974244
Lestari Firmansyah,20,Sales Executive,30787168
Vina Hidayat,59,Sales Executive,28962391
Nur Gunawan,37,Office Administrator,43264510
Putri Gunawan,50,Customer Support,14544933
Citra Hidayat,40,Operations Manager,4239840
Gita Santoso,32,HR Staff,16716567
Yanto Pratama,50,QA Engineer,23971390
Indra Nugroho,28,Customer Support,36969207
Fitri Kusuma,36,UI/UX Designer,22607519
Nur Hidayat,28,Data Analyst,38670628
Gita Santoso,34,Accountant,24258311
Tono Nugroho,25,Accountant,20523274
Rina Halim,41,Sales Executive,11676708
Lestari Saputra,48,Software Engineer,4548942
Andi Firmansyah,41,Accountant,12682425
Fitri Saputra,36,QA Engineer,37983874
Citra Wibowo,32,Product Manager,36970998
Dewi Saputra,18,UI/UX Designer,15195672
Mega Nugroho,33,Sales Executive,21036300
Hadi Firmansyah,24,Office Administrator,17259111
Umar Hidayat,21,Data Analyst,8889880
Gita Suryani,59,Office Administrator,38773118
Umar Halim,44,Office Administrator,42658663
Siti Firmansyah,21,Data Analyst,18599164
Putri Santoso,46,Office Administrator,9125788
Siti Setiawan,40,Office Administrator,15745108
Lestari Pratama,43,QA Engineer,42232730
Andi Nugroho,36,Operations Manager,29916296
Indra Wibowo,38,HR Staff,41750808
Putri Wijaya,26,UI/UX Designer,33257653
Putri Rahayu,27,Sales Executive,20569101
Budi Firmansyah,45,Data Analyst,12427973
Qori Pratama,60,Customer Support,19413941
Indra Halim,52,Accountant,25639560
Zaki Setiawan,58,Operations Manager,21981994
Joko Wijaya,37,Marketing Specialist,22626930
Eka Halim,42,Data Analyst,13446776
Vina Saputra,29,Marketing Specialist,38906012
Gita Halim,56,Customer Support,10069989
Rina Nugroho,31,Sales Executive,31203081
Eka Saputra,44,Customer Support,14938582
Kiki Nugroho,29,Customer Support,34409743
Gita Suryani,26,Accountant,44172663
Kiki Rahayu,57,Product Manager,16885005
Rina Hidayat,32,Software Engineer,37430480
Wati Wijaya,41,Product Manager,43506352
Hadi Wibowo,25,Marketing Specialist,26609327
Nur Hidayat,18,Office Administrator,21993173
Nur Wibowo,52,Product Manager,12780890
Indra Saputra,31,Accountant,39709770
Joko Hidayat,49,HR Staff,32209568
Oki Rahayu,57,HR Staff,36001153
Joko Halim,23,Operations Manager,14403296
Kiki Setiawan,42,Product Manager,24856037
Joko Firmansyah,54,Product Manager,7661594
Mega Firmansyah,47,Customer Support,38244604
Oki Wijaya,37,Customer Support,22012611
Lestari Hidayat,50,Software Engineer,6543886
Zaki Kusuma,55,HR Staff,14309475
Hadi Pratama,29,Sales Executive,35141158
Nur Wibowo,55,Customer Support,28069672
Citra Halim,57,HR Staff,18034779
Umar Nugroho,27,Office Administrator,28346126
Rina Hidayat,34,Accountant,23864064
Lestari Hidayat,32,UI/UX Designer,44435662
Lestari Kusuma,53,HR Staff,15030100
Rina Halim,34,Accountant,17542369
Dewi Wibowo,49,Marketing Specialist,9297257
Qori Wijaya,24,Data Analyst,24066715
Hadi Wibowo,31,Marketing Specialist,21338475
Yanto Kusuma,34,HR Staff,16571411
Rina Nugroho,56,Software Engineer,19268332
Kiki Nugroho,21,HR Staff,4457527
Kiki Saputra,26,Sales Executive,6139706
Siti Wibowo,20,Operations Manager,17021672
Hadi Firmansyah,58,Operations Manager,42230780
Oki Hidayat,41,Sales Executive,27430708
Dewi Hidayat,33,Sales Executive,25019528
Fitri Gunawan,50,Operations Manager,33084032
Rina Gunawan,48,Data Analyst,16833944
Umar Rahayu,58,Customer Support,17439198
Budi Firmansyah,26,Customer Support,5579572
Budi Halim,28,Marketing Specialist,26439757
Dewi Suryani,34,Software Engineer,15562038
Zaki Wibowo,49,QA Engineer,32657933
Budi Halim,49,Operations Manager,38710722
Siti Santoso,32,QA Engineer,17248925
Rina Rahayu,52,QA Engineer,7508570
Mega Kusuma,57,Customer Support,34375790
Umar Kusuma,40,Sales Executive,36957071
Mega Gunawan,48,Marketing Specialist,4945926
Citra Setiawan,29,QA Engineer,39085112
Putri Wijaya,23,Operations Manager,24123992
Vina Firmansyah,38,UI/UX Designer,6252375
Zaki Suryani,56,QA Engineer,11834291
Umar Gunawan,53,Operations Manager,22406655
Gita Wijaya,47,Marketing Specialist,33760106
Gita Wijaya,55,Sales Executive,20623967
Putri Setiawan,50,Sales Executive,28556205
Hadi Firmansyah,21,HR Staff,31864135
Hadi Halim,44,Product Manager,38218102
Vina Kusuma,43,Product Manager,17747411
Eka Rahayu,26,Marketing Specialist,14227397
Siti Wibowo,25,Operations Manager,32826466
Joko Nugroho,25,Accountant,38469866
Siti Halim,38,Data Analyst,23454559
Budi Nugroho,40,Accountant,34598829
Rina Kusuma,31,QA Engineer,16202763
Qori Setiawan,33,Data Analyst,32740552
Nur Hidayat,36,UI/UX Designer,43332448
Lestari Pratama,49,Accountant,26486701
Gita Pratama,37,UI/UX Designer,36694804
Zaki Santoso,36,Data Analyst,15017031
Dewi Firmansyah,19,Office Administrator,8980199
Wati Saputra,20,Data Analyst,8388175
Joko Santoso,55,Accountant,10053272
Qori Santoso,38,Product Manager,20672727
Hadi Pratama,36,HR Staff,42905069
Dewi Suryani,34,Product Manager,37678979
Joko Suryani,49,Sales Executive,16316751
Zaki Rahayu,21,Software Engineer,10492477
Nur Wibowo,53,Accountant,15382666
Qori Hidayat,51,Product Manager,40527928
Eka Setiawan,53,Software Engineer,26691925
Hadi Santoso,53,Accountant,19759022
Siti Setiawan,27,UI/UX Designer,8826856
Vina Santoso,48,Product Manager,27234851
Citra Halim,58,Software Engineer,25399654
Lestari Gunawan,52,HR Staff,30322015
Vina Suryani,25,Office Administrator,9011517
Putri Santoso,41,Sales Executive,27474847
Mega Gunawan,53,Office Administrator,29055714
Putri Saputra,21,Product Manager,38458007
Tono Kusuma,36,Customer Support,34938932
Yanto Hidayat,24,Sales Executive,42295035
Joko Santoso,29,Marketing Specialist,19056727
Vina Suryani,27,UI/UX Designer,32883205
Eka Firmansyah,20,HR Staff,4927942
Nur Firmansyah,19,Sales Executive,33104390
Mega Saputra,28,Marketing Specialist,7361463
Putri Suryani,23,QA Engineer,30623216
Nur Santoso,20,Software Engineer,9013612
Fitri Setiawan,31,Operations Manager,26971470
Zaki Kusuma,46,Sales Executive,17793000
Umar Saputra,47,Operations Manager,43386633
Zaki Gunawan,27,Data Analyst,12409237
Siti Wijaya,20,Office Administrator,12599530
Eka Firmansyah,38,Data Analyst,14081949
Mega Wijaya,53,Marketing Specialist,28956532
Citra Pratama,60,Data Analyst,31266650
Indra Wibowo,24,Software Engineer,30019460
Eka Gunawan,30,UI/UX Designer,21049709
Wati Wibowo,22,HR Staff,20067796
Siti Pratama,26,Office Administrator,34165422
Vina Wibowo,25,Customer Support,23393611
Siti Wibowo,27,Sales Executive,19658582
Joko Halim,40,Operations Manager,22759191
Eka Pratama,36,Software Engineer,15662849
Umar Halim,48,Sales Executive,7216706
Budi Wibowo,33,Data Analyst,32947438
Dewi Pratama,30,UI/UX Designer,8981704
Zaki Halim,60,Accountant,14014524
Budi Firmansyah,37,Marketing Specialist,32640328
Rina Santoso,27,Product Manager,15779135
Gita Hidayat,28,Product Manager,34290170
Wati Wijaya,47,Data Analyst,39085758
Qori Suryani,42,Product Manager,23955650
Eka Gunawan,23,Sales Executive,38179546
Dewi Santoso,38,Operations Manager,8741447
Siti Kusuma,28,Office Administrator,44497315
Zaki Nugroho,27,Product Manager,13337279
Qori Suryani,48,Sales Executive,11295247
Yanto Hidayat,20,Marketing Specialist,40917148
Budi Santoso,48,Operations Manager,32278927
Kiki Santoso,50,Product Manager,4635106
Vina Hidayat,29,Operations Manager,39611576
Andi Hidayat,45,Product Manager,15457881
Nur Gunawan,31,Office Administrator,44130735
Dewi Hidayat,28,Data Analyst,33941370
Lestari Firmansyah,45,Operations Manager,42347196
Eka Firmansyah,36,Data Analyst,25328130
Vina Gunawan,56,Accountant,41337171
Eka Pratama,27,HR Staff,29335081
Joko Wijaya,60,Accountant,42689887
Umar Saputra,59,Software Engineer,4979197
Zaki Halim,60,Product Manager,15206390
Gita Wibowo,30,Office Administrator,41439994
Vina Saputra,58,Customer Support,5781915
Nur Halim,24,Marketing Specialist,21666113
Putri Pratama,33,Marketing Specialist,41687373
Citra Santoso,42,Accountant,7806984
Vina Setiawan,54,Marketing Specialist,20388268
Siti Pratama,54,Data Analyst,23617993
Siti Setiawan,23,Office Administrator,25020562
Zaki Gunawan,27,Accountant,8939137
Wati Nugroho,28,Customer Support,23214926
Umar Wijaya,47,Operations Manager,31505863
Oki Rahayu,23,Data Analyst,20223336
Hadi Pratama,28,Operations Manager,26103821
Citra Rahayu,49,Data Analyst,4580777
Wati Suryani,23,UI/UX Designer,38641512
Rina Kusuma,51,Customer Support,31251683
Dewi Halim,32,Sales Executive,27118349
Wati Halim,26,Marketing Specialist,19817825
Siti Firmansyah,47,QA Engineer,5219481
Fitri Gunawan,57,Software Engineer,10116058
Mega Nugroho,45,Data Analyst,27792420
Yanto Rahayu,39,Customer Support,14686382
Kiki Suryani,28,QA Engineer,18759487
Budi Nugroho,57,HR Staff,34714479
Kiki Wijaya,54,UI/UX Designer,39026272
Fitri Santoso,50,Operations Manager,13144499
Indra Nugroho,47,Software Engineer,43685555
Gita Firmansyah,22,Software Engineer,17813009
Umar Kusuma,36,Sales Executive,4378274
Joko Santoso,47,Operations Manager,4271233
Putri Nugroho,32,Data Analyst,35089947
Siti Wibowo,42,HR Staff,40020637
Qori Gunawan,45,Office Administrator,25687143
Gita Setiawan,32,HR Staff,14539420
Budi Santoso,39,Sales Executive,12793120
Zaki Wibowo,29,Product Manager,36356419
Mega Gunawan,22,QA Engineer,40185422
Joko Kusuma,41,HR Staff,15766049
Lestari Santoso,21,Accountant,12230693
Hadi Kusuma,44,QA Engineer,4102160
Indra Setiawan,50,HR Staff,32291216
Putri Kusuma,38,Software Engineer,33302356
Kiki Firmansyah,20,Data Analyst,37510938
Siti Halim,44,Product Manager,7516099
Oki Setiawan,40,Operations Manager,25897833
Oki Kusuma,19,Data Analyst,40428623
Umar Wibowo,21,Operations Manager,41560296
Eka Hidayat,41,Sales Executive,5273683
Eka Kusuma,27,Product Manager,24663229
Budi Pratama,54,Customer Support,24451082
Oki Setiawan,19,HR Staff,31564571
Hadi Wijaya,57,UI/UX Designer,41123934
Wati Hidayat,29,Customer Support,7846480
Dewi Wijaya,32,Marketing Specialist,43682684
Joko Halim,48,Data Analyst,19999043
Kiki Hidayat,33,Sales Executive,41474622
Hadi Suryani,43,HR Staff,15800452
Kiki Saputra,23,UI/UX Designer,23520297
Budi Setiawan,58,Marketing Specialist,40465838
Oki Halim,27,Operations Manager,41156867
Andi Wijaya,19,Sales Executive,32329777
Siti Wijaya,49,QA Engineer,21320386
Siti Halim,45,Product Manager,15212456
Hadi Kusuma,44,HR Staff,25893729
Oki Wibowo,49,Marketing Specialist,30854605
Tono Kusuma,38,Software Engineer,32816545
Gita Gunawan,31,Software Engineer,42588535
Putri Setiawan,56,Operations Manager,44472777
Vina Rahayu,22,UI/UX Designer,43504601
Wati Nugroho,51,Accountant,6185254
Zaki Suryani,19,Customer Support,30994463
Budi Saputra,39,HR Staff,17760686
Wati Nugroho,32,QA Engineer,34771287
Andi Gunawan,34,Sales Executive,6783917
Budi Saputra,29,HR Staff,15145362
Nur Hidayat,38,Office Administrator,25350998
Qori Wibowo,18,Marketing Specialist,44197961
Eka Saputra,58,Data Analyst,8211923
Kiki Rahayu,50,Software Engineer,28233986
Dewi Pratama,47,Customer Support,35347466
Hadi Wijaya,42,QA Engineer,37446307
Dewi Rahayu,30,QA Engineer,40255484
Zaki Rahayu,53,HR Staff,5823302
Mega Suryani,24,Office Administrator,22913960
Andi Suryani,32,UI/UX Designer,36343877
Putri Pratama,51,QA Engineer,39123630
Eka Rahayu,57,Product Manager,7799536
Fitri Setiawan,55,QA Engineer,10879399
Citra Wibowo,25,Data Analyst,43426793
Fitri Setiawan,35,Sales Executive,27621036
Umar Hidayat,19,UI/UX Designer,43523340
Zaki Wibowo,49,HR Staff,19495532
Mega Suryani,33,Product Manager,42241653
Fitri Wijaya,46,Accountant,43328961
Dewi Gunawan,43,Data Analyst,33009233
Citra Gunawan,43,QA Engineer,41350340
Kiki Firmansyah,48,HR Staff,32303660
Fitri Wibowo,50,UI/UX Designer,25865681
Vina Gunawan,25,Software Engineer,27784775
Vina Wijaya,22,Data Analyst,4463213
Lestari Santoso,41,Sales Executive,8664598
Putri Saputra,57,Customer Support,12312329
Qori Suryani,38,QA Engineer,8164354
Qori Setiawan,36,Accountant,30622328
Fitri Santoso,34,Sales Executive,35938258
Budi Suryani,45,Customer Support,41313022
Putri Gunawan,21,HR Staff,44746574
Nur Pratama,35,Product Manager,44857413
Joko Saputra,42,Operations Manager,26487833
Hadi Kusuma,25,Office Administrator,26078538
Oki Wibowo,57,Sales Executive,28059525
Gita Kusuma,21,Office Administrator,36721701
Putri Wibowo,22,Data Analyst,20587173
Indra Kusuma,29,Software Engineer,27696971
Joko Halim,48,QA Engineer,6951518
Rina Nugroho,31,Office Administrator,33071001
Lestari Halim,19,Customer Support,32742888
Wati Firmansyah,18,HR Staff,44711720
Rina Wijaya,31,HR Staff,9792909
Nur Gunawan,34,Office Administrator,25546496
Vina Setiawan,36,Sales Executive,30294514
Citra Saputra,60,UI/UX Designer,40518773
Umar Halim,57,HR Staff,36467795
Rina Halim,25,Office Administrator,12034419
Wati Wijaya,23,Product Manager,21195621
Joko Gunawan,59,Marketing Specialist,14375170
Vina Kusuma,30,Marketing Specialist,11457500
Lestari Saputra,54,HR Staff,16003506
Fitri Setiawan,29,Sales Executive,12049030
Budi Setiawan,28,Data Analyst,22061095
Budi Hidayat,32,HR Staff,25576553
Oki Setiawan,31,UI/UX Designer,38669378
Andi Santoso,24,UI/UX Designer,6011581
Citra Wibowo,20,Marketing Specialist,16783620
Fitri Suryani,49,Operations Manager,13658678
Zaki Gunawan,35,Software Engineer,24470430
Kiki Halim,30,Office Administrator,25905773
Siti Gunawan,47,Marketing Specialist,20477265
Budi Saputra,19,Marketing Specialist,38894257
Oki Saputra,32,UI/UX Designer,11894580
Yanto Setiawan,25,Data Analyst,9779723
Fitri Gunawan,46,Customer Support,21089070
Siti Gunawan,39,UI/UX Designer,20312394
Kiki Wijaya,58,Data Analyst,8011763
Hadi Rahayu,22,Data Analyst,36329439
Fitri Suryani,21,Operations Manager,28960482
Indra Wibowo,43,Product Manager,42101100
Mega Saputra,26,HR Staff,22154154
Indra Wijaya,42,Operations Manager,4260372
Fitri Halim,31,Operations Manager,19731597
Lestari Wijaya,34,Data Analyst,33135199
Nur Pratama,29,Sales Executive,4496725
Siti Kusuma,55,Office Administrator,42233990
Lestari Santoso,21,Accountant,22937011
Putri Gunawan,49,HR Staff,30267351
Kiki Rahayu,25,Customer Support,44455133
Qori Hidayat,44,Operations Manager,5884834
Eka Gunawan,52,Office Administrator,39933449
Wati Santoso,58,Sales Executive,12655522
Qori Gunawan,20,HR Staff,14571170
Fitri Halim,53,Software Engineer,11093048
Mega Rahayu,58,Customer Support,37494380
Rina Halim,51,Customer Support,7495554
Lestari Gunawan,36,UI/UX Designer,33126474
Tono Wibowo,45,Customer Support,8041479
Wati Gunawan,42,HR Staff,7842820
Kiki Kusuma,55,Data Analyst,17090184
Kiki Kusuma,55,Office Administrator,38327655
Eka Kusuma,56,Operations Manager,7654136
Budi Wibowo,29,Office Administrator,36189287
Fitri Suryani,24,Sales Executive,15800693
Yanto Setiawan,59,Software Engineer,28700629
Indra Nugroho,48,UI/UX Designer,24639231
Mega Wijaya,39,Operations Manager,16018713
Wati Halim,35,Accountant,8421697
Umar Kusuma,60,Accountant,12379471
Dewi Nugroho,45,Sales Executive,20991570
Rina Gunawan,33,Product Manager,32210892
Tono Firmansyah,46,HR Staff,15632261
Mega Kusuma,33,HR Staff,15056085
Vina Rahayu,42,UI/UX Designer,14925357
Gita Firmansyah,57,UI/UX Designer,21782004
Indra Santoso,36,Sales Executive,6531963
Qori Pratama,38,UI/UX Designer,8976298
Rina Firmansyah,43,Software Engineer,40433946
Nur Santoso,23,QA Engineer,13637114
Indra Rahayu,49,Office Administrator,37198873
Dewi Santoso,54,UI/UX Designer,22082159
Zaki Kusuma,27,QA Engineer,40243160
Kiki Halim,56,HR Staff,34472534
Siti Kusuma,23,Product Manager,43014464
Siti Wijaya,37,Data Analyst,35035749
Nur Rahayu,51,Data Analyst,10745142
Andi Santoso,51,Sales Executive,5876794
Wati Rahayu,18,QA Engineer,23475118
Dewi Halim,56,Software Engineer,4526059
Lestari Kusuma,36,Office Administrator,24476206
Citra Nugroho,49,UI/UX Designer,22763404
Fitri Saputra,40,Software Engineer,19301192
Eka Wibowo,50,Operations Manager,36461411
Kiki Saputra,34,Accountant,25264729
Yanto Setiawan,23,Marketing Specialist,37379277
Zaki Saputra,55,Accountant,23665064
Umar Halim,28,Software Engineer,32727590
Indra Saputra,21,Marketing Specialist,44153103
Eka Santoso,35,HR Staff,28652918
Kiki Wibowo,56,Accountant,9081743
Budi Halim,41,Accountant,8712805
Lestari Kusuma,54,UI/UX Designer,6963473
Dewi Suryani,36,Customer Support,15636797
Oki Kusuma,51,HR Staff,39228384
Joko Wijaya,37,Software Engineer,13750368
Budi Santoso,38,QA Engineer,42131255
Tono Gunawan,50,UI/UX Designer,22169618
Mega Setiawan,28,Office Administrator,42585885
Zaki Santoso,37,Software Engineer,7851704
Nur Hidayat,58,Software Engineer,24994718
Kiki Firmansyah,25,Marketing Specialist,7131176
Lestari Firmansyah,49,UI/UX Designer,12525121
Indra Saputra,43,UI/UX Designer,21076230
Kiki Kusuma,28,Software Engineer,6367780
Nur Setiawan,26,Customer Support,19928765
Joko Rahayu,21,Customer Support,8809021
Lestari Suryani,37,Accountant,39049468
Zaki Setiawan,18,Sales Executive,37804609
Hadi Pratama,50,Accountant,37093627
Indra Firmansyah,56,Operations Manager,13057314
Budi Nugroho,58,HR Staff,30374708
Umar Halim,38,Sales Executive,5246065
Budi Rahayu,38,Sales Executive,19860367
Zaki Saputra,33,Marketing Specialist,41430702
Oki Setiawan,19,UI/UX Designer,34118507
Mega Setiawan,54,Operations Manager,44459052
Wati Setiawan,24,Operations Manager,12093642
Lestari Halim,53,Sales Executive,20331327
Citra Santoso,56,QA Engineer,20883352
Yanto Setiawan,45,Software Engineer,31517305
Hadi Santoso,19,Customer Support,38749068
Lestari Saputra,36,Accountant,31380507
Umar Kusuma,35,Software Engineer,13224157
Hadi Santoso,48,Software Engineer,36403765
Rina Rahayu,24,Product Manager,4978879
Rina Hidayat,38,Accountant,41189695
Lestari Firmansyah,56,Product Manager,12857155
Fitri Pratama,26,UI/UX Designer,16742801
Nur Saputra,25,Customer Support,19323185
Zaki Rahayu,55,Customer Support,5766494
Zaki Saputra,28,Office Administrator,27616647
Umar Saputra,47,Operations Manager,8502568
Hadi Nugroho,27,QA Engineer,13797403
Budi Gunawan,43,HR Staff,11127239
Siti Hidayat,38,Data Analyst,29415315
Indra Pratama,58,UI/UX Designer,40074726
Kiki Suryani,52,Sales Executive,20948384
Siti Saputra,35,Operations Manager,5458847
Umar Firmansyah,27,HR Staff,30699607
Joko Suryani,47,HR Staff,38119241
Zaki Firmansyah,37,UI/UX Designer,42279956
Joko Wibowo,25,Data Analyst,21361722
Eka Santoso,22,Sales Executive,20402326
Yanto Rahayu,33,Customer Support,32985667
Dewi Rahayu,26,Product Manager,42236195
Wati Pratama,35,Operations Manager,41019258
Rina Wijaya,60,Operations Manager,29943433
Citra Pratama,31,HR Staff,30538371
Umar Hidayat,46,Product Manager,43480429
Yanto Wijaya,21,Accountant,30514275
Putri Gunawan,60,Product Manager,36305028
Yanto Kusuma,29,Office Administrator,11907450
Dewi Wijaya,32,HR Staff,26080267
Hadi Suryani,60,Office Administrator,31998390
Fitri Rahayu,60,Product Manager,28862646
Fitri Halim,29,Marketing Specialist,12427186
Hadi Setiawan,36,Product Manager,23660705
Mega Wijaya,25,Data Analyst,36492332
Joko Saputra,29,Office Administrator,37352139
Citra Wijaya,32,Marketing Specialist,44325088
Fitri Firmansyah,25,Operations Manager,29910969
Zaki Wibowo,43,HR Staff,40454791
Eka Suryani,32,Operations Manager,31026045
Hadi Rahayu,29,Office Administrator,9275057
Qori Rahayu,38,Operations Manager,30505039
Yanto Gunawan,44,QA Engineer,13526258
Umar Santoso,26,Software Engineer,17587941
Gita Wibowo,41,Marketing Specialist,9056495
Mega Firmansyah,50,QA Engineer,43885729
Nur Firmansyah,44,Customer Support,11503484
Kiki Suryani,45,Software Engineer,8226485
Joko Suryani,18,QA Engineer,22091575
Hadi Rahayu,43,Customer Support,36814580
Andi Saputra,27,Marketing Specialist,34238940
Yanto Setiawan,19,HR Staff,10118332
Andi Santoso,44,Office Administrator,32765846
Citra Wijaya,39,Accountant,18761948
Andi Hidayat,30,Product Manager,4572015
Joko Gunawan,38,Sales Executive,18203785
Vina Firmansyah,60,Office Administrator,27104190
Zaki Santoso,19,Software Engineer,22483059
Indra Setiawan,51,Sales Executive,12682390
Fitri Kusuma,23,Accountant,14295665
Gita Setiawan,57,HR Staff,28231078
Oki Rahayu,51,Customer Support,29855267
Fitri Rahayu,52,Data Analyst,20899699
Mega Setiawan,27,Product Manager,32992903
Mega Firmansyah,41,Data Analyst,21091012
Rina Halim,33,HR Staff,44242311
Rina Kusuma,56,Customer Support,8713364
Umar Setiawan,32,Software Engineer,31683688
Eka Wibowo,50,Data Analyst,41332882
Citra Nugroho,53,Product Manager,42913083
Siti Rahayu,22,Office Administrator,26206446
Zaki Nugroho,25,QA Engineer,20647633
Indra Hidayat,60,Operations Manager,32423637
Mega Nugroho,57,Marketing Specialist,5491477
Budi Gunawan,30,UI/UX Designer,18961784
Budi Halim,22,Marketing Specialist,11629710
Indra Halim,33,UI/UX Designer,26596001
Siti Santoso,20,UI/UX Designer,15868061
Hadi Kusuma,55,Office Administrator,14376090
Zaki Suryani,29,Data Analyst,35525361
Umar Nugroho,19,UI/UX Designer,26535436
Siti Hidayat,38,UI/UX Designer,42724017
Tono Santoso,33,Data Analyst,8687956
Lestari Setiawan,36,Accountant,43047954
Gita Hidayat,27,Customer Support,8573592
Budi Hidayat,38,UI/UX Designer,10018281
Joko Rahayu,46,Product Manager,28765881
Fitri Pratama,20,Office Administrator,14482213
Hadi Saputra,58,Product Manager,4902036
Zaki Saputra,29,Product Manager,23962518
Hadi Firmansyah,55,Operations Manager,4136765
Kiki Rahayu,57,QA Engineer,37964081
Dewi Wibowo,47,UI/UX Designer,16529265
Citra Nugroho,53,Sales Executive,40037637
Zaki Setiawan,21,Marketing Specialist,43758206
Lestari Santoso,25,HR Staff,35193919
Indra Setiawan,33,QA Engineer,29267505
Putri Wijaya,50,HR Staff,36354614
Oki Saputra,59,Data Analyst,12145287
Eka Firmansyah,55,Operations Manager,14525670
Fitri Pratama,45,Data Analyst,39774976
Siti Saputra,30,Data Analyst,6203031
Qori Firmansyah,43,Software Engineer,35239337
Umar Wibowo,55,Office Administrator,26231376
Tono Gunawan,55,Marketing Specialist,35360383
Qori Kusuma,49,Marketing Specialist,38866087
Rina Pratama,33,Accountant,28012238
Yanto Halim,26,Software Engineer,16388309
Eka Rahayu,22,Sales Executive,13510413
Eka Pratama,52,Data Analyst,22115550
Zaki Rahayu,56,Data Analyst,10766133
Zaki Wibowo,51,Office Administrator,28987684
Citra Halim,43,Data Analyst,15035010
Tono Suryani,26,HR Staff,6108742
Yanto Halim,27,Product Manager,23477060
Tono Wijaya,47,QA Engineer,7575726
Vina Saputra,52,HR Staff,28763581
Indra Nugroho,36,Marketing Specialist,24335848
Tono Santoso,37,Data Analyst,18604936
Dewi Rahayu,43,Office Administrator,19692347
Putri Suryani,26,Marketing Specialist,36772245
Hadi Santoso,29,Office Administrator,23756225
Eka Suryani,54,Product Manager,41147336
Zaki Setiawan,23,HR Staff,5124070
Citra Nugroho,33,HR Staff,28395915
Rina Wijaya,39,Data Analyst,44527499
Hadi Nugroho,37,Sales Executive,42145422
Dewi Rahayu,43,Accountant,25873676
Zaki Halim,28,Accountant,25980390
Putri Suryani,18,HR Staff,18573859
Qori Rahayu,35,Customer Support,40457631
Yanto Firmansyah,58,Product Manager,44808095
Vina Wijaya,44,Data Analyst,20885431
Fitri Gunawan,60,Data Analyst,27065667
Fitri Wijaya,29,QA Engineer,31015875
Umar Saputra,48,Data Analyst,25629944
Oki Wibowo,58,HR Staff,43523434
Umar Gunawan,59,Customer Support,5560839
Oki Gunawan,25,Customer Support,29007334
Citra Saputra,19,HR Staff,6365878
Siti Pratama,23,Operations Manager,39327216
Tono Kusuma,52,Operations Manager,4012493
Umar Santoso,52,Software Engineer,16312097
Qori Kusuma,47,HR Staff,14212345
Hadi Firmansyah,56,Accountant,19639583
Eka Hidayat,19,Product Manager,15411228
Putri Santoso,41,Marketing Specialist,15701649
Hadi Halim,54,Product Manager,4870712
Umar Wijaya,21,Sales Executive,14531921
Lestari Pratama,49,Customer Support,27070950
Umar Saputra,53,Sales Executive,33286479
Fitri Wibowo,60,Data Analyst,30580771
Lestari Hidayat,51,Office Administrator,24147781
Joko Rahayu,57,Product Manager,15409816
Eka Hidayat,55,Accountant,31910228
Budi Rahayu,32,QA Engineer,29221552
Kiki Gunawan,24,HR Staff,21967233
Citra Suryani,38,Office Administrator,25146521
Eka Firmansyah,38,Sales Executive,21638440
Indra Wibowo,56,QA Engineer,11472516
Lestari Gunawan,30,Operations Manager,22780099
Putri Santoso,33,Data Analyst,12240891
Budi Firmansyah,46,Data Analyst,34596841
Mega Setiawan,24,HR Staff,27336608
Hadi Gunawan,46,Data Analyst,41755428
Zaki Santoso,57,Office Administrator,5371603
Lestari Hidayat,48,Sales Executive,35416461
Citra Hidayat,27,Marketing Specialist,7349475
Citra Pratama,45,Accountant,31548847
Citra Wijaya,44,UI/UX Designer,34695102
Rina Pratama,50,Marketing Specialist,30160284
Mega Wibowo,53,Office Administrator,13012339
Wati Wijaya,31,Operations Manager,22133745
Rina Kusuma,57,Accountant,38220527
Siti Halim,27,Operations Manager,8566144
Wati Wijaya,50,Customer Support,36054797
Nur Gunawan,48,Sales Executive,10853522
Kiki Suryani,36,QA Engineer,5219613
Fitri Pratama,23,Marketing Specialist,33595367
Budi Hidayat,32,QA Engineer,17138431
Tono Pratama,32,Data Analyst,37473038
Nur Nugroho,21,Sales Executive,31761513
Tono Nugroho,41,Sales Executive,22375421
Mega Setiawan,38,Product Manager,37846476
Joko Wibowo,47,Sales Executive,28074939
Lestari Setiawan,36,Customer Support,29528291
Vina Hidayat,58,Data Analyst,22276948
Nur Gunawan,25,Accountant,18454542
Kiki Setiawan,39,QA Engineer,40078181
Yanto Saputra,39,Operations Manager,38429783
Gita Setiawan,30,QA Engineer,18400065
Budi Santoso,36,Operations Manager,41906848
Fitri Setiawan,56,QA Engineer,34839373
Kiki Wibowo,20,Marketing Specialist,33350768
Gita Wibowo,37,Software Engineer,19305035
Qori Kusuma,42,UI/UX Designer,14937219
Yanto Firmansyah,44,HR Staff,30734638
Lestari Pratama,57,Sales Executive,34665181
Yanto Wibowo,39,UI/UX Designer,25281080
Putri Wijaya,46,UI/UX Designer,23215779
Wati Kusuma,34,Customer Support,4621537
Nur Hidayat,33,Product Manager,38005459
Umar Nugroho,35,Accountant,40705189
Mega Wibowo,56,UI/UX Designer,34784921
Zaki Setiawan,24,HR Staff,13072054
Gita Nugroho,49,Sales Executive,21429072
Indra Setiawan,57,Product Manager,21826965
Lestari Santoso,48,Office Administrator,29964167
Budi Suryani,43,UI/UX Designer,43857150
Oki Nugroho,47,Sales Executive,20387519
Andi Wijaya,58,Marketing Specialist,11094586
Tono Wijaya,23,Office Administrator,26563674
Tono Setiawan,39,Operations Manager,11627081
Eka Suryani,19,UI/UX Designer,10563634
Yanto Nugroho,43,Software Engineer,26063498
Hadi Pratama,33,Sales Executive,36893507
Yanto Gunawan,37,Software Engineer,20659672
Budi Saputra,52,Software Engineer,16999541
Fitri Saputra,41,Accountant,43610306
Andi Santoso,38,Customer Support,33299792
Lestari Santoso,53,Software Engineer,14953873
Siti Gunawan,41,Accountant,43078073
Budi Kusuma,28,Operations Manager,40949731
Andi Firmansyah,30,Data Analyst,40062318
Citra Hidayat,50,Product Manager,31095128
Putri Santoso,37,QA Engineer,5241968
Siti Rahayu,59,Data Analyst,22560021
Umar Firmansyah,19,Accountant,10559507
Dewi Wijaya,22,Data Analyst,33673981
Lestari Nugroho,18,UI/UX Designer,27447516
Zaki Hidayat,43,Customer Support,14877737
Citra Wibowo,57,Sales Executive,10672386
Andi Wibowo,56,Operations Manager,15951657
Qori Setiawan,38,Office Administrator,18845629
Siti Suryani,60,Customer Support,37796317
Putri Saputra,55,Data Analyst,9090769
Umar Nugroho,46,Marketing Specialist,23174437
Fitri Pratama,49,Sales Executive,35353690
Nur Suryani,26,Product Manager,37144308
Siti Setiawan,53,Operations Manager,18971493
Yanto Firmansyah,54,UI/UX Designer,35663049
Joko Halim,33,HR Staff,31414584
Mega Rahayu,56,Customer Support,13661408
Fitri Rahayu,20,Sales Executive,32907885
Joko Pratama,51,HR Staff,38154426
Tono Nugroho,48,Marketing Specialist,34794326
Siti Santoso,58,Product Manager,27428299
Wati Wibowo,42,Customer Support,20782868
Qori Gunawan,35,Customer Support,16165447
Qori Pratama,22,Office Administrator,9446581
Qori Firmansyah,51,Office Administrator,16198772
Vina Gunawan,48,UI/UX Designer,12552071
Putri Halim,34,Software Engineer,4207958
Yanto Gunawan,48,Marketing Specialist,28835535
Qori Kusuma,48,UI/UX Designer,28314659
Eka Kusuma,28,Customer Support,4117145
Nur Halim,21,UI/UX Designer,44952596
Andi Santoso,26,Data Analyst,38095683
Yanto Kusuma,23,Office Administrator,37071168
Wati Rahayu,51,Marketing Specialist,13224896
Eka Saputra,39,HR Staff,7930862
Siti Suryani,43,Product Manager,30366720
Umar Nugroho,50,Office Administrator,37079430
Budi Kusuma,45,QA Engineer,17777779
Zaki Hidayat,24,Software Engineer,12687142
Wati Gunawan,19,Office Administrator,28244171
Qori Firmansyah,52,Customer Support,10827443
Zaki Wijaya,49,Data Analyst,22806885
Tono Setiawan,43,Operations Manager,19168832
Hadi Wibowo,53,Software Engineer,44654371
Mega Hidayat,37,Data Analyst,35632992
Yanto Suryani,35,Operations Manager,30449726
Fitri Saputra,44,Accountant,22135055
Hadi Halim,37,Customer Support,16038771
Lestari Nugroho,51,Office Administrator,12396357
Rina Setiawan,23,Customer Support,27049672
Gita Rahayu,57,Sales Executive,14392652
Vina Rahayu,21,QA Engineer,15112696
Andi Nugroho,20,Data Analyst,43880844
Zaki Pratama,37,Marketing Specialist,35940243
Joko Pratama,42,Software Engineer,34015759
Zaki Rahayu,53,Software Engineer,19260164
Dewi Gunawan,39,Operations Manager,36595539
Hadi Firmansyah,38,Product Manager,24057958
Vina Halim,28,Data Analyst,7979002
Siti Suryani,37,QA Engineer,17183152
Umar Setiawan,36,Accountant,34239808
Indra Kusuma,59,Accountant,42982609
Joko Gunawan,60,Operations Manager,27752650
Qori Wibowo,51,Office Administrator,44769119
Siti Kusuma,47,UI/UX Designer,4599874
Fitri Setiawan,54,Customer Support,17414290
Siti Hidayat,52,Accountant,6491261
Mega Nugroho,29,Product Manager,10292029
Kiki Saputra,38,HR Staff,41975769
Indra Wibowo,26,UI/UX Designer,40504742
Zaki Wijaya,23,Office Administrator,34223403
Dewi Wijaya,36,Accountant,27586907
Eka Wibowo,42,Office Administrator,6468800
Siti Santoso,48,QA Engineer,4439609
Andi Setiawan,45,Marketing Specialist,22124492
Qori Firmansyah,28,Operations Manager,27209198
Qori Santoso,48,Data Analyst,15088457
Nur Wibowo,30,Accountant,8547523
Mega Saputra,59,Software Engineer,36436838
Putri Pratama,33,Accountant,19916185
Eka Suryani,21,QA Engineer,20410150
Fitri Setiawan,47,Office Administrator,41308650
Vina Hidayat,35,Data Analyst,9204050
Putri Hidayat,30,UI/UX Designer,11562229
Mega Hidayat,58,HR Staff,18853928
Indra Setiawan,20,QA Engineer,4592793
Andi Wibowo,59,Accountant,33586981
Dewi Suryani,47,QA Engineer,25003253
Lestari Santoso,37,Accountant,18055096
Hadi Nugroho,27,UI/UX Designer,40527459
Qori Hidayat,50,UI/UX Designer,40625590
Siti Wijaya,40,Sales Executive,35905821
Budi Wibowo,42,Marketing Specialist,33010969
Zaki Santoso,33,Product Manager,43548665
Dewi Kusuma,47,Software Engineer,30175929
Siti Hidayat,22,Data Analyst,8218160
Indra Hidayat,52,Sales Executive,35305026
Andi Halim,52,Data Analyst,11636290
Putri Firmansyah,42,Software Engineer,29143740
Qori Wijaya,56,QA Engineer,29186574
Tono Suryani,44,Office Administrator,6437789
Siti Kusuma,22,Marketing Specialist,40002853
Siti Rahayu,41,QA Engineer,33694804
Siti Saputra,60,Software Engineer,28836684
Eka Gunawan,50,Product Manager,32112522
Zaki Wijaya,45,Customer Support,11517423
Andi Setiawan,41,Product Manager,39712328
Tono Halim,18,QA Engineer,39721205
Indra Wijaya,53,QA Engineer,19460186
Mega Kusuma,55,QA Engineer,21170361
Nur Pratama,49,Marketing Specialist,42439730
Yanto Gunawan,60,Product Manager,32192507
Tono Wibowo,24,Software Engineer,17841382
Hadi Halim,45,QA Engineer,8606927
Mega Kusuma,41,Customer Support,38391002
Kiki Kusuma,31,Data Analyst,4999695
Nur Suryani,40,HR Staff,32320208
Tono Pratama,49,Accountant,28735858
Dewi Saputra,48,Marketing Specialist,28670531
Joko Santoso,38,Data Analyst,17787668
Eka Gunawan,18,Customer Support,16819854
Joko Saputra,28,Data Analyst,33522169
Kiki Wibowo,55,Marketing Specialist,29663324
Rina Kusuma,28,Accountant,22599188
Umar Pratama,54,Marketing Specialist,23810249
Yanto Rahayu,46,Office Administrator,24746679
Citra Santoso,55,HR Staff,31430757
Eka Setiawan,42,Office Administrator,38999713
Lestari Gunawan,56,HR Staff,26738866
Putri Suryani,28,Software Engineer,19934805
Budi Kusuma,28,Product Manager,5285189
Andi Suryani,40,Accountant,41245410
Mega Setiawan,28,UI/UX Designer,26985102
Lestari Setiawan,54,Office Administrator,32296947
Qori Kusuma,44,QA Engineer,6510349
Lestari Hidayat,21,Accountant,7784005
Eka Halim,39,Data Analyst,26383710
Nur Wijaya,22,Data Analyst,43680375
Mega Saputra,27,Sales Executive,22817949
Umar Wijaya,37,UI/UX Designer,37328513
Nur Wibowo,22,Operations Manager,20009958
Tono Santoso,58,Data Analyst,21727554
Kiki Halim,36,Software Engineer,10185631
Gita Wibowo,54,Data Analyst,39145672
Lestari Santoso,37,Software Engineer,41466248
Zaki Halim,31,HR Staff,28923710
Rina Santoso,48,Office Administrator,33817424
Siti Rahayu,43,HR Staff,40795236
Joko Halim,53,Marketing Specialist,44748985
Nur Pratama,33,Data Analyst,43466542
Yanto Rahayu,24,Sales Executive,8864044
Vina Pratama,42,Data Analyst,23721493
Putri Nugroho,39,Customer Support,20124901
Qori Setiawan,34,Customer Support,25185474
Rina Pratama,59,UI/UX Designer,28853996
Nur Suryani,21,HR Staff,44057151
Qori Pratama,40,Marketing Specialist,43240635
Oki Hidayat,25,HR Staff,26905480
Umar Firmansyah,34,QA Engineer,17328602
Yanto Kusuma,37,Customer Support,28388125
Citra Saputra,45,Office Administrator,35862638
Hadi Firmansyah,40,Software Engineer,40331649
Nur Saputra,47,QA Engineer,40885673
Dewi Halim,31,Product Manager,17026469
Mega Kusuma,23,Data Analyst,41525039
Putri Wibowo,33,Operations Manager,15102833
Citra Kusuma,45,Operations Manager,37892121
Putri Halim,46,Marketing Specialist,29446272
Indra Wibowo,20,Operations Manager,15418648
Kiki Firmansyah,58,Operations Manager,5550395
Wati Gunawan,30,Sales Executive,35620287
Siti Setiawan,28,UI/UX Designer,10550138
Mega Wibowo,40,QA Engineer,19044264
Dewi Saputra,29,Operations Manager,16868091
Indra Rahayu,39,Operations Manager,40922094
Gita Hidayat,21,QA Engineer,5115197
Putri Saputra,27,Product Manager,32676467
Joko Wijaya,53,Sales Executive,22421961
Yanto Wibowo,22,Marketing Specialist,16783772
Yanto Wibowo,34,Office Administrator,34239206
Budi Halim,18,Office Administrator,42080596
Hadi Halim,45,Data Analyst,7670393
Andi Rahayu,58,Product Manager,18392570
Andi Nugroho,42,UI/UX Designer,33342205
Rina Kusuma,36,UI/UX Designer,23818001
Lestari Rahayu,39,Sales Executive,21337195
Dewi Setiawan,20,Sales Executive,24579213
Oki Firmansyah,53,Sales Executive,6095973
Dewi Hidayat,43,Software Engineer,38891962
Yanto Setiawan,21,Sales Executive,42717909
Mega Setiawan,43,Product Manager,7633704
Kiki Rahayu,39,Data Analyst,17855464
Kiki Santoso,23,UI/UX Designer,33621939
Rina Wibowo,49,Accountant,39560627
Oki Gunawan,38,Office Administrator,7736745
Yanto Wijaya,40,Sales Executive,11123677
Andi Setiawan,60,Office Administrator,10701872
Gita Pratama,38,Software Engineer,14214361
Citra Gunawan,33,Data Analyst,26146564
Mega Hidayat,40,Data Analyst,38980543
Citra Halim,22,Customer Support,37329485
Andi Wijaya,60,Customer Support,6655506
Umar Wijaya,48,Software Engineer,30549257
Vina Pratama,49,QA Engineer,17371216
Yanto Setiawan,48,UI/UX Designer,13027613
Qori Pratama,46,Product Manager,14416074
Gita Wibowo,40,Marketing Specialist,24989190
Eka Gunawan,40,HR Staff,28183317
Umar Pratama,44,HR Staff,4865715
Joko Saputra,59,Marketing Specialist,18356980
Hadi Santoso,55,Data Analyst,8312450
Indra Setiawan,53,Marketing Specialist,16217466
Dewi Pratama,50,QA Engineer,5724960
Umar Rahayu,45,Marketing Specialist,33745570
Eka Wijaya,42,Data Analyst,40399579
Budi Saputra,24,HR Staff,16158797
Joko Nugroho,52,Accountant,20886895
Budi Wijaya,45,Marketing Specialist,19968429
Putri Saputra,56,Software Engineer,10453585
Yanto Hidayat,46,Product Manager,9430081
Lestari Kusuma,24,Data Analyst,18528764
Eka Wijaya,22,Customer Support,43860183
Eka Kusuma,52,Data Analyst,16555354
Oki Gunawan,26,UI/UX Designer,7056340
Wati Hidayat,58,Accountant,31824324
Gita Hidayat,47,UI/UX Designer,20331500
Vina Wijaya,41,Product Manager,37074883
Yanto Kusuma,22,HR Staff,36200727
Oki Nugroho,28,HR Staff,17253273
Zaki Saputra,53,Customer Support,26928862
Hadi Setiawan,54,Software Engineer,44073199
Wati Nugroho,31,Accountant,35576098
Putri Nugroho,38,Product Manager,5272004
Lestari Setiawan,58,Product Manager,43318864
Nur Halim,36,Data Analyst,10582603
Joko Gunawan,57,Marketing Specialist,27154885
Oki Gunawan,53,Software Engineer,37152843
Nur Saputra,39,Accountant,36186817
Andi Saputra,45,Data Analyst,38615065
Gita Setiawan,54,Customer Support,37702161
Eka Halim,40,Accountant,43777099
Hadi Santoso,33,Product Manager,39355160
Zaki Firmansyah,60,UI/UX Designer,8114028
Vina Gunawan,30,Operations Manager,39073943
Wati Gunawan,34,Marketing Specialist,4279501
Andi Kusuma,58,Product Manager,41699109
Fitri Saputra,36,Software Engineer,32065422
Zaki Pratama,25,HR Staff,27018236
Qori Firmansyah,28,QA Engineer,7404970
Vina Wibowo,33,Sales Executive,12962910
Yanto Rahayu,39,Product Manager,21138694
Vina Nugroho,21,Data Analyst,44320634
Vina Pratama,59,Sales Executive,39063184
Nur Rahayu,29,HR Staff,41472172
Lestari Kusuma,19,Product Manager,17178821
Indra Rahayu,56,Sales Executive,28091326
Gita Setiawan,29,Accountant,39643074
Tono Gunawan,32,Customer Support,14087379
Budi Nugroho,20,UI/UX Designer,28269622
Oki Suryani,45,Office Administrator,19623086
Tono Firmansyah,40,Marketing Specialist,32637062
Dewi Halim,54,Customer Support,34934022
Yanto Firmansyah,56,Product Manager,14890544
Hadi Hidayat,25,Data Analyst,15075668
Tono Hidayat,36,Office Administrator,10212232
Joko Pratama,42,QA Engineer,10944901
Tono Firmansyah,43,Sales Executive,11742768
Joko Kusuma,44,Customer Support,29132751
Rina Wijaya,31,HR Staff,18931003
Vina Pratama,56,Customer Support,10847247
Fitri Setiawan,25,Accountant,29600987
Gita Nugroho,41,Product Manager,4676179
Joko Wibowo,47,Software Engineer,8425991
Fitri Saputra,41,Customer Support,42936013
Indra Santoso,25,Sales Executive,16257872
Yanto Halim,36,QA Engineer,32120332
Yanto Nugroho,36,Product Manager,27817372
Lestari Hidayat,60,Customer Support,10041387
Dewi Santoso,46,Customer Support,17702129
Tono Suryani,55,QA Engineer,20151041
Qori Santoso,22,Marketing Specialist,9895284
Hadi Kusuma,44,Software Engineer,43140366
Yanto Rahayu,26,Customer Support,27754887
Yanto Pratama,27,Operations Manager,42186567
Fitri Saputra,36,Marketing Specialist,21943223
Fitri Santoso,37,Customer Support,25596222
Dewi Setiawan,30,Operations Manager,8454915
Putri Hidayat,47,Marketing Specialist,13996627
Joko Kusuma,60,Customer Support,13045661
Fitri Gunawan,37,HR Staff,20890552
Putri Rahayu,52,Product Manager,36102258
Gita Nugroho,18,Sales Executive,13258306
Joko Firmansyah,19,Software Engineer,32756780
Tono Halim,45,Operations Manager,39400058
Kiki Santoso,49,Accountant,26163216
Yanto Kusuma,28,Office Administrator,19567355
Putri Setiawan,26,Data Analyst,38309407
Fitri Pratama,29,HR Staff,37412753
Budi Suryani,35,Software Engineer,41267475
Dewi Pratama,26,Product Manager,18326127
Putri Santoso,44,Software Engineer,20263777
Citra Halim,39,Product Manager,10644056
Fitri Halim,31,Accountant,35989749
Fitri Setiawan,58,Operations Manager,12838399
Yanto Gunawan,36,Data Analyst,40613074
Rina Rahayu,48,Product Manager,16234934
Citra Firmansyah,41,Software Engineer,31357350
Andi Rahayu,27,QA Engineer,32466205
Eka Pratama,57,Software Engineer,35616115
Kiki Nugroho,18,Operations Manager,17467404
Zaki Suryani,25,Accountant,18530432
Umar Pratama,25,Product Manager,14570832
Qori Saputra,29,QA Engineer,38027593
Vina Santoso,48,Data Analyst,43092352
Indra Hidayat,22,QA Engineer,18267288
Citra Santoso,32,HR Staff,14142787
Zaki Setiawan,28,QA Engineer,43499236
Vina Kusuma,50,HR Staff,39199239
Hadi Nugroho,34,Customer Support,39846674
Fitri Rahayu,26,UI/UX Designer,27620937
Joko Firmansyah,41,Customer Support,31882867
Eka Pratama,52,Product Manager,44254880
Dewi Firmansyah,52,Sales Executive,32326000
Fitri Suryani,19,Marketing Specialist,26672207
Fitri Nugroho,19,QA Engineer,23128735
Citra Kusuma,54,Data Analyst,36779913
Mega Wijaya,48,Marketing Specialist,34073019
Qori Wijaya,25,Marketing Specialist,6277433
Rina Halim,35,Marketing Specialist,27325181
Vina Setiawan,20,UI/UX Designer,34282930
Kiki Santoso,25,Software Engineer,28782287
Dewi Pratama,29,Accountant,9680479
Eka Wijaya,40,HR Staff,22732268
Qori Suryani,36,Data Analyst,14798527
Dewi Halim,44,Operations Manager,4720808
Mega Setiawan,29,Sales Executive,37215870
Zaki Pratama,23,Marketing Specialist,11230405
Tono Nugroho,31,Operations Manager,31976812
Indra Suryani,22,Customer Support,41983171
Mega Halim,36,Marketing Specialist,20338941
Gita Pratama,53,Sales Executive,40619439
Putri Nugroho,54,Operations Manager,9329570
Qori Kusuma,41,Accountant,20146400
Andi Firmansyah,25,UI/UX Designer,14936688
Gita Wijaya,42,Office Administrator,6135448
Joko Firmansyah,57,HR Staff,26446525
Indra Saputra,50,Accountant,39697035
Hadi Setiawan,18,Product Manager,16235723
Nur Gunawan,46,Marketing Specialist,19900898
Budi Saputra,53,QA Engineer,14418882
Citra Suryani,21,Operations Manager,28446425
Nur Suryani,30,Customer Support,42384883
Zaki Suryani,34,Office Administrator,21399312
Mega Gunawan,38,Product Manager,22216103
Qori Kusuma,56,Marketing Specialist,35763921
Rina Pratama,26,UI/UX Designer,7702752
Lestari Gunawan,25,Product Manager,25594141
Putri Firmansyah,18,Accountant,23833623
Vina Pratama,23,Office Administrator,5537528
Putri Halim,42,Operations Manager,16416650
Mega Gunawan,58,HR Staff,20819963
Budi Halim,30,Software Engineer,27252602
Siti Saputra,52,Sales Executive,44863048
Vina Suryani,46,Office Administrator,44718734
Nur Kusuma,60,UI/UX Designer,34566915
Vina Santoso,37,Software Engineer,6045621
Rina Wijaya,31,Accountant,24151381
Vina Kusuma,18,Customer Support,24347257
Citra Hidayat,19,UI/UX Designer,35956750
Yanto Santoso,20,Product Manager,6455169
Kiki Santoso,60,Marketing Specialist,33762016
Vina Pratama,59,Data Analyst,43463626
Vina Setiawan,33,HR Staff,9091184
Fitri Setiawan,35,Sales Executive,36690075
Umar Hidayat,32,Data Analyst,11742123
Siti Wijaya,58,Sales Executive,24464247
Citra Rahayu,24,Data Analyst,42107698
Siti Santoso,48,Software Engineer,32953619
Kiki Nugroho,37,Product Manager,5158925
Oki Pratama,50,Accountant,34565598
Mega Pratama,56,Customer Support,20529903
Indra Saputra,23,Marketing Specialist,8980060
Eka Wijaya,49,HR Staff,41386814
Andi Wijaya,52,Software Engineer,10215805
Zaki Rahayu,23,Office Administrator,15507281
Rina Saputra,34,Marketing Specialist,41360316
Indra Hidayat,42,Product Manager,9782431
Gita Wibowo,32,Data Analyst,28401303
Gita Rahayu,52,Marketing Specialist,35887557
Rina Gunawan,28,Customer Support,19589763
Mega Gunawan,23,Marketing Specialist,39087115
Mega Kusuma,36,Software Engineer,7954920
Kiki Saputra,23,Sales Executive,34660810
Qori Rahayu,37,Data Analyst,12025680
Yanto Halim,25,Office Administrator,44137242
Hadi Firmansyah,46,QA Engineer,39054038
Oki Firmansyah,49,Software Engineer,26227394
Dewi Halim,52,Sales Executive,43782975
Fitri Hidayat,43,UI/UX Designer,30620121
Yanto Nugroho,35,Customer Support,44326533
Oki Hidayat,59,Marketing Specialist,39348517
Rina Halim,45,Software Engineer,25194643
Gita Hidayat,37,Marketing Specialist,33410777
Joko Kusuma,45,Product Manager,28401502
Indra Setiawan,48,Product Manager,33376640
Yanto Kusuma,25,Office Administrator,34947426
Budi Saputra,29,Software Engineer,9257851
Joko Setiawan,24,Product Manager,29336162
Zaki Wijaya,31,Operations Manager,39937822
Gita Kusuma,39,Customer Support,24018115
Andi Pratama,30,Sales Executive,36675198
Wati Kusuma,27,Accountant,42041047
Putri Firmansyah,27,Operations Manager,34550675
Budi Kusuma,57,Data Analyst,19959506
Zaki Firmansyah,41,Marketing Specialist,43528941
Joko Kusuma,32,Product Manager,42539121
Lestari Wijaya,22,Product Manager,27723915
Kiki Santoso,35,Customer Support,9535403
Gita Wijaya,44,QA Engineer,9575488
Hadi Wibowo,43,Office Administrator,14399992
Siti Setiawan,38,Operations Manager,12279770
Andi Nugroho,45,UI/UX Designer,18589278
Zaki Wijaya,41,Software Engineer,22197720
Putri Setiawan,40,HR Staff,12108118
Dewi Halim,43,Accountant,4961332
Gita Rahayu,53,Office Administrator,42600489
Gita Suryani,35,Product Manager,11753107
Yanto Wibowo,39,Customer Support,29316520
Yanto Kusuma,39,Operations Manager,36039714
Vina Pratama,51,Data Analyst,23706483
Siti Firmansyah,43,Operations Manager,40875398
Zaki Hidayat,22,QA Engineer,36419697
Hadi Suryani,24,Software Engineer,6266709
Siti Kusuma,58,Sales Executive,44206641
Vina Hidayat,24,Accountant,19015260
Rina Saputra,55,Office Administrator,44008915
Rina Setiawan,21,Sales Executive,26344070
Andi Gunawan,40,Operations Manager,20362845
Qori Santoso,19,Accountant,9713755
Joko Nugroho,56,Data Analyst,22177905
Eka Nugroho,44,Customer Support,5879471
Kiki Gunawan,28,Marketing Specialist,16939054
Umar Suryani,53,Marketing Specialist,32993668
Nur Wibowo,32,QA Engineer,10709899
Zaki Firmansyah,54,QA Engineer,15723503
Rina Halim,30,Office Administrator,11971238
Yanto Suryani,60,Data Analyst,21008371
Eka Saputra,53,Data Analyst,42355534
Lestari Wijaya,53,Marketing Specialist,37806969
Wati Gunawan,25,Accountant,34579418
Zaki Hidayat,40,Sales Executive,20043736
Joko Wijaya,56,Sales Executive,32466718
Indra Saputra,53,Product Manager,13195606
Eka Firmansyah,22,Accountant,43261838
Indra Pratama,46,Sales Executive,11218169
Qori Suryani,41,Office Administrator,43877537
Lestari Wibowo,56,Accountant,6517801
Yanto Nugroho,44,QA Engineer,19212617
Kiki Kusuma,35,Product Manager,39103753
Joko Rahayu,44,Accountant,18605272
Tono Pratama,47,Software Engineer,33161888
Nur Saputra,39,HR Staff,22683620
Lestari Rahayu,32,HR Staff,17678844
Mega Halim,34,Software Engineer,16413544
Andi Gunawan,51,Software Engineer,39720729
Vina Halim,59,Office Administrator,43627908
Oki Nugroho,59,HR Staff,34512989
Eka Wibowo,24,Accountant,30379256
Hadi Wibowo,47,Data Analyst,23285814
Andi Kusuma,21,Accountant,12879964
Tono Rahayu,47,Software Engineer,23917541
Oki Halim,38,Marketing Specialist,19765916
Qori Halim,28,Software Engineer,42425789
Nur Rahayu,30,QA Engineer,35432718
Yanto Firmansyah,52,HR Staff,37679935
Citra Santoso,20,Sales Executive,11580449
Yanto Gunawan,52,Marketing Specialist,4801869
Mega Rahayu,29,Customer Support,4811174
Indra Kusuma,45,Marketing Specialist,25719981
Rina Hidayat,40,QA Engineer,9867023
Vina Suryani,47,Software Engineer,39502334
Eka Gunawan,43,Sales Executive,5502197
Oki Rahayu,37,HR Staff,23086576
Andi Halim,22,Customer Support,38411371
Siti Gunawan,46,QA Engineer,34224231
Indra Halim,32,Office Administrator,27505596
Hadi Rahayu,31,QA Engineer,21435510
Fitri Nugroho,30,Software Engineer,34864245
Eka Rahayu,48,Software Engineer,24857684
Indra Setiawan,35,Sales Executive,15646031
Qori Wibowo,36,Marketing Specialist,40919760
Siti Wibowo,51,UI/UX Designer,44904775
Zaki Santoso,56,Operations Manager,15855005
Gita Rahayu,57,Operations Manager,33380327
Zaki Wibowo,23,Marketing Specialist,22228048
Tono Hidayat,46,Operations Manager,21090541
Lestari Saputra,43,Accountant,16137635
Umar Saputra,39,Office Administrator,41905701
Nur Wibowo,35,Sales Executive,24112739
Mega Setiawan,21,Office Administrator,29486203
Dewi Kusuma,36,Product Manager,26648233
Dewi Santoso,45,HR Staff,16134259
Wati Wijaya,18,Software Engineer,14131863
Umar Hidayat,43,Software Engineer,33699919
Fitri Hidayat,40,Software Engineer,37322443
Joko Hidayat,37,QA Engineer,30203839
Gita Wibowo,54,Data Analyst,32085848
Gita Setiawan,22,Data Analyst,20977569
Budi Firmansyah,33,HR Staff,31744010
Vina Wijaya,33,Marketing Specialist,5686739
Wati Pratama,41,HR Staff,22463701
Rina Pratama,21,Operations Manager,37210004
Budi Gunawan,43,UI/UX Designer,44134066
Yanto Kusuma,25,Data Analyst,19785991
Nur Kusuma,27,Accountant,31369465
Joko Gunawan,25,HR Staff,33095147
Siti Setiawan,37,Product Manager,25124603
Zaki Hidayat,30,Data Analyst,9182932
Siti Suryani,49,Accountant,29416073
Qori Pratama,30,HR Staff,9791350
Zaki Pratama,42,Software Engineer,40920574
Eka Pratama,42,Office Administrator,41426464
Dewi Santoso,18,Product Manager,26663379
Zaki Wibowo,23,Accountant,16144847
Putri Nugroho,42,Sales Executive,18842125
Siti Gunawan,42,Customer Support,43251056
Qori Suryani,58,QA Engineer,22052691
Dewi Halim,24,UI/UX Designer,42220733
Fitri Rahayu,52,UI/UX Designer,26301468
Dewi Rahayu,52,Sales Executive,29565939
Dewi Kusuma,43,HR Staff,6013535
Zaki Halim,51,Office Administrator,20994563
Tono Firmansyah,45,Sales Executive,13808881
Andi Gunawan,39,UI/UX Designer,33142798
Vina Saputra,23,UI/UX Designer,37664984
Oki Pratama,60,Office Administrator,37127547
Dewi Santoso,59,HR Staff,6896995
Vina Saputra,52,QA Engineer,40455902
Mega Suryani,41,Sales Executive,27178460
Dewi Kusuma,46,Office Administrator,32614781
Zaki Saputra,43,Accountant,26487845
Budi Halim,50,Office Administrator,29452429
Yanto Suryani,46,Accountant,44596375
Kiki Setiawan,50,Software Engineer,42580390
Citra Gunawan,54,Marketing Specialist,41182664
Nur Halim,31,Accountant,27692179
Vina Rahayu,18,UI/UX Designer,40167039
Oki Pratama,51,Product Manager,36834471
Gita Firmansyah,46,Marketing Specialist,10495800
Fitri Kusuma,18,HR Staff,17989050
Hadi Pratama,42,Office Administrator,15561291
Siti Firmansyah,30,Office Administrator,21576824
Wati Setiawan,18,Product Manager,8081590
Hadi Suryani,21,Accountant,38058827
Hadi Nugroho,55,Product Manager,41564427
Budi Setiawan,19,Office Administrator,9767040
Lestari Kusuma,58,HR Staff,23473479
Rina Saputra,23,Marketing Specialist,28140119
Rina Hidayat,25,UI/UX Designer,5112554
Budi Wibowo,22,Office Administrator,38994671
Qori Hidayat,41,Data Analyst,15741793
Siti Rahayu,18,Sales Executive,19716950
Dewi Kusuma,19,Marketing Specialist,22606293
Joko Suryani,49,Customer Support,20619408
Lestari Saputra,35,HR Staff,23906785
Putri Firmansyah,56,Operations Manager,36045902
Indra Setiawan,39,UI/UX Designer,25380053
Dewi Gunawan,44,Customer Support,4179561
Gita Kusuma,25,Customer Support,29323854
Kiki Nugroho,54,Operations Manager,16395929
Fitri Firmansyah,46,Product Manager,33985745
Zaki Firmansyah,49,Office Administrator,25656258
Eka Firmansyah,40,UI/UX Designer,10887478
Kiki Rahayu,45,QA Engineer,26571750
Siti Wijaya,21,Sales Executive,14363279
Dewi Wibowo,38,Sales Executive,12574377
Tono Halim,49,Accountant,29938589
Oki Hidayat,25,Customer Support,40576026
Citra Rahayu,29,Customer Support,40328565
Nur Kusuma,40,Sales Executive,8292332
Fitri Kusuma,19,Product Manager,20764291
Fitri Setiawan,57,HR Staff,30173208
Fitri Hidayat,55,Product Manager,21334288
Wati Saputra,33,QA Engineer,17188944
Wati Wibowo,35,Data Analyst,10421038
Putri Firmansyah,49,Data Analyst,12027167
Qori Santoso,21,Office Administrator,17339894
Yanto Firmansyah,43,Marketing Specialist,19759464
Vina Halim,51,HR Staff,32879285
Citra Kusuma,60,QA Engineer,20270302
Mega Kusuma,27,Product Manager,21893826
Wati Nugroho,41,Marketing Specialist,11307016
Joko Suryani,18,Customer Support,10520658
Zaki Santoso,30,Customer Support,12845518
Putri Setiawan,58,Accountant,24304295
Andi Gunawan,30,Operations Manager,35060251
Citra Wibowo,52,QA Engineer,19443398
Umar Saputra,25,Sales Executive,12238009
Tono Santoso,19,Data Analyst,36183705
Wati Gunawan,58,QA Engineer,10901560
Oki Halim,31,Product Manager,37276194
Dewi Wibowo,44,UI/UX Designer,27348863
Gita Halim,25,Accountant,16575228
Fitri Firmansyah,33,Office Administrator,31493050
Kiki Nugroho,31,Data Analyst,8413804
Eka Halim,24,Customer Support,28403054
Gita Suryani,58,Product Manager,25856218
Gita Setiawan,30,Office Administrator,25133619
Lestari Wibowo,42,HR Staff,44534445
Fitri Kusuma,43,Sales Executive,20651752
Dewi Hidayat,31,Office Administrator,8245313
Mega Pratama,54,Office Administrator,17232549
Dewi Pratama,20,Data Analyst,17633969
Dewi Wijaya,18,Product Manager,33307942
Andi Gunawan,42,Operations Manager,23906209
Tono Wibowo,55,UI/UX Designer,16067146
Hadi Saputra,51,QA Engineer,14356696
Umar Wijaya,25,UI/UX Designer,4421675
Hadi Setiawan,22,Data Analyst,6095914
Vina Kusuma,52,Accountant,37900977
Budi Rahayu,56,Marketing Specialist,11598505
Joko Kusuma,42,Marketing Specialist,41820355
Zaki Setiawan,46,Operations Manager,15757369
Indra Suryani,46,Data Analyst,19561516
Vina Santoso,55,QA Engineer,36397997
Budi Gunawan,24,Operations Manager,21056032
Putri Wijaya,44,Accountant,11745442
Siti Pratama,35,HR Staff,30822848
Eka Santoso,44,UI/UX Designer,26352779
Joko Nugroho,59,Operations Manager,19488584
Qori Suryani,59,UI/UX Designer,24939832
Indra Firmansyah,39,Sales Executive,31187952
Kiki Firmansyah,39,Customer Support,26623834
Indra Nugroho,57,UI/UX Designer,34494104
Andi Firmansyah,56,Marketing Specialist,31994501
Andi Hidayat,56,Product Manager,37755423
Indra Saputra,18,Marketing Specialist,11527502
Joko Rahayu,36,Software Engineer,33605303
Nur Nugroho,39,Office Administrator,44756314
Zaki Santoso,40,Data Analyst,26200915
Kiki Santoso,59,Customer Support,13552024
Nur Halim,59,HR Staff,30702939
Budi Halim,37,Data Analyst,31194145
Wati Suryani,26,QA Engineer,18790039
Yanto Hidayat,30,Office Administrator,31248602
Kiki Wibowo,22,Marketing Specialist,33794433
Rina Gunawan,36,HR Staff,31559094
Dewi Hidayat,48,Software Engineer,19436895
Joko Suryani,58,UI/UX Designer,11135737
Eka Suryani,46,Operations Manager,14837415
Joko Firmansyah,58,Marketing Specialist,19373675
Yanto Saputra,48,Software Engineer,24568373
Yanto Saputra,57,HR Staff,38309386
Budi Pratama,25,Software Engineer,5047145
Mega Nugroho,45,Software Engineer,44926195
Nur Setiawan,45,HR Staff,27778217
Umar Gunawan,46,UI/UX Designer,40224681
Joko Santoso,53,Office Administrator,21240609
Andi Nugroho,38,Product Manager,8676668
Hadi Rahayu,24,Marketing Specialist,7627114
Vina Saputra,18,Accountant,8692729
Siti Pratama,46,UI/UX Designer,8000965
Lestari Hidayat,28,HR Staff,23349224
Umar Nugroho,30,Data Analyst,30135950
Indra Hidayat,33,HR Staff,5943084
Fitri Pratama,56,Operations Manager,41120219
Zaki Pratama,51,HR Staff,34474029
Putri Wijaya,31,HR Staff,22887988
Vina Wijaya,22,Office Administrator,39825243
Eka Setiawan,27,UI/UX Designer,37929255
Eka Wibowo,55,Customer Support,11058385
Dewi Kusuma,60,Accountant,15239539
Rina Hidayat,57,HR Staff,19837920
Rina Firmansyah,42,UI/UX Designer,9266873
Vina Gunawan,26,Marketing Specialist,20800596
Joko Wijaya,35,Sales Executive,15839726
Eka Gunawan,19,Software Engineer,26061609
Lestari Setiawan,54,Customer Support,8742478
Gita Hidayat,18,UI/UX Designer,21770455
Fitri Saputra,22,Operations Manager,29689831
Lestari Suryani,31,Data Analyst,32976050
Oki Gunawan,38,Software Engineer,28944340
Nur Suryani,30,Customer Support,38973883
Oki Kusuma,24,Accountant,15604276
Budi Kusuma,39,QA Engineer,11239822
Zaki Kusuma,55,Customer Support,25063375
Vina Setiawan,49,Product Manager,39179412
Dewi Kusuma,26,Office Administrator,28554830
Budi Rahayu,54,Software Engineer,4846616
Putri Suryani,53,Sales Executive,17609556
Wati Firmansyah,43,Marketing Specialist,19850525
Nur Gunawan,25,QA Engineer,36416912
Rina Santoso,59,QA Engineer,33725402
Indra Gunawan,59,Operations Manager,18008287
Vina Saputra,21,Operations Manager,8921226
Tono Wibowo,56,Data Analyst,19047733
Nur Pratama,33,Software Engineer,41032339
Andi Wibowo,58,HR Staff,25704492
Andi Suryani,38,Product Manager,11968484
Vina Wijaya,32,Operations Manager,30994873
Wati Setiawan,29,QA Engineer,34974482
Joko Santoso,24,QA Engineer,30179145
Hadi Hidayat,45,Accountant,40905078
Hadi Hidayat,35,Accountant,40982721
Budi Hidayat,34,Software Engineer,8527388
Zaki Gunawan,49,Product Manager,19327009
Wati Pratama,18,HR Staff,12465168
Siti Halim,51,UI/UX Designer,24503156
Joko Saputra,23,Marketing Specialist,32655354
Kiki Suryani,57,Marketing Specialist,7800820
Kiki Santoso,52,Accountant,8974968
Oki Hidayat,40,Data Analyst,11656420
Putri Rahayu,22,Customer Support,39990422
Fitri Hidayat,60,UI/UX Designer,37321268
Putri Wijaya,29,Operations Manager,37310469
Indra Hidayat,43,Operations Manager,7306034
Mega Setiawan,46,Data Analyst,28496310
Mega Rahayu,33,Software Engineer,22913605
Zaki Nugroho,20,Software Engineer,9372713
Vina Halim,30,Operations Manager,38668263
Qori Hidayat,31,Accountant,27599667
Dewi Setiawan,30,Accountant,41278107
Rina Halim,52,QA Engineer,7941879
Budi Suryani,26,Accountant,4794092
Budi Kusuma,21,Software Engineer,42164592
Kiki Hidayat,55,Sales Executive,44475629
Mega Suryani,40,Product Manager,14346362
Vina Hidayat,54,Product Manager,12128515
Andi Wijaya,41,Accountant,33635258
Eka Wibowo,19,QA Engineer,36258696
Zaki Kusuma,54,Product Manager,44699811
Zaki Setiawan,30,Operations Manager,31207033
Yanto Suryani,48,UI/UX Designer,24739626
Nur Wijaya,42,Marketing Specialist,33955623
Oki Nugroho,21,Sales Executive,39941088
Yanto Hidayat,43,Product Manager,35321200
Kiki Hidayat,49,HR Staff,17405079
Lestari Wijaya,20,Customer Support,14427954
Gita Halim,27,Sales Executive,42838578
Nur Pratama,60,Operations Manager,24604656
Gita Rahayu,29,Operations Manager,7215102
Indra Gunawan,46,UI/UX Designer,23568985
Vina Wibowo,44,Data Analyst,31744684
Dewi Nugroho,45,Operations Manager,14949809
Fitri Pratama,43,Marketing Specialist,25485915
Rina Pratama,54,Sales Executive,15394949
Joko Hidayat,51,Office Administrator,18746830
Mega Firmansyah,47,QA Engineer,16244936
Zaki Gunawan,26,Customer Support,18273670
Gita Wijaya,25,Customer Support,15496492
Andi Gunawan,41,Customer Support,6399007
Tono Suryani,55,Marketing Specialist,9063825
Andi Hidayat,49,UI/UX Designer,4644560
Fitri Santoso,48,Customer Support,44419549
Siti Rahayu,37,Product Manager,6263426
Yanto Santoso,25,Marketing Specialist,22826234
Tono Wijaya,41,Customer Support,7868033
Andi Firmansyah,25,Data Analyst,44740315
Citra Gunawan,43,Software Engineer,11723974
Nur Wibowo,47,Operations Manager,13366923
Indra Santoso,38,Office Administrator,29713473
Rina Firmansyah,48,Sales Executive,37161704
Kiki Firmansyah,55,Operations Manager,21025547
Mega Santoso,23,HR Staff,29788303
Wati Gunawan,56,Marketing Specialist,31457522
Umar Gunawan,43,QA Engineer,43969174
Andi Saputra,41,HR Staff,24812283
Eka Wibowo,45,Operations Manager,19971745
Fitri Saputra,44,Operations Manager,29025132
Zaki Pratama,35,Marketing Specialist,38518921
Putri Wijaya,36,Operations Manager,21107265
Andi Nugroho,41,Customer Support,44911646
Budi Setiawan,44,Sales Executive,29622529
Vina Gunawan,47,Sales Executive,18613024
Fitri Hidayat,45,Data Analyst,4067630
Nur Santoso,36,QA Engineer,26454692
Hadi Santoso,51,Software Engineer,13339649
Andi Suryani,21,UI/UX Designer,36890820
Tono Suryani,43,Operations Manager,18898980
Tono Wijaya,25,Sales Executive,33274048
Siti Rahayu,27,Product Manager,15162386
Citra Santoso,44,Customer Support,44643675
Andi Saputra,31,QA Engineer,11064019
Wati Gunawan,52,Sales Executive,15226774
Siti Setiawan,55,Sales Executive,10706976
Nur Saputra,49,UI/UX Designer,16778757
Siti Pratama,50,Operations Manager,27778339
Siti Kusuma,57,Product Manager,4843756
Nur Wijaya,23,Accountant,36121586
Citra Wibowo,48,HR Staff,19315195
Gita Saputra,47,Sales Executive,21030882
Zaki Wibowo,60,UI/UX Designer,24025213
Joko Wijaya,25,Customer Support,35209898
Zaki Wijaya,33,Accountant,27436456
Fitri Wijaya,26,Accountant,41216791
Eka Hidayat,59,Office Administrator,28361706
Wati Setiawan,25,Software Engineer,38913425
Mega Setiawan,42,Accountant,29817118
Mega Hidayat,38,Office Administrator,31557038
Joko Firmansyah,47,Product Manager,21731468
Rina Rahayu,25,Sales Executive,13101895
Nur Setiawan,59,Customer Support,4718753
Oki Gunawan,57,Product Manager,31124834
Tono Rahayu,29,Software Engineer,10580831
Citra Santoso,41,Operations Manager,21058274
Yanto Kusuma,20,Operations Manager,38112695
Kiki Santoso,39,Software Engineer,16776787
Indra Wijaya,30,Marketing Specialist,40433537
Umar Saputra,49,Operations Manager,19334409
Zaki Wibowo,50,QA Engineer,5961505
Vina Pratama,25,Product Manager,13882948
Wati Firmansyah,30,Data Analyst,18244236
Gita Suryani,40,Office Administrator,10898327
Citra Wibowo,56,HR Staff,34037701
Budi Nugroho,59,Data Analyst,5917986
Rina Setiawan,53,QA Engineer,20075151
Putri Saputra,58,Operations Manager,39093715
Budi Nugroho,50,Customer Support,5949330
Wati Nugroho,38,Customer Support,19697134
Citra Suryani,43,UI/UX Designer,17675794
Gita Nugroho,60,Customer Support,23023096
Qori Santoso,50,Customer Support,43124023
Qori Rahayu,43,Operations Manager,22974030
Gita Saputra,18,QA Engineer,13000586
Kiki Kusuma,58,Accountant,33822714
Yanto Suryani,48,Office Administrator,35657911
Gita Pratama,41,Operations Manager,13328458
Andi Saputra,21,HR Staff,35481896
Andi Saputra,29,UI/UX Designer,12094980
Dewi Setiawan,36,Data Analyst,43305985
Gita Suryani,56,Accountant,39341963
Vina Pratama,52,QA Engineer,29781319
Hadi Suryani,20,UI/UX Designer,42551391
Fitri Hidayat,36,HR Staff,20418622
Siti Firmansyah,22,Office Administrator,28861644
Budi Hidayat,19,Product Manager,26518716
Kiki Nugroho,29,Operations Manager,27033850
Tono Gunawan,49,Office Administrator,7309943
Siti Saputra,52,Product Manager,44865300
Zaki Saputra,25,UI/UX Designer,30094694
Qori Pratama,54,Operations Manager,25127544
Fitri Setiawan,56,HR Staff,36426387
Putri Wibowo,28,QA Engineer,11738641
Yanto Rahayu,54,QA Engineer,17977832
Rina Saputra,29,Accountant,40307854
Qori Hidayat,48,Sales Executive,24439207
Yanto Nugroho,48,UI/UX Designer,28340621
Joko Saputra,36,Sales Executive,27662331
Oki Wibowo,57,Customer Support,19711169
Putri Rahayu,33,Data Analyst,16072244
Wati Kusuma,33,QA Engineer,8300313
Lestari Wijaya,44,Customer Support,23485310
Hadi Firmansyah,51,QA Engineer,38017044
Rina Wijaya,35,Accountant,14876590
Budi Rahayu,46,Customer Support,20315058
Qori Kusuma,26,QA Engineer,12418939
Budi Gunawan,29,Accountant,34339999
Tono Hidayat,49,Office Administrator,17256196
Wati Kusuma,58,Data Analyst,13149870
Budi Kusuma,34,Sales Executive,14960445
Putri Firmansyah,20,HR Staff,21381997
Kiki Wibowo,36,HR Staff,19887220
Hadi Setiawan,60,Software Engineer,13134662
Wati Wibowo,46,Product Manager,10194205
Andi Santoso,32,Office Administrator,19059627
Vina Halim,45,Data Analyst,42974835
Wati Nugroho,20,HR Staff,17986567
Qori Santoso,41,UI/UX Designer,14366482
Yanto Halim,29,UI/UX Designer,8370746
Oki Hidayat,42,Accountant,33872188
Eka Firmansyah,44,Operations Manager,22295227
Umar Pratama,34,Office Administrator,36468342
Hadi Pratama,31,Marketing Specialist,41395521
Zaki Firmansyah,27,HR Staff,36613937
Joko Rahayu,42,Accountant,5894156
Hadi Saputra,37,Marketing Specialist,16133020
Dewi Rahayu,42,Accountant,5254919
Andi Pratama,40,HR Staff,35352607
Gita Setiawan,50,Product Manager,9053201
Lestari Suryani,37,Software Engineer,32423408
Vina Nugroho,22,Operations Manager,18743909
Oki Suryani,41,QA Engineer,4187038
Vina Hidayat,22,Operations Manager,27813151
Nur Gunawan,23,UI/UX Designer,33209989
Budi Kusuma,41,Marketing Specialist,14890677
Nur Wijaya,25,Operations Manager,43571287
Qori Wibowo,32,HR Staff,13831571
Yanto Kusuma,20,Software Engineer,9909755
Fitri Hidayat,49,Operations Manager,35593624
Vina Rahayu,36,Office Administrator,39306013
Oki Halim,43,Marketing Specialist,28244881
Tono Saputra,51,Operations Manager,28274017
Mega Kusuma,21,Product Manager,37445393
Indra Suryani,56,Sales Executive,30035367
Lestari Hidayat,51,Marketing Specialist,26011187
Putri Halim,54,Office Administrator,41724004
Vina Kusuma,53,Accountant,19141793
Zaki Nugroho,41,Sales Executive,12622405
Umar Santoso,56,Operations Manager,37580872
Yanto Santoso,19,Data Analyst,5043941
Zaki Wijaya,59,QA Engineer,11672574
Rina Kusuma,51,Marketing Specialist,11808147
Tono Santoso,58,Accountant,28355242
Wati Gunawan,35,Accountant,7712206
Rina Wibowo,59,Software Engineer,4557110
Budi Firmansyah,53,Marketing Specialist,21217627
Zaki Kusuma,24,Operations Manager,20025198
Zaki Firmansyah,22,Sales Executive,43540450
Siti Kusuma,20,UI/UX Designer,40332122
Indra Kusuma,35,Customer Support,23018979
Oki Halim,25,Accountant,33053183
Mega Saputra,41,Customer Support,20475503
Putri Halim,27,Operations Manager,42673068
Joko Gunawan,52,Office Administrator,9384756
Putri Firmansyah,54,Office Administrator,12149593
Vina Hidayat,42,Data Analyst,31999762
Umar Wijaya,51,Customer Support,7974727
Eka Suryani,38,Office Administrator,27511518
Umar Wijaya,51,Sales Executive,34035207
Eka Wijaya,37,Operations Manager,44427271
Joko Kusuma,30,QA Engineer,30275207
Mega Wibowo,40,HR Staff,34993844
Indra Pratama,31,Marketing Specialist,38882655
Vina Setiawan,36,Operations Manager,40277489
Hadi Wijaya,58,Data Analyst,17311119
Oki Rahayu,41,UI/UX Designer,18648291
Fitri Santoso,35,Customer Support,22532924
Oki Hidayat,55,Accountant,34412538
Vina Hidayat,29,Office Administrator,41352121
Kiki Pratama,28,Software Engineer,23424230
Vina Firmansyah,23,Accountant,27755495
